cluster	provisional_lineage	annotation_confidence	annotation_uncertainty	total_cells	dominant_dataset	dominant_dataset_fraction	dataset_restriction	dataset_entropy_bits	marker_rows	resolved_ensembl	resolved_symbols	mean_score	median_score
0	T/NK	HIGH	LOW	9253	SC001	0.5291256889657409	LOW	1.0113604813855186	100	100	81	71.3694642	66.160362
1	T cell	HIGH	MODERATE	484	SC001	0.9710743801652892	VERY_HIGH	0.18897494431104825	100	100	81	19.021344805	17.644864
2	T cell	HIGH	LOW	12067	SC002	0.5748736222756278	LOW	1.0000735499531703	100	100	89	84.54771640999999	82.87523
3	Myeloid	HIGH	LOW	3508	SC001	0.5783922462941847	LOW	1.0292483638032626	100	100	80	49.55736594	46.123014999999995
4	Macrophage/myeloid	HIGH	LOW	5933	SC001	0.5931232091690545	LOW	1.0018159524509096	100	100	82	81.79578601	78.356705
5	Macrophage	HIGH	LOW	4357	SC001	0.9215056231351848	HIGH	0.4009170173800288	100	100	81	81.43090315	79.7877825
6	Macrophage	HIGH	MODERATE	1197	SC001	0.985797827903091	VERY_HIGH	0.10751251754891872	100	100	84	49.10695493	48.92539
7	Myeloid/APC	LOW	HIGH	1736	SC001	0.5017281105990783	LOW	1.2091309556020506	100	100	82	19.75214481	17.225719499999997
8	Ciliated epithelial	HIGH	LOW	445	SC003	0.5258426966292135	LOW	0.9980721478768326	100	100	97	25.91130318	25.545338
9	Endothelial	HIGH	LOW	3903	SC002	0.6605175506021009	MODERATE	0.9298636452603645	100	100	94	54.903737650000004	51.896427
10	Fibroblast	HIGH	LOW	2940	SC002	0.8282312925170068	HIGH	0.8508896922619693	100	100	98	49.840289510000005	47.7968075
11	Alveolar epithelial	MODERATE	MODERATE	1524	SC001	0.9973753280839897	VERY_HIGH	0.028909310417834982	100	100	96	33.45924363	31.1132345
12	Mixed epithelial/T-NK	LOW	HIGH	545	SC001	0.9926605504587156	VERY_HIGH	0.06258715718666107	100	100	80	22.080554565000003	20.692445
13	Plasma cell	HIGH	LOW	6147	SC002	0.8999511957052221	HIGH	0.47481316364751913	100	100	94	67.92224745	62.4222185
14	Cycling/proliferating	HIGH	LOW	491	SC002	0.5580448065173116	LOW	1.4358611995540342	100	100	98	23.528816189999997	22.506445
15	Ribosomal/low-information	LOW	HIGH	4679	SC002	0.6655268219705065	MODERATE	1.1935393691269591	100	100	91	38.09939863	36.588376999999994
16	Secretory epithelial/plasma-like	LOW	HIGH	525	SC001	0.8742857142857143	HIGH	0.6008173870910544	100	100	91	14.842745275	13.577904
17	Epithelial	HIGH	MODERATE	3413	SC002	0.988866100205098	VERY_HIGH	0.1023316007281208	100	100	89	63.47394597	60.3492085
18	B cell	HIGH	LOW	5711	SC002	0.6238837331465593	MODERATE	1.0045091437127525	100	100	84	72.37559405	69.162465
19	Fibroblast	HIGH	MODERATE	1315	SC002	0.9954372623574144	VERY_HIGH	0.0450128017152097	100	100	97	33.04287755	30.663311999999998
20	Mast cell	HIGH	LOW	1281	SC002	0.5394223263075723	LOW	0.9955111004858177	100	100	94	29.868909549999998	26.8232575
21	Fibroblast	HIGH	LOW	3007	SC002	0.935483870967742	HIGH	0.3544656773664432	100	100	94	66.00322139	63.5816265
22	Smooth muscle/pericyte	HIGH	LOW	1838	SC002	0.9325353645266594	HIGH	0.35639013072494435	100	100	99	40.15584104	38.5192375
23	Epithelial	HIGH	MODERATE	3179	SC002	0.9770368040264236	VERY_HIGH	0.19400588921326684	100	100	88	59.1655669	57.8845295
24	Epithelial	HIGH	MODERATE	2159	SC002	0.9773043075497916	VERY_HIGH	0.177003213838473	100	100	89	48.56763299	47.029093
25	Epithelial	HIGH	MODERATE	2590	SC002	0.9972972972972972	VERY_HIGH	0.02695168960743076	100	100	84	58.37770363	56.114433
26	Epithelial/stress	LOW	HIGH	2772	SC004	0.9256854256854256	HIGH	0.39734838333868966	100	100	95	63.095938690000004	61.91417
27	Epithelial/stress	LOW	HIGH	3414	SC004	0.8951376684241359	HIGH	0.5197403678037785	100	100	98	66.00878896	64.587077
28	Secretory/plasma-like	MODERATE	MODERATE	129	SC001	1.0	VERY_HIGH	-0.0	100	100	82	14.44338461	13.649614
29	Cycling epithelial	HIGH	MODERATE	485	SC004	0.9525773195876288	VERY_HIGH	0.31364801461714814	100	100	97	28.813184609999997	28.142218
30	Stromal/mesenchymal	LOW	HIGH	4843	SC004	0.9993805492463348	VERY_HIGH	0.007494716640229024	100	100	98	83.62920523000001	79.45394
31	Stromal/neural-like	LOW	HIGH	635	SC002	1.0	VERY_HIGH	-0.0	100	100	97	23.896704749999998	20.927475
32	Epithelial	MODERATE	MODERATE	4034	SC004	0.999008428358949	VERY_HIGH	0.01132372325753725	100	100	95	77.81055307	75.1112
33	Interferon/stress epithelial-like	LOW	HIGH	4144	SC004	0.9975868725868726	VERY_HIGH	0.024459056776883464	100	100	96	72.73252980000001	70.55159
