cluster	SC001	SC002	SC003	SC004	total	SC001_fraction	SC002_fraction	SC003_fraction	SC004_fraction
0	4896	4344	13	0	9253	0.5291256889657409	0.46946936128823086	0.001404949746028315	0.0
1	470	14	0	0	484	0.9710743801652892	0.028925619834710745	0.0	0.0
10	254	2435	8	243	2940	0.08639455782312926	0.8282312925170068	0.0027210884353741495	0.0826530612244898
11	1520	2	2	0	1524	0.9973753280839895	0.0013123359580052493	0.0013123359580052493	0.0
12	541	4	0	0	545	0.9926605504587156	0.007339449541284404	0.0	0.0
13	611	5532	4	0	6147	0.0993980803644054	0.8999511957052221	0.0006507239303725395	0.0
14	161	274	11	45	491	0.32790224032586557	0.5580448065173116	0.02240325865580448	0.09164969450101833
15	1177	3114	2	386	4679	0.2515494763838427	0.6655268219705065	0.00042744176106005556	0.08249625988459072
16	459	6	0	60	525	0.8742857142857143	0.011428571428571429	0.0	0.11428571428571428
17	25	3375	6	7	3413	0.00732493407559332	0.9888661002050981	0.0017579841781423966	0.0020509815411661296
18	2109	3563	39	0	5711	0.36928734022062687	0.6238837331465593	0.006828926632813868	0.0
19	5	1309	1	0	1315	0.0038022813688212928	0.9954372623574145	0.0007604562737642585	0.0
2	5109	6937	21	0	12067	0.4233860943067871	0.5748736222756278	0.0017402834175851496	0.0
20	590	691	0	0	1281	0.4605776736924278	0.5394223263075723	0.0	0.0
21	190	2813	4	0	3007	0.06318589956767542	0.9354838709677419	0.0013302294645826404	0.0
22	124	1714	0	0	1838	0.06746463547334058	0.9325353645266594	0.0	0.0
23	26	3106	26	21	3179	0.00817867253853413	0.9770368040264235	0.00817867253853413	0.006605850896508336
24	33	2110	16	0	2159	0.015284854099119963	0.9773043075497916	0.007410838351088467	0.0
25	0	2583	7	0	2590	0.0	0.9972972972972973	0.002702702702702703	0.0
26	200	1	5	2566	2772	0.07215007215007214	0.00036075036075036075	0.0018037518037518038	0.9256854256854257
27	339	4	15	3056	3414	0.09929701230228472	0.0011716461628588166	0.004393673110720563	0.8951376684241359
28	129	0	0	0	129	1.0	0.0	0.0	0.0
29	19	3	1	462	485	0.03917525773195876	0.006185567010309278	0.002061855670103093	0.9525773195876288
3	2029	1457	22	0	3508	0.5783922462941847	0.4153363740022805	0.006271379703534778	0.0
30	0	3	0	4840	4843	0.0	0.0006194507536650836	0.0	0.9993805492463349
31	0	635	0	0	635	0.0	1.0	0.0	0.0
32	0	0	4	4030	4034	0.0	0.0	0.0009915716410510659	0.999008428358949
33	0	0	10	4134	4144	0.0	0.0	0.002413127413127413	0.9975868725868726
4	3519	2395	19	0	5933	0.5931232091690545	0.40367436372829935	0.003202427102646216	0.0
5	4015	340	2	0	4357	0.9215056231351848	0.07803534542116135	0.0004590314436538903	0.0
6	1180	17	0	0	1197	0.985797827903091	0.014202172096908938	0.0	0.0
7	871	806	41	18	1736	0.5017281105990783	0.4642857142857143	0.023617511520737326	0.010368663594470046
8	211	0	234	0	445	0.47415730337078654	0.0	0.5258426966292135	0.0
9	1323	2578	2	0	3903	0.3389700230591852	0.6605175506021009	0.0005124263387138099	0.0
