TF	candidate_clusters	clusters	max_dataset_recurrence	mean_abs_ULM_ES	mean_ULM_ES	candidate_conservation
MYC	3	23;24;25	4	12.212800185575723	12.212800185575723	SHARED_ALL_CANDIDATE_CLUSTERS
E2F4	3	23;24;25	4	6.180286427130281	6.180286427130281	SHARED_ALL_CANDIDATE_CLUSTERS
ETS1	3	23;24;25	4	5.493289103359101	5.493289103359101	SHARED_ALL_CANDIDATE_CLUSTERS
VDR	3	23;24;25	4	5.393840394696301	5.3938403946963005	SHARED_ALL_CANDIDATE_CLUSTERS
AR	3	23;24;25	4	4.88704848070771	4.88704848070771	SHARED_ALL_CANDIDATE_CLUSTERS
EGR1	3	23;24;25	4	4.6710586470619715	4.6710586470619715	SHARED_ALL_CANDIDATE_CLUSTERS
ATF6	3	23;24;25	4	4.514981640432487	4.514981640432487	SHARED_ALL_CANDIDATE_CLUSTERS
HIF1A	3	23;24;25	4	4.005368084461747	4.005368084461747	SHARED_ALL_CANDIDATE_CLUSTERS
NFYB	3	23;24;25	4	3.7748371792130744	3.7748371792130744	SHARED_ALL_CANDIDATE_CLUSTERS
NFYA	3	23;24;25	4	3.3001123174440643	3.3001123174440643	SHARED_ALL_CANDIDATE_CLUSTERS
SRF	3	23;24;25	3	4.280076929444044	4.280076929444044	SHARED_ALL_CANDIDATE_CLUSTERS
SP1	2	23;24	3	4.423278854910473	4.423278854910473	SHARED_MULTIPLE_CANDIDATE_CLUSTERS
USF1	2	23;24	2	3.097865382592083	3.097865382592083	SHARED_MULTIPLE_CANDIDATE_CLUSTERS
MAX	2	23;24	2	3.005968858232561	3.005968858232561	SHARED_MULTIPLE_CANDIDATE_CLUSTERS
ESR2	2	23;24	2	2.8284391319932607	2.8284391319932607	SHARED_MULTIPLE_CANDIDATE_CLUSTERS
CEBPA	1	23	2	4.52275821067048	4.52275821067048	REPLICATED_WITHIN_CANDIDATE_CLUSTERS
E2F1	1	23	2	4.102503456264232	4.102503456264232	REPLICATED_WITHIN_CANDIDATE_CLUSTERS
FOS	1	23	2	3.996321377694052	3.996321377694052	REPLICATED_WITHIN_CANDIDATE_CLUSTERS
TP53	1	24	2	3.7089369692640553	3.7089369692640553	REPLICATED_WITHIN_CANDIDATE_CLUSTERS
STAT3	1	24	2	3.14040813491928	3.14040813491928	REPLICATED_WITHIN_CANDIDATE_CLUSTERS
NFE2L2	1	23	2	2.7503573901955307	2.7503573901955307	REPLICATED_WITHIN_CANDIDATE_CLUSTERS
JUN	1	24	2	2.705195440834043	2.705195440834043	REPLICATED_WITHIN_CANDIDATE_CLUSTERS
RELA	1	23	2	2.558040336301427	2.558040336301427	REPLICATED_WITHIN_CANDIDATE_CLUSTERS
ELK1	1	24	2	2.541520553302898	2.541520553302898	REPLICATED_WITHIN_CANDIDATE_CLUSTERS
USF2	1	23	2	2.3519635012227087	2.3519635012227087	REPLICATED_WITHIN_CANDIDATE_CLUSTERS
