cluster	TF	datasets_recurrent	datasets	mean_ULM_ES	mean_abs_ULM_ES	median_ULM_padj	recurrent_rule
23	MYC	4	SC001_E-MTAB-6653;SC002_E-MTAB-8410;SC003_E-GEOD-75688;SC004_E-MTAB-8559	11.8989398845471	11.8989398845471	5.0326059221706544e-26	PASS
23	E2F4	4	SC001_E-MTAB-6653;SC002_E-MTAB-8410;SC003_E-GEOD-75688;SC004_E-MTAB-8559	6.79668956654783	6.79668956654783	2.660328151347923e-10	PASS
23	ETS1	4	SC001_E-MTAB-6653;SC002_E-MTAB-8410;SC003_E-GEOD-75688;SC004_E-MTAB-8559	5.158030677516108	5.158030677516108	7.4937524914275855e-06	PASS
23	VDR	4	SC001_E-MTAB-6653;SC002_E-MTAB-8410;SC003_E-GEOD-75688;SC004_E-MTAB-8559	4.790683811491122	4.790683811491123	0.003331788208456012	PASS
23	EGR1	4	SC001_E-MTAB-6653;SC002_E-MTAB-8410;SC003_E-GEOD-75688;SC004_E-MTAB-8559	4.332055229155342	4.332055229155342	0.00014593220839737497	PASS
23	AR	4	SC001_E-MTAB-6653;SC002_E-MTAB-8410;SC003_E-GEOD-75688;SC004_E-MTAB-8559	4.032502828965535	4.032502828965535	0.022004712971920522	PASS
23	ATF6	4	SC001_E-MTAB-6653;SC002_E-MTAB-8410;SC003_E-GEOD-75688;SC004_E-MTAB-8559	3.9781461225148376	3.9781461225148376	0.007435140432789875	PASS
23	HIF1A	4	SC001_E-MTAB-6653;SC002_E-MTAB-8410;SC003_E-GEOD-75688;SC004_E-MTAB-8559	3.7356224880722118	3.7356224880722118	0.006376639765221575	PASS
23	NFYB	4	SC001_E-MTAB-6653;SC002_E-MTAB-8410;SC003_E-GEOD-75688;SC004_E-MTAB-8559	3.430096988324332	3.4300969883243324	0.017415540874935624	PASS
23	NFYA	4	SC001_E-MTAB-6653;SC002_E-MTAB-8410;SC003_E-GEOD-75688;SC004_E-MTAB-8559	2.9631147554311394	2.963114755431139	0.0837681558914482	PASS
23	SRF	3	SC002_E-MTAB-8410;SC003_E-GEOD-75688;SC004_E-MTAB-8559	4.1324632478780945	4.1324632478780945	0.00138037110446015	PASS
23	SP1	3	SC001_E-MTAB-6653;SC002_E-MTAB-8410;SC004_E-MTAB-8559	3.6756675085321366	3.6756675085321366	0.0046867248602211	PASS
23	CEBPA	2	SC003_E-GEOD-75688;SC004_E-MTAB-8559	4.52275821067048	4.52275821067048	0.0636253435181773	PASS
23	E2F1	2	SC003_E-GEOD-75688;SC004_E-MTAB-8559	4.102503456264232	4.102503456264232	0.0028007765806705364	PASS
23	FOS	2	SC003_E-GEOD-75688;SC004_E-MTAB-8559	3.996321377694052	3.996321377694052	0.09625158968464473	PASS
23	USF1	2	SC001_E-MTAB-6653;SC002_E-MTAB-8410	3.0073401597845626	3.0073401597845626	0.1377832359721651	PASS
23	MAX	2	SC001_E-MTAB-6653;SC002_E-MTAB-8410	2.79921649524148	2.79921649524148	0.05901258089579635	PASS
23	ESR2	2	SC001_E-MTAB-6653;SC002_E-MTAB-8410	2.795040826523312	2.795040826523312	0.05576751893386242	PASS
23	NFE2L2	2	SC002_E-MTAB-8410;SC004_E-MTAB-8559	2.7503573901955307	2.7503573901955307	0.04716616775840515	PASS
23	RELA	2	SC001_E-MTAB-6653;SC002_E-MTAB-8410	2.558040336301427	2.558040336301427	0.08184972405433649	PASS
23	USF2	2	SC001_E-MTAB-6653;SC002_E-MTAB-8410	2.3519635012227087	2.3519635012227087	0.21015221299603581	PASS
23	FOXA1	1	SC003_E-GEOD-75688	6.909603383682896	6.909603383682896	1.251661101153711e-10	SINGLE_DATASET
23	GATA3	1	SC003_E-GEOD-75688	5.9583259034393885	5.9583259034393885	2.0734531602784045e-07	SINGLE_DATASET
23	FOXP1	1	SC003_E-GEOD-75688	5.057963839914891	5.057963839914891	7.3745802637859015e-06	SINGLE_DATASET
23	GATA2	1	SC003_E-GEOD-75688	5.002268201012517	5.002268201012517	9.694100299384445e-06	SINGLE_DATASET
23	HNF4A	1	SC003_E-GEOD-75688	4.488410486894643	4.488410486894643	5.958343308520094e-05	SINGLE_DATASET
23	TAL1	1	SC003_E-GEOD-75688	4.477829578020273	4.477829578020273	2.9116917175997514e-05	SINGLE_DATASET
23	RUNX2	1	SC002_E-MTAB-8410	2.979462271013062	2.979462271013062	0.012014281935989801	SINGLE_DATASET
23	ELK1	1	SC002_E-MTAB-8410	2.7843113766849994	2.7843113766849994	0.04808345623314375	SINGLE_DATASET
23	TBP	1	SC004_E-MTAB-8559	2.7464232806239917	2.7464232806239917	0.0082917921245098	SINGLE_DATASET
23	BACH1	1	SC004_E-MTAB-8559	2.612555458066352	2.612555458066352	0.093275137245655	SINGLE_DATASET
23	TP53	1	SC001_E-MTAB-6653	2.261973422086807	2.261973422086807	0.2155399695038795	SINGLE_DATASET
23	EPAS1	1	SC004_E-MTAB-8559	2.1507504644032145	2.1507504644032145	0.1378088742494583	SINGLE_DATASET
23	SNAI1	1	SC004_E-MTAB-8559	2.045988352002806	2.045988352002806	0.1041207984089851	SINGLE_DATASET
23	NFKB1	1	SC001_E-MTAB-6653	2.0366578165773754	2.0366578165773754	0.16963014751672745	SINGLE_DATASET
23	NR2C2	1	SC001_E-MTAB-6653	1.8247189430182462	1.8247189430182462	0.3940261900424957	SINGLE_DATASET
23	STAT3	1	SC001_E-MTAB-6653	1.7848765483452405	1.7848765483452405	0.5357220470905304	SINGLE_DATASET
24	MYC	3	SC001_E-MTAB-6653;SC002_E-MTAB-8410;SC003_E-GEOD-75688	12.306142458824516	12.306142458824517	1.5801216233015296e-30	PASS
24	ETS1	3	SC001_E-MTAB-6653;SC002_E-MTAB-8410;SC003_E-GEOD-75688	5.700680831946694	5.700680831946694	3.3731840431983073e-08	PASS
24	E2F4	3	SC001_E-MTAB-6653;SC002_E-MTAB-8410;SC003_E-GEOD-75688	5.6428152207232465	5.6428152207232465	5.667461891789571e-06	PASS
24	VDR	3	SC001_E-MTAB-6653;SC002_E-MTAB-8410;SC003_E-GEOD-75688	5.575306329180436	5.575306329180436	1.7388617834512845e-07	PASS
24	EGR1	3	SC001_E-MTAB-6653;SC002_E-MTAB-8410;SC003_E-GEOD-75688	4.902873971958839	4.902873971958839	1.1826555237348655e-06	PASS
24	AR	3	SC001_E-MTAB-6653;SC002_E-MTAB-8410;SC003_E-GEOD-75688	4.514437788563348	4.514437788563348	0.0001516972988611	PASS
24	SRF	3	SC001_E-MTAB-6653;SC002_E-MTAB-8410;SC003_E-GEOD-75688	4.411702102429737	4.411702102429737	0.00461798394098875	PASS
24	HIF1A	3	SC001_E-MTAB-6653;SC002_E-MTAB-8410;SC003_E-GEOD-75688	4.277317162963434	4.277317162963434	9.39083911362104e-05	PASS
24	NFYB	3	SC001_E-MTAB-6653;SC002_E-MTAB-8410;SC003_E-GEOD-75688	3.935616198115349	3.935616198115349	0.0006925886846147	PASS
24	NFYA	3	SC001_E-MTAB-6653;SC002_E-MTAB-8410;SC003_E-GEOD-75688	3.548619038314484	3.548619038314484	0.005661909468472	PASS
24	SP1	2	SC001_E-MTAB-6653;SC002_E-MTAB-8410	5.17089020128881	5.17089020128881	3.66060459562334e-05	PASS
24	ATF6	2	SC001_E-MTAB-6653;SC003_E-GEOD-75688	4.24268335757052	4.24268335757052	0.0050524849389858755	PASS
24	TP53	2	SC001_E-MTAB-6653;SC002_E-MTAB-8410	3.7089369692640553	3.7089369692640553	0.01422514468686127	PASS
24	MAX	2	SC001_E-MTAB-6653;SC002_E-MTAB-8410	3.2127212212236422	3.2127212212236422	0.017400245997123375	PASS
24	USF1	2	SC001_E-MTAB-6653;SC002_E-MTAB-8410	3.1883906053996034	3.1883906053996034	0.01347697910387065	PASS
24	STAT3	2	SC001_E-MTAB-6653;SC002_E-MTAB-8410	3.14040813491928	3.14040813491928	0.0610929375980049	PASS
24	ESR2	2	SC001_E-MTAB-6653;SC002_E-MTAB-8410	2.861837437463209	2.861837437463209	0.05250683194026345	PASS
24	JUN	2	SC001_E-MTAB-6653;SC002_E-MTAB-8410	2.705195440834043	2.705195440834043	0.060728388838469954	PASS
24	ELK1	2	SC001_E-MTAB-6653;SC002_E-MTAB-8410	2.541520553302898	2.541520553302898	0.10996619984507558	PASS
24	FOXA1	1	SC003_E-GEOD-75688	7.0718010415208585	7.0718010415208585	2.3730734044491436e-10	SINGLE_DATASET
24	FOS	1	SC003_E-GEOD-75688	5.7234488053555985	5.7234488053555985	8.200874290764659e-08	SINGLE_DATASET
24	GATA2	1	SC003_E-GEOD-75688	5.7171784999520625	5.7171784999520625	5.41223634797916e-07	SINGLE_DATASET
24	GATA3	1	SC003_E-GEOD-75688	5.692236830527654	5.692236830527654	5.392883224430989e-07	SINGLE_DATASET
24	MITF	1	SC003_E-GEOD-75688	5.236748328675983	5.236748328675983	3.158576987516426e-06	SINGLE_DATASET
24	CEBPA	1	SC003_E-GEOD-75688	5.142527361231124	5.142527361231124	3.015043603227241e-06	SINGLE_DATASET
24	FOXP1	1	SC003_E-GEOD-75688	5.047802867379376	5.047802867379376	4.693280516221421e-06	SINGLE_DATASET
24	HNF4A	1	SC003_E-GEOD-75688	4.703751337407578	4.703751337407578	2.0405405848578084e-05	SINGLE_DATASET
24	TAL1	1	SC003_E-GEOD-75688	4.334027220623772	4.334027220623772	6.262563692871481e-05	SINGLE_DATASET
24	STAT4	1	SC002_E-MTAB-8410	2.796396238147941	2.796396238147941	0.02965237945318215	SINGLE_DATASET
24	RUNX2	1	SC001_E-MTAB-6653	2.7331140166083023	2.7331140166083023	0.0238190554082393	SINGLE_DATASET
24	USF2	1	SC002_E-MTAB-8410	2.1595749274380887	2.1595749274380887	0.1463018506765365	SINGLE_DATASET
25	MYC	2	SC002_E-MTAB-8410;SC003_E-GEOD-75688	12.433318213355555	12.433318213355555	1.591339584030084e-32	PASS
25	AR	2	SC002_E-MTAB-8410;SC003_E-GEOD-75688	6.114204824594247	6.114204824594247	5.6870962772404e-08	PASS
25	E2F4	2	SC002_E-MTAB-8410;SC003_E-GEOD-75688	6.101354494119766	6.101354494119766	1.97466327549016e-06	PASS
25	VDR	2	SC002_E-MTAB-8410;SC003_E-GEOD-75688	5.8155310434173435	5.8155310434173435	2.3939533701743125e-06	PASS
25	ETS1	2	SC002_E-MTAB-8410;SC003_E-GEOD-75688	5.621155800614503	5.621155800614503	2.4135951342429962e-05	PASS
25	ATF6	2	SC002_E-MTAB-8410;SC003_E-GEOD-75688	5.324115441212104	5.324115441212104	0.006038928362508092	PASS
25	EGR1	2	SC002_E-MTAB-8410;SC003_E-GEOD-75688	4.778246740071731	4.778246740071731	0.0013961334652776705	PASS
25	SRF	2	SC002_E-MTAB-8410;SC003_E-GEOD-75688	4.296065438024298	4.296065438024298	0.00017053809278869998	PASS
25	HIF1A	2	SC002_E-MTAB-8410;SC003_E-GEOD-75688	4.003164602349594	4.003164602349594	0.008897630219507843	PASS
25	NFYB	2	SC002_E-MTAB-8410;SC003_E-GEOD-75688	3.958798351199542	3.958798351199542	0.0015525493654422	PASS
25	NFYA	2	SC002_E-MTAB-8410;SC003_E-GEOD-75688	3.3886031585865686	3.3886031585865686	0.010446383384987651	PASS
25	FOXA1	1	SC003_E-GEOD-75688	5.981612918625037	5.981612918625037	1.363012245292339e-07	SINGLE_DATASET
25	CEBPA	1	SC003_E-GEOD-75688	5.339295443739615	5.339295443739615	1.534613511466887e-05	SINGLE_DATASET
25	GATA3	1	SC003_E-GEOD-75688	5.2096206462460275	5.2096206462460275	9.141132068180012e-06	SINGLE_DATASET
25	FOS	1	SC003_E-GEOD-75688	4.5824366830338645	4.5824366830338645	3.391760037629865e-05	SINGLE_DATASET
25	USF1	1	SC002_E-MTAB-8410	4.499607131222586	4.499607131222586	0.0003002370940521	SINGLE_DATASET
25	SP1	1	SC002_E-MTAB-8410	4.405725642781145	4.405725642781145	0.0001802680490072	SINGLE_DATASET
25	HNF4A	1	SC003_E-GEOD-75688	4.365008250684378	4.365008250684378	2.551424768171273e-05	SINGLE_DATASET
25	ESR1	1	SC003_E-GEOD-75688	4.182674389152005	4.182674389152005	5.208235961617902e-05	SINGLE_DATASET
25	USF2	1	SC002_E-MTAB-8410	4.034874425316231	4.034874425316231	0.0015953097026795	SINGLE_DATASET
25	MAX	1	SC002_E-MTAB-8410	3.947884119488176	3.947884119488176	0.0008805124671198	SINGLE_DATASET
25	RUNX2	1	SC002_E-MTAB-8410	3.927872346989689	3.927872346989689	0.0008180944132618	SINGLE_DATASET
25	E2F1	1	SC003_E-GEOD-75688	3.835894453022584	3.835894453022584	0.0010140951490029	SINGLE_DATASET
25	MITF	1	SC003_E-GEOD-75688	3.7907617458809364	3.7907617458809364	8.442238322459161e-05	SINGLE_DATASET
25	GATA2	1	SC003_E-GEOD-75688	3.7229707058891877	3.7229707058891877	5.2224491810193285e-05	SINGLE_DATASET
25	ATF2	1	SC002_E-MTAB-8410	3.45507275227134	3.45507275227134	0.0045417323708534	SINGLE_DATASET
25	ELK1	1	SC002_E-MTAB-8410	3.3820238379135548	3.3820238379135548	0.0057087545283138	SINGLE_DATASET
25	ESR2	1	SC002_E-MTAB-8410	3.165805039810817	3.165805039810817	0.0284512042999267	SINGLE_DATASET
25	RELB	1	SC002_E-MTAB-8410	3.1231948723705116	3.1231948723705116	0.0149916652590036	SINGLE_DATASET
