dataset	TF_set	n_cluster_TF_pairs	n_unique_TFs	pearson_r	spearman_rho	median_abs_delta	mean_abs_delta
SC001_E-MTAB-6653	ALL_SHARED_TF	4379	151	0.9237104944441533	0.8636502368557317	0.276242868011983	0.4997556592307419
SC001_E-MTAB-6653	RECURRENT_TF	2668	92	0.9464569552090532	0.9182637674971782	0.2681655908961834	0.46790426650070893
SC001_E-MTAB-6653	CANDIDATE_TF	1247	43	0.9611205210694026	0.9274603226036104	0.2688615246223538	0.4673449895937385
SC002_E-MTAB-8410	ALL_SHARED_TF	4530	151	0.9163695415358788	0.8556497964821197	0.292313769771515	0.5468418933412098
SC002_E-MTAB-8410	RECURRENT_TF	2760	92	0.944165749167731	0.9142961450189226	0.27511569435956496	0.49444653077173395
SC002_E-MTAB-8410	CANDIDATE_TF	1290	43	0.9590467912178255	0.9227402964914725	0.27889911001546985	0.48485979937237933
SC003_E-GEOD-75688	ALL_SHARED_TF	3775	151	0.8827083357890855	0.8196598985038799	0.5592591670067468	0.9529123461018264
SC003_E-GEOD-75688	RECURRENT_TF	2300	92	0.9093155700918604	0.8647375958655764	0.5484422734554549	0.9059102958118053
SC003_E-GEOD-75688	CANDIDATE_TF	1075	43	0.9486459973235183	0.9244612080311309	0.4288906929142229	0.6756490511283237
SC004_E-MTAB-8559	ALL_SHARED_TF	1963	151	0.91347535038927	0.8490215501726796	0.3439546696679318	0.6252479607671386
SC004_E-MTAB-8559	RECURRENT_TF	1196	92	0.9401068227711115	0.9041807300187468	0.30703139029416054	0.5687130789540309
SC004_E-MTAB-8559	CANDIDATE_TF	559	43	0.9593180047447177	0.9060107746716898	0.3143405537748682	0.5162244382062714
