dataset_id	individual	cluster	cells	individual_total_cells	fraction_within_individual
SC001	38b	0	0	0	
SC001	38b	1	0	0	
SC001	38b	10	0	0	
SC001	38b	11	0	0	
SC001	38b	12	0	0	
SC001	38b	13	0	0	
SC001	38b	14	0	0	
SC001	38b	15	0	0	
SC001	38b	16	0	0	
SC001	38b	17	0	0	
SC001	38b	18	0	0	
SC001	38b	19	0	0	
SC001	38b	2	0	0	
SC001	38b	20	0	0	
SC001	38b	21	0	0	
SC001	38b	22	0	0	
SC001	38b	23	0	0	
SC001	38b	24	0	0	
SC001	38b	25	0	0	
SC001	38b	26	0	0	
SC001	38b	27	0	0	
SC001	38b	28	0	0	
SC001	38b	29	0	0	
SC001	38b	3	0	0	
SC001	38b	30	0	0	
SC001	38b	31	0	0	
SC001	38b	32	0	0	
SC001	38b	33	0	0	
SC001	38b	4	0	0	
SC001	38b	5	0	0	
SC001	38b	6	0	0	
SC001	38b	7	0	0	
SC001	38b	8	0	0	
SC001	38b	9	0	0	
SC001	59	0	0	0	
SC001	59	1	0	0	
SC001	59	10	0	0	
SC001	59	11	0	0	
SC001	59	12	0	0	
SC001	59	13	0	0	
SC001	59	14	0	0	
SC001	59	15	0	0	
SC001	59	16	0	0	
SC001	59	17	0	0	
SC001	59	18	0	0	
SC001	59	19	0	0	
SC001	59	2	0	0	
SC001	59	20	0	0	
SC001	59	21	0	0	
SC001	59	22	0	0	
SC001	59	23	0	0	
SC001	59	24	0	0	
SC001	59	25	0	0	
SC001	59	26	0	0	
SC001	59	27	0	0	
SC001	59	28	0	0	
SC001	59	29	0	0	
SC001	59	3	0	0	
SC001	59	30	0	0	
SC001	59	31	0	0	
SC001	59	32	0	0	
SC001	59	33	0	0	
SC001	59	4	0	0	
SC001	59	5	0	0	
SC001	59	6	0	0	
SC001	59	7	0	0	
SC001	59	8	0	0	
SC001	59	9	0	0	
SC001	6	0	2013	11221	0.17939577577755994
SC001	6	1	6	11221	0.0005347117012743962
SC001	6	10	128	11221	0.011407182960520453
SC001	6	11	426	11221	0.037964530790482134
SC001	6	12	522	11221	0.04651991801087247
SC001	6	13	340	11221	0.030300329738882453
SC001	6	14	81	11221	0.007218607967204349
SC001	6	15	76	11221	0.0067730148828090185
SC001	6	16	448	11221	0.039925140361821584
SC001	6	17	3	11221	0.0002673558506371981
SC001	6	18	1501	11221	0.1337670439354781
SC001	6	19	4	11221	0.00035647446751626416
SC001	6	2	2529	11221	0.225380982087158
SC001	6	20	159	11221	0.0141698600837715
SC001	6	21	110	11221	0.009803047856697264
SC001	6	22	58	11221	0.00516887977898583
SC001	6	23	11	11221	0.0009803047856697263
SC001	6	24	0	11221	0.0
SC001	6	25	0	11221	0.0
SC001	6	26	199	11221	0.017734604758934142
SC001	6	27	4	11221	0.00035647446751626416
SC001	6	28	129	11221	0.01149630157739952
SC001	6	29	19	11221	0.0016932537207022546
SC001	6	3	570	11221	0.05079761162106764
SC001	6	30	0	11221	0.0
SC001	6	31	0	11221	0.0
SC001	6	32	0	11221	0.0
SC001	6	33	0	11221	0.0
SC001	6	4	251	11221	0.022368772836645574
SC001	6	5	163	11221	0.014526334551287764
SC001	6	6	283	11221	0.02522056857677569
SC001	6	7	282	11221	0.02513144995989662
SC001	6	8	50	11221	0.004455930843953302
SC001	6	9	856	11221	0.07628553604848053
SC001	7	0	1254	6350	0.19748031496062993
SC001	7	1	450	6350	0.07086614173228346
SC001	7	10	16	6350	0.0025196850393700786
SC001	7	11	296	6350	0.046614173228346455
SC001	7	12	5	6350	0.0007874015748031496
SC001	7	13	140	6350	0.02204724409448819
SC001	7	14	7	6350	0.0011023622047244095
SC001	7	15	954	6350	0.15023622047244095
SC001	7	16	10	6350	0.0015748031496062992
SC001	7	17	1	6350	0.00015748031496062991
SC001	7	18	485	6350	0.07637795275590552
SC001	7	19	1	6350	0.00015748031496062991
SC001	7	2	520	6350	0.08188976377952756
SC001	7	20	165	6350	0.025984251968503937
SC001	7	21	23	6350	0.0036220472440944883
SC001	7	22	31	6350	0.004881889763779528
SC001	7	23	8	6350	0.0012598425196850393
SC001	7	24	0	6350	0.0
SC001	7	25	0	6350	0.0
SC001	7	26	0	6350	0.0
SC001	7	27	262	6350	0.041259842519685036
SC001	7	28	0	6350	0.0
SC001	7	29	0	6350	0.0
SC001	7	3	242	6350	0.03811023622047244
SC001	7	30	0	6350	0.0
SC001	7	31	0	6350	0.0
SC001	7	32	0	6350	0.0
SC001	7	33	0	6350	0.0
SC001	7	4	168	6350	0.026456692913385826
SC001	7	5	79	6350	0.012440944881889763
SC001	7	6	879	6350	0.1384251968503937
SC001	7	7	88	6350	0.013858267716535434
SC001	7	8	125	6350	0.01968503937007874
SC001	7	9	141	6350	0.022204724409448817
SC001	74-1	0	0	0	
SC001	74-1	1	0	0	
SC001	74-1	10	0	0	
SC001	74-1	11	0	0	
SC001	74-1	12	0	0	
SC001	74-1	13	0	0	
SC001	74-1	14	0	0	
SC001	74-1	15	0	0	
SC001	74-1	16	0	0	
SC001	74-1	17	0	0	
SC001	74-1	18	0	0	
SC001	74-1	19	0	0	
SC001	74-1	2	0	0	
SC001	74-1	20	0	0	
SC001	74-1	21	0	0	
SC001	74-1	22	0	0	
SC001	74-1	23	0	0	
SC001	74-1	24	0	0	
SC001	74-1	25	0	0	
SC001	74-1	26	0	0	
SC001	74-1	27	0	0	
SC001	74-1	28	0	0	
SC001	74-1	29	0	0	
SC001	74-1	3	0	0	
SC001	74-1	30	0	0	
SC001	74-1	31	0	0	
SC001	74-1	32	0	0	
SC001	74-1	33	0	0	
SC001	74-1	4	0	0	
SC001	74-1	5	0	0	
SC001	74-1	6	0	0	
SC001	74-1	7	0	0	
SC001	74-1	8	0	0	
SC001	74-1	9	0	0	
SC001	79	0	0	0	
SC001	79	1	0	0	
SC001	79	10	0	0	
SC001	79	11	0	0	
SC001	79	12	0	0	
SC001	79	13	0	0	
SC001	79	14	0	0	
SC001	79	15	0	0	
SC001	79	16	0	0	
SC001	79	17	0	0	
SC001	79	18	0	0	
SC001	79	19	0	0	
SC001	79	2	0	0	
SC001	79	20	0	0	
SC001	79	21	0	0	
SC001	79	22	0	0	
SC001	79	23	0	0	
SC001	79	24	0	0	
SC001	79	25	0	0	
SC001	79	26	0	0	
SC001	79	27	0	0	
SC001	79	28	0	0	
SC001	79	29	0	0	
SC001	79	3	0	0	
SC001	79	30	0	0	
SC001	79	31	0	0	
SC001	79	32	0	0	
SC001	79	33	0	0	
SC001	79	4	0	0	
SC001	79	5	0	0	
SC001	79	6	0	0	
SC001	79	7	0	0	
SC001	79	8	0	0	
SC001	79	9	0	0	
SC001	8	0	1629	14564	0.11185113979675913
SC001	8	1	14	14564	0.0009612743751716561
SC001	8	10	110	14564	0.0075528700906344415
SC001	8	11	798	14564	0.0547926393847844
SC001	8	12	14	14564	0.0009612743751716561
SC001	8	13	131	14564	0.008994781653391926
SC001	8	14	73	14564	0.005012359241966493
SC001	8	15	147	14564	0.01009338093930239
SC001	8	16	1	14564	6.866245536940401e-05
SC001	8	17	21	14564	0.0014419115627574842
SC001	8	18	123	14564	0.008445482010436694
SC001	8	19	0	14564	0.0
SC001	8	2	2060	14564	0.14144465806097226
SC001	8	20	266	14564	0.018264213128261465
SC001	8	21	57	14564	0.003913759956056029
SC001	8	22	35	14564	0.0024031859379291406
SC001	8	23	7	14564	0.00048063718758582807
SC001	8	24	33	14564	0.0022658610271903325
SC001	8	25	0	14564	0.0
SC001	8	26	1	14564	6.866245536940401e-05
SC001	8	27	73	14564	0.005012359241966493
SC001	8	28	0	14564	0.0
SC001	8	29	0	14564	0.0
SC001	8	3	1217	14564	0.08356220818456468
SC001	8	30	0	14564	0.0
SC001	8	31	0	14564	0.0
SC001	8	32	0	14564	0.0
SC001	8	33	0	14564	0.0
SC001	8	4	3100	14564	0.21285361164515243
SC001	8	5	3773	14564	0.2590634441087613
SC001	8	6	18	14564	0.0012359241966492722
SC001	8	7	501	14564	0.03439989014007141
SC001	8	8	36	14564	0.0024718483932985444
SC001	8	9	326	14564	0.02238396045042571
SC001	BC01	0	0	0	
SC001	BC01	1	0	0	
SC001	BC01	10	0	0	
SC001	BC01	11	0	0	
SC001	BC01	12	0	0	
SC001	BC01	13	0	0	
SC001	BC01	14	0	0	
SC001	BC01	15	0	0	
SC001	BC01	16	0	0	
SC001	BC01	17	0	0	
SC001	BC01	18	0	0	
SC001	BC01	19	0	0	
SC001	BC01	2	0	0	
SC001	BC01	20	0	0	
SC001	BC01	21	0	0	
SC001	BC01	22	0	0	
SC001	BC01	23	0	0	
SC001	BC01	24	0	0	
SC001	BC01	25	0	0	
SC001	BC01	26	0	0	
SC001	BC01	27	0	0	
SC001	BC01	28	0	0	
SC001	BC01	29	0	0	
SC001	BC01	3	0	0	
SC001	BC01	30	0	0	
SC001	BC01	31	0	0	
SC001	BC01	32	0	0	
SC001	BC01	33	0	0	
SC001	BC01	4	0	0	
SC001	BC01	5	0	0	
SC001	BC01	6	0	0	
SC001	BC01	7	0	0	
SC001	BC01	8	0	0	
SC001	BC01	9	0	0	
SC001	BC02	0	0	0	
SC001	BC02	1	0	0	
SC001	BC02	10	0	0	
SC001	BC02	11	0	0	
SC001	BC02	12	0	0	
SC001	BC02	13	0	0	
SC001	BC02	14	0	0	
SC001	BC02	15	0	0	
SC001	BC02	16	0	0	
SC001	BC02	17	0	0	
SC001	BC02	18	0	0	
SC001	BC02	19	0	0	
SC001	BC02	2	0	0	
SC001	BC02	20	0	0	
SC001	BC02	21	0	0	
SC001	BC02	22	0	0	
SC001	BC02	23	0	0	
SC001	BC02	24	0	0	
SC001	BC02	25	0	0	
SC001	BC02	26	0	0	
SC001	BC02	27	0	0	
SC001	BC02	28	0	0	
SC001	BC02	29	0	0	
SC001	BC02	3	0	0	
SC001	BC02	30	0	0	
SC001	BC02	31	0	0	
SC001	BC02	32	0	0	
SC001	BC02	33	0	0	
SC001	BC02	4	0	0	
SC001	BC02	5	0	0	
SC001	BC02	6	0	0	
SC001	BC02	7	0	0	
SC001	BC02	8	0	0	
SC001	BC02	9	0	0	
SC001	BC03	0	0	0	
SC001	BC03	1	0	0	
SC001	BC03	10	0	0	
SC001	BC03	11	0	0	
SC001	BC03	12	0	0	
SC001	BC03	13	0	0	
SC001	BC03	14	0	0	
SC001	BC03	15	0	0	
SC001	BC03	16	0	0	
SC001	BC03	17	0	0	
SC001	BC03	18	0	0	
SC001	BC03	19	0	0	
SC001	BC03	2	0	0	
SC001	BC03	20	0	0	
SC001	BC03	21	0	0	
SC001	BC03	22	0	0	
SC001	BC03	23	0	0	
SC001	BC03	24	0	0	
SC001	BC03	25	0	0	
SC001	BC03	26	0	0	
SC001	BC03	27	0	0	
SC001	BC03	28	0	0	
SC001	BC03	29	0	0	
SC001	BC03	3	0	0	
SC001	BC03	30	0	0	
SC001	BC03	31	0	0	
SC001	BC03	32	0	0	
SC001	BC03	33	0	0	
SC001	BC03	4	0	0	
SC001	BC03	5	0	0	
SC001	BC03	6	0	0	
SC001	BC03	7	0	0	
SC001	BC03	8	0	0	
SC001	BC03	9	0	0	
SC001	BC03LN	0	0	0	
SC001	BC03LN	1	0	0	
SC001	BC03LN	10	0	0	
SC001	BC03LN	11	0	0	
SC001	BC03LN	12	0	0	
SC001	BC03LN	13	0	0	
SC001	BC03LN	14	0	0	
SC001	BC03LN	15	0	0	
SC001	BC03LN	16	0	0	
SC001	BC03LN	17	0	0	
SC001	BC03LN	18	0	0	
SC001	BC03LN	19	0	0	
SC001	BC03LN	2	0	0	
SC001	BC03LN	20	0	0	
SC001	BC03LN	21	0	0	
SC001	BC03LN	22	0	0	
SC001	BC03LN	23	0	0	
SC001	BC03LN	24	0	0	
SC001	BC03LN	25	0	0	
SC001	BC03LN	26	0	0	
SC001	BC03LN	27	0	0	
SC001	BC03LN	28	0	0	
SC001	BC03LN	29	0	0	
SC001	BC03LN	3	0	0	
SC001	BC03LN	30	0	0	
SC001	BC03LN	31	0	0	
SC001	BC03LN	32	0	0	
SC001	BC03LN	33	0	0	
SC001	BC03LN	4	0	0	
SC001	BC03LN	5	0	0	
SC001	BC03LN	6	0	0	
SC001	BC03LN	7	0	0	
SC001	BC03LN	8	0	0	
SC001	BC03LN	9	0	0	
SC001	BC04	0	0	0	
SC001	BC04	1	0	0	
SC001	BC04	10	0	0	
SC001	BC04	11	0	0	
SC001	BC04	12	0	0	
SC001	BC04	13	0	0	
SC001	BC04	14	0	0	
SC001	BC04	15	0	0	
SC001	BC04	16	0	0	
SC001	BC04	17	0	0	
SC001	BC04	18	0	0	
SC001	BC04	19	0	0	
SC001	BC04	2	0	0	
SC001	BC04	20	0	0	
SC001	BC04	21	0	0	
SC001	BC04	22	0	0	
SC001	BC04	23	0	0	
SC001	BC04	24	0	0	
SC001	BC04	25	0	0	
SC001	BC04	26	0	0	
SC001	BC04	27	0	0	
SC001	BC04	28	0	0	
SC001	BC04	29	0	0	
SC001	BC04	3	0	0	
SC001	BC04	30	0	0	
SC001	BC04	31	0	0	
SC001	BC04	32	0	0	
SC001	BC04	33	0	0	
SC001	BC04	4	0	0	
SC001	BC04	5	0	0	
SC001	BC04	6	0	0	
SC001	BC04	7	0	0	
SC001	BC04	8	0	0	
SC001	BC04	9	0	0	
SC001	BC05	0	0	0	
SC001	BC05	1	0	0	
SC001	BC05	10	0	0	
SC001	BC05	11	0	0	
SC001	BC05	12	0	0	
SC001	BC05	13	0	0	
SC001	BC05	14	0	0	
SC001	BC05	15	0	0	
SC001	BC05	16	0	0	
SC001	BC05	17	0	0	
SC001	BC05	18	0	0	
SC001	BC05	19	0	0	
SC001	BC05	2	0	0	
SC001	BC05	20	0	0	
SC001	BC05	21	0	0	
SC001	BC05	22	0	0	
SC001	BC05	23	0	0	
SC001	BC05	24	0	0	
SC001	BC05	25	0	0	
SC001	BC05	26	0	0	
SC001	BC05	27	0	0	
SC001	BC05	28	0	0	
SC001	BC05	29	0	0	
SC001	BC05	3	0	0	
SC001	BC05	30	0	0	
SC001	BC05	31	0	0	
SC001	BC05	32	0	0	
SC001	BC05	33	0	0	
SC001	BC05	4	0	0	
SC001	BC05	5	0	0	
SC001	BC05	6	0	0	
SC001	BC05	7	0	0	
SC001	BC05	8	0	0	
SC001	BC05	9	0	0	
SC001	BC06	0	0	0	
SC001	BC06	1	0	0	
SC001	BC06	10	0	0	
SC001	BC06	11	0	0	
SC001	BC06	12	0	0	
SC001	BC06	13	0	0	
SC001	BC06	14	0	0	
SC001	BC06	15	0	0	
SC001	BC06	16	0	0	
SC001	BC06	17	0	0	
SC001	BC06	18	0	0	
SC001	BC06	19	0	0	
SC001	BC06	2	0	0	
SC001	BC06	20	0	0	
SC001	BC06	21	0	0	
SC001	BC06	22	0	0	
SC001	BC06	23	0	0	
SC001	BC06	24	0	0	
SC001	BC06	25	0	0	
SC001	BC06	26	0	0	
SC001	BC06	27	0	0	
SC001	BC06	28	0	0	
SC001	BC06	29	0	0	
SC001	BC06	3	0	0	
SC001	BC06	30	0	0	
SC001	BC06	31	0	0	
SC001	BC06	32	0	0	
SC001	BC06	33	0	0	
SC001	BC06	4	0	0	
SC001	BC06	5	0	0	
SC001	BC06	6	0	0	
SC001	BC06	7	0	0	
SC001	BC06	8	0	0	
SC001	BC06	9	0	0	
SC001	BC07	0	0	0	
SC001	BC07	1	0	0	
SC001	BC07	10	0	0	
SC001	BC07	11	0	0	
SC001	BC07	12	0	0	
SC001	BC07	13	0	0	
SC001	BC07	14	0	0	
SC001	BC07	15	0	0	
SC001	BC07	16	0	0	
SC001	BC07	17	0	0	
SC001	BC07	18	0	0	
SC001	BC07	19	0	0	
SC001	BC07	2	0	0	
SC001	BC07	20	0	0	
SC001	BC07	21	0	0	
SC001	BC07	22	0	0	
SC001	BC07	23	0	0	
SC001	BC07	24	0	0	
SC001	BC07	25	0	0	
SC001	BC07	26	0	0	
SC001	BC07	27	0	0	
SC001	BC07	28	0	0	
SC001	BC07	29	0	0	
SC001	BC07	3	0	0	
SC001	BC07	30	0	0	
SC001	BC07	31	0	0	
SC001	BC07	32	0	0	
SC001	BC07	33	0	0	
SC001	BC07	4	0	0	
SC001	BC07	5	0	0	
SC001	BC07	6	0	0	
SC001	BC07	7	0	0	
SC001	BC07	8	0	0	
SC001	BC07	9	0	0	
SC001	BC07LN	0	0	0	
SC001	BC07LN	1	0	0	
SC001	BC07LN	10	0	0	
SC001	BC07LN	11	0	0	
SC001	BC07LN	12	0	0	
SC001	BC07LN	13	0	0	
SC001	BC07LN	14	0	0	
SC001	BC07LN	15	0	0	
SC001	BC07LN	16	0	0	
SC001	BC07LN	17	0	0	
SC001	BC07LN	18	0	0	
SC001	BC07LN	19	0	0	
SC001	BC07LN	2	0	0	
SC001	BC07LN	20	0	0	
SC001	BC07LN	21	0	0	
SC001	BC07LN	22	0	0	
SC001	BC07LN	23	0	0	
SC001	BC07LN	24	0	0	
SC001	BC07LN	25	0	0	
SC001	BC07LN	26	0	0	
SC001	BC07LN	27	0	0	
SC001	BC07LN	28	0	0	
SC001	BC07LN	29	0	0	
SC001	BC07LN	3	0	0	
SC001	BC07LN	30	0	0	
SC001	BC07LN	31	0	0	
SC001	BC07LN	32	0	0	
SC001	BC07LN	33	0	0	
SC001	BC07LN	4	0	0	
SC001	BC07LN	5	0	0	
SC001	BC07LN	6	0	0	
SC001	BC07LN	7	0	0	
SC001	BC07LN	8	0	0	
SC001	BC07LN	9	0	0	
SC001	BC08	0	0	0	
SC001	BC08	1	0	0	
SC001	BC08	10	0	0	
SC001	BC08	11	0	0	
SC001	BC08	12	0	0	
SC001	BC08	13	0	0	
SC001	BC08	14	0	0	
SC001	BC08	15	0	0	
SC001	BC08	16	0	0	
SC001	BC08	17	0	0	
SC001	BC08	18	0	0	
SC001	BC08	19	0	0	
SC001	BC08	2	0	0	
SC001	BC08	20	0	0	
SC001	BC08	21	0	0	
SC001	BC08	22	0	0	
SC001	BC08	23	0	0	
SC001	BC08	24	0	0	
SC001	BC08	25	0	0	
SC001	BC08	26	0	0	
SC001	BC08	27	0	0	
SC001	BC08	28	0	0	
SC001	BC08	29	0	0	
SC001	BC08	3	0	0	
SC001	BC08	30	0	0	
SC001	BC08	31	0	0	
SC001	BC08	32	0	0	
SC001	BC08	33	0	0	
SC001	BC08	4	0	0	
SC001	BC08	5	0	0	
SC001	BC08	6	0	0	
SC001	BC08	7	0	0	
SC001	BC08	8	0	0	
SC001	BC08	9	0	0	
SC001	BC09	0	0	0	
SC001	BC09	1	0	0	
SC001	BC09	10	0	0	
SC001	BC09	11	0	0	
SC001	BC09	12	0	0	
SC001	BC09	13	0	0	
SC001	BC09	14	0	0	
SC001	BC09	15	0	0	
SC001	BC09	16	0	0	
SC001	BC09	17	0	0	
SC001	BC09	18	0	0	
SC001	BC09	19	0	0	
SC001	BC09	2	0	0	
SC001	BC09	20	0	0	
SC001	BC09	21	0	0	
SC001	BC09	22	0	0	
SC001	BC09	23	0	0	
SC001	BC09	24	0	0	
SC001	BC09	25	0	0	
SC001	BC09	26	0	0	
SC001	BC09	27	0	0	
SC001	BC09	28	0	0	
SC001	BC09	29	0	0	
SC001	BC09	3	0	0	
SC001	BC09	30	0	0	
SC001	BC09	31	0	0	
SC001	BC09	32	0	0	
SC001	BC09	33	0	0	
SC001	BC09	4	0	0	
SC001	BC09	5	0	0	
SC001	BC09	6	0	0	
SC001	BC09	7	0	0	
SC001	BC09	8	0	0	
SC001	BC09	9	0	0	
SC001	BC09_Re	0	0	0	
SC001	BC09_Re	1	0	0	
SC001	BC09_Re	10	0	0	
SC001	BC09_Re	11	0	0	
SC001	BC09_Re	12	0	0	
SC001	BC09_Re	13	0	0	
SC001	BC09_Re	14	0	0	
SC001	BC09_Re	15	0	0	
SC001	BC09_Re	16	0	0	
SC001	BC09_Re	17	0	0	
SC001	BC09_Re	18	0	0	
SC001	BC09_Re	19	0	0	
SC001	BC09_Re	2	0	0	
SC001	BC09_Re	20	0	0	
SC001	BC09_Re	21	0	0	
SC001	BC09_Re	22	0	0	
SC001	BC09_Re	23	0	0	
SC001	BC09_Re	24	0	0	
SC001	BC09_Re	25	0	0	
SC001	BC09_Re	26	0	0	
SC001	BC09_Re	27	0	0	
SC001	BC09_Re	28	0	0	
SC001	BC09_Re	29	0	0	
SC001	BC09_Re	3	0	0	
SC001	BC09_Re	30	0	0	
SC001	BC09_Re	31	0	0	
SC001	BC09_Re	32	0	0	
SC001	BC09_Re	33	0	0	
SC001	BC09_Re	4	0	0	
SC001	BC09_Re	5	0	0	
SC001	BC09_Re	6	0	0	
SC001	BC09_Re	7	0	0	
SC001	BC09_Re	8	0	0	
SC001	BC09_Re	9	0	0	
SC001	BC10	0	0	0	
SC001	BC10	1	0	0	
SC001	BC10	10	0	0	
SC001	BC10	11	0	0	
SC001	BC10	12	0	0	
SC001	BC10	13	0	0	
SC001	BC10	14	0	0	
SC001	BC10	15	0	0	
SC001	BC10	16	0	0	
SC001	BC10	17	0	0	
SC001	BC10	18	0	0	
SC001	BC10	19	0	0	
SC001	BC10	2	0	0	
SC001	BC10	20	0	0	
SC001	BC10	21	0	0	
SC001	BC10	22	0	0	
SC001	BC10	23	0	0	
SC001	BC10	24	0	0	
SC001	BC10	25	0	0	
SC001	BC10	26	0	0	
SC001	BC10	27	0	0	
SC001	BC10	28	0	0	
SC001	BC10	29	0	0	
SC001	BC10	3	0	0	
SC001	BC10	30	0	0	
SC001	BC10	31	0	0	
SC001	BC10	32	0	0	
SC001	BC10	33	0	0	
SC001	BC10	4	0	0	
SC001	BC10	5	0	0	
SC001	BC10	6	0	0	
SC001	BC10	7	0	0	
SC001	BC10	8	0	0	
SC001	BC10	9	0	0	
SC001	BC11	0	0	0	
SC001	BC11	1	0	0	
SC001	BC11	10	0	0	
SC001	BC11	11	0	0	
SC001	BC11	12	0	0	
SC001	BC11	13	0	0	
SC001	BC11	14	0	0	
SC001	BC11	15	0	0	
SC001	BC11	16	0	0	
SC001	BC11	17	0	0	
SC001	BC11	18	0	0	
SC001	BC11	19	0	0	
SC001	BC11	2	0	0	
SC001	BC11	20	0	0	
SC001	BC11	21	0	0	
SC001	BC11	22	0	0	
SC001	BC11	23	0	0	
SC001	BC11	24	0	0	
SC001	BC11	25	0	0	
SC001	BC11	26	0	0	
SC001	BC11	27	0	0	
SC001	BC11	28	0	0	
SC001	BC11	29	0	0	
SC001	BC11	3	0	0	
SC001	BC11	30	0	0	
SC001	BC11	31	0	0	
SC001	BC11	32	0	0	
SC001	BC11	33	0	0	
SC001	BC11	4	0	0	
SC001	BC11	5	0	0	
SC001	BC11	6	0	0	
SC001	BC11	7	0	0	
SC001	BC11	8	0	0	
SC001	BC11	9	0	0	
SC001	SC001 (KUL01)	0	0	0	
SC001	SC001 (KUL01)	1	0	0	
SC001	SC001 (KUL01)	10	0	0	
SC001	SC001 (KUL01)	11	0	0	
SC001	SC001 (KUL01)	12	0	0	
SC001	SC001 (KUL01)	13	0	0	
SC001	SC001 (KUL01)	14	0	0	
SC001	SC001 (KUL01)	15	0	0	
SC001	SC001 (KUL01)	16	0	0	
SC001	SC001 (KUL01)	17	0	0	
SC001	SC001 (KUL01)	18	0	0	
SC001	SC001 (KUL01)	19	0	0	
SC001	SC001 (KUL01)	2	0	0	
SC001	SC001 (KUL01)	20	0	0	
SC001	SC001 (KUL01)	21	0	0	
SC001	SC001 (KUL01)	22	0	0	
SC001	SC001 (KUL01)	23	0	0	
SC001	SC001 (KUL01)	24	0	0	
SC001	SC001 (KUL01)	25	0	0	
SC001	SC001 (KUL01)	26	0	0	
SC001	SC001 (KUL01)	27	0	0	
SC001	SC001 (KUL01)	28	0	0	
SC001	SC001 (KUL01)	29	0	0	
SC001	SC001 (KUL01)	3	0	0	
SC001	SC001 (KUL01)	30	0	0	
SC001	SC001 (KUL01)	31	0	0	
SC001	SC001 (KUL01)	32	0	0	
SC001	SC001 (KUL01)	33	0	0	
SC001	SC001 (KUL01)	4	0	0	
SC001	SC001 (KUL01)	5	0	0	
SC001	SC001 (KUL01)	6	0	0	
SC001	SC001 (KUL01)	7	0	0	
SC001	SC001 (KUL01)	8	0	0	
SC001	SC001 (KUL01)	9	0	0	
SC001	SC019 (KUL19)	0	0	0	
SC001	SC019 (KUL19)	1	0	0	
SC001	SC019 (KUL19)	10	0	0	
SC001	SC019 (KUL19)	11	0	0	
SC001	SC019 (KUL19)	12	0	0	
SC001	SC019 (KUL19)	13	0	0	
SC001	SC019 (KUL19)	14	0	0	
SC001	SC019 (KUL19)	15	0	0	
SC001	SC019 (KUL19)	16	0	0	
SC001	SC019 (KUL19)	17	0	0	
SC001	SC019 (KUL19)	18	0	0	
SC001	SC019 (KUL19)	19	0	0	
SC001	SC019 (KUL19)	2	0	0	
SC001	SC019 (KUL19)	20	0	0	
SC001	SC019 (KUL19)	21	0	0	
SC001	SC019 (KUL19)	22	0	0	
SC001	SC019 (KUL19)	23	0	0	
SC001	SC019 (KUL19)	24	0	0	
SC001	SC019 (KUL19)	25	0	0	
SC001	SC019 (KUL19)	26	0	0	
SC001	SC019 (KUL19)	27	0	0	
SC001	SC019 (KUL19)	28	0	0	
SC001	SC019 (KUL19)	29	0	0	
SC001	SC019 (KUL19)	3	0	0	
SC001	SC019 (KUL19)	30	0	0	
SC001	SC019 (KUL19)	31	0	0	
SC001	SC019 (KUL19)	32	0	0	
SC001	SC019 (KUL19)	33	0	0	
SC001	SC019 (KUL19)	4	0	0	
SC001	SC019 (KUL19)	5	0	0	
SC001	SC019 (KUL19)	6	0	0	
SC001	SC019 (KUL19)	7	0	0	
SC001	SC019 (KUL19)	8	0	0	
SC001	SC019 (KUL19)	9	0	0	
SC001	SC021 (KUL21)	0	0	0	
SC001	SC021 (KUL21)	1	0	0	
SC001	SC021 (KUL21)	10	0	0	
SC001	SC021 (KUL21)	11	0	0	
SC001	SC021 (KUL21)	12	0	0	
SC001	SC021 (KUL21)	13	0	0	
SC001	SC021 (KUL21)	14	0	0	
SC001	SC021 (KUL21)	15	0	0	
SC001	SC021 (KUL21)	16	0	0	
SC001	SC021 (KUL21)	17	0	0	
SC001	SC021 (KUL21)	18	0	0	
SC001	SC021 (KUL21)	19	0	0	
SC001	SC021 (KUL21)	2	0	0	
SC001	SC021 (KUL21)	20	0	0	
SC001	SC021 (KUL21)	21	0	0	
SC001	SC021 (KUL21)	22	0	0	
SC001	SC021 (KUL21)	23	0	0	
SC001	SC021 (KUL21)	24	0	0	
SC001	SC021 (KUL21)	25	0	0	
SC001	SC021 (KUL21)	26	0	0	
SC001	SC021 (KUL21)	27	0	0	
SC001	SC021 (KUL21)	28	0	0	
SC001	SC021 (KUL21)	29	0	0	
SC001	SC021 (KUL21)	3	0	0	
SC001	SC021 (KUL21)	30	0	0	
SC001	SC021 (KUL21)	31	0	0	
SC001	SC021 (KUL21)	32	0	0	
SC001	SC021 (KUL21)	33	0	0	
SC001	SC021 (KUL21)	4	0	0	
SC001	SC021 (KUL21)	5	0	0	
SC001	SC021 (KUL21)	6	0	0	
SC001	SC021 (KUL21)	7	0	0	
SC001	SC021 (KUL21)	8	0	0	
SC001	SC021 (KUL21)	9	0	0	
SC001	SC024	0	0	0	
SC001	SC024	1	0	0	
SC001	SC024	10	0	0	
SC001	SC024	11	0	0	
SC001	SC024	12	0	0	
SC001	SC024	13	0	0	
SC001	SC024	14	0	0	
SC001	SC024	15	0	0	
SC001	SC024	16	0	0	
SC001	SC024	17	0	0	
SC001	SC024	18	0	0	
SC001	SC024	19	0	0	
SC001	SC024	2	0	0	
SC001	SC024	20	0	0	
SC001	SC024	21	0	0	
SC001	SC024	22	0	0	
SC001	SC024	23	0	0	
SC001	SC024	24	0	0	
SC001	SC024	25	0	0	
SC001	SC024	26	0	0	
SC001	SC024	27	0	0	
SC001	SC024	28	0	0	
SC001	SC024	29	0	0	
SC001	SC024	3	0	0	
SC001	SC024	30	0	0	
SC001	SC024	31	0	0	
SC001	SC024	32	0	0	
SC001	SC024	33	0	0	
SC001	SC024	4	0	0	
SC001	SC024	5	0	0	
SC001	SC024	6	0	0	
SC001	SC024	7	0	0	
SC001	SC024	8	0	0	
SC001	SC024	9	0	0	
SC001	SC027	0	0	0	
SC001	SC027	1	0	0	
SC001	SC027	10	0	0	
SC001	SC027	11	0	0	
SC001	SC027	12	0	0	
SC001	SC027	13	0	0	
SC001	SC027	14	0	0	
SC001	SC027	15	0	0	
SC001	SC027	16	0	0	
SC001	SC027	17	0	0	
SC001	SC027	18	0	0	
SC001	SC027	19	0	0	
SC001	SC027	2	0	0	
SC001	SC027	20	0	0	
SC001	SC027	21	0	0	
SC001	SC027	22	0	0	
SC001	SC027	23	0	0	
SC001	SC027	24	0	0	
SC001	SC027	25	0	0	
SC001	SC027	26	0	0	
SC001	SC027	27	0	0	
SC001	SC027	28	0	0	
SC001	SC027	29	0	0	
SC001	SC027	3	0	0	
SC001	SC027	30	0	0	
SC001	SC027	31	0	0	
SC001	SC027	32	0	0	
SC001	SC027	33	0	0	
SC001	SC027	4	0	0	
SC001	SC027	5	0	0	
SC001	SC027	6	0	0	
SC001	SC027	7	0	0	
SC001	SC027	8	0	0	
SC001	SC027	9	0	0	
SC001	SC028 (KUL28)	0	0	0	
SC001	SC028 (KUL28)	1	0	0	
SC001	SC028 (KUL28)	10	0	0	
SC001	SC028 (KUL28)	11	0	0	
SC001	SC028 (KUL28)	12	0	0	
SC001	SC028 (KUL28)	13	0	0	
SC001	SC028 (KUL28)	14	0	0	
SC001	SC028 (KUL28)	15	0	0	
SC001	SC028 (KUL28)	16	0	0	
SC001	SC028 (KUL28)	17	0	0	
SC001	SC028 (KUL28)	18	0	0	
SC001	SC028 (KUL28)	19	0	0	
SC001	SC028 (KUL28)	2	0	0	
SC001	SC028 (KUL28)	20	0	0	
SC001	SC028 (KUL28)	21	0	0	
SC001	SC028 (KUL28)	22	0	0	
SC001	SC028 (KUL28)	23	0	0	
SC001	SC028 (KUL28)	24	0	0	
SC001	SC028 (KUL28)	25	0	0	
SC001	SC028 (KUL28)	26	0	0	
SC001	SC028 (KUL28)	27	0	0	
SC001	SC028 (KUL28)	28	0	0	
SC001	SC028 (KUL28)	29	0	0	
SC001	SC028 (KUL28)	3	0	0	
SC001	SC028 (KUL28)	30	0	0	
SC001	SC028 (KUL28)	31	0	0	
SC001	SC028 (KUL28)	32	0	0	
SC001	SC028 (KUL28)	33	0	0	
SC001	SC028 (KUL28)	4	0	0	
SC001	SC028 (KUL28)	5	0	0	
SC001	SC028 (KUL28)	6	0	0	
SC001	SC028 (KUL28)	7	0	0	
SC001	SC028 (KUL28)	8	0	0	
SC001	SC028 (KUL28)	9	0	0	
SC001	SC029	0	0	0	
SC001	SC029	1	0	0	
SC001	SC029	10	0	0	
SC001	SC029	11	0	0	
SC001	SC029	12	0	0	
SC001	SC029	13	0	0	
SC001	SC029	14	0	0	
SC001	SC029	15	0	0	
SC001	SC029	16	0	0	
SC001	SC029	17	0	0	
SC001	SC029	18	0	0	
SC001	SC029	19	0	0	
SC001	SC029	2	0	0	
SC001	SC029	20	0	0	
SC001	SC029	21	0	0	
SC001	SC029	22	0	0	
SC001	SC029	23	0	0	
SC001	SC029	24	0	0	
SC001	SC029	25	0	0	
SC001	SC029	26	0	0	
SC001	SC029	27	0	0	
SC001	SC029	28	0	0	
SC001	SC029	29	0	0	
SC001	SC029	3	0	0	
SC001	SC029	30	0	0	
SC001	SC029	31	0	0	
SC001	SC029	32	0	0	
SC001	SC029	33	0	0	
SC001	SC029	4	0	0	
SC001	SC029	5	0	0	
SC001	SC029	6	0	0	
SC001	SC029	7	0	0	
SC001	SC029	8	0	0	
SC001	SC029	9	0	0	
SC001	SC030 (KUL30)	0	0	0	
SC001	SC030 (KUL30)	1	0	0	
SC001	SC030 (KUL30)	10	0	0	
SC001	SC030 (KUL30)	11	0	0	
SC001	SC030 (KUL30)	12	0	0	
SC001	SC030 (KUL30)	13	0	0	
SC001	SC030 (KUL30)	14	0	0	
SC001	SC030 (KUL30)	15	0	0	
SC001	SC030 (KUL30)	16	0	0	
SC001	SC030 (KUL30)	17	0	0	
SC001	SC030 (KUL30)	18	0	0	
SC001	SC030 (KUL30)	19	0	0	
SC001	SC030 (KUL30)	2	0	0	
SC001	SC030 (KUL30)	20	0	0	
SC001	SC030 (KUL30)	21	0	0	
SC001	SC030 (KUL30)	22	0	0	
SC001	SC030 (KUL30)	23	0	0	
SC001	SC030 (KUL30)	24	0	0	
SC001	SC030 (KUL30)	25	0	0	
SC001	SC030 (KUL30)	26	0	0	
SC001	SC030 (KUL30)	27	0	0	
SC001	SC030 (KUL30)	28	0	0	
SC001	SC030 (KUL30)	29	0	0	
SC001	SC030 (KUL30)	3	0	0	
SC001	SC030 (KUL30)	30	0	0	
SC001	SC030 (KUL30)	31	0	0	
SC001	SC030 (KUL30)	32	0	0	
SC001	SC030 (KUL30)	33	0	0	
SC001	SC030 (KUL30)	4	0	0	
SC001	SC030 (KUL30)	5	0	0	
SC001	SC030 (KUL30)	6	0	0	
SC001	SC030 (KUL30)	7	0	0	
SC001	SC030 (KUL30)	8	0	0	
SC001	SC030 (KUL30)	9	0	0	
SC001	SC031 (KUL31)	0	0	0	
SC001	SC031 (KUL31)	1	0	0	
SC001	SC031 (KUL31)	10	0	0	
SC001	SC031 (KUL31)	11	0	0	
SC001	SC031 (KUL31)	12	0	0	
SC001	SC031 (KUL31)	13	0	0	
SC001	SC031 (KUL31)	14	0	0	
SC001	SC031 (KUL31)	15	0	0	
SC001	SC031 (KUL31)	16	0	0	
SC001	SC031 (KUL31)	17	0	0	
SC001	SC031 (KUL31)	18	0	0	
SC001	SC031 (KUL31)	19	0	0	
SC001	SC031 (KUL31)	2	0	0	
SC001	SC031 (KUL31)	20	0	0	
SC001	SC031 (KUL31)	21	0	0	
SC001	SC031 (KUL31)	22	0	0	
SC001	SC031 (KUL31)	23	0	0	
SC001	SC031 (KUL31)	24	0	0	
SC001	SC031 (KUL31)	25	0	0	
SC001	SC031 (KUL31)	26	0	0	
SC001	SC031 (KUL31)	27	0	0	
SC001	SC031 (KUL31)	28	0	0	
SC001	SC031 (KUL31)	29	0	0	
SC001	SC031 (KUL31)	3	0	0	
SC001	SC031 (KUL31)	30	0	0	
SC001	SC031 (KUL31)	31	0	0	
SC001	SC031 (KUL31)	32	0	0	
SC001	SC031 (KUL31)	33	0	0	
SC001	SC031 (KUL31)	4	0	0	
SC001	SC031 (KUL31)	5	0	0	
SC001	SC031 (KUL31)	6	0	0	
SC001	SC031 (KUL31)	7	0	0	
SC001	SC031 (KUL31)	8	0	0	
SC001	SC031 (KUL31)	9	0	0	
SC002	38b	0	0	0	
SC002	38b	1	0	0	
SC002	38b	10	0	0	
SC002	38b	11	0	0	
SC002	38b	12	0	0	
SC002	38b	13	0	0	
SC002	38b	14	0	0	
SC002	38b	15	0	0	
SC002	38b	16	0	0	
SC002	38b	17	0	0	
SC002	38b	18	0	0	
SC002	38b	19	0	0	
SC002	38b	2	0	0	
SC002	38b	20	0	0	
SC002	38b	21	0	0	
SC002	38b	22	0	0	
SC002	38b	23	0	0	
SC002	38b	24	0	0	
SC002	38b	25	0	0	
SC002	38b	26	0	0	
SC002	38b	27	0	0	
SC002	38b	28	0	0	
SC002	38b	29	0	0	
SC002	38b	3	0	0	
SC002	38b	30	0	0	
SC002	38b	31	0	0	
SC002	38b	32	0	0	
SC002	38b	33	0	0	
SC002	38b	4	0	0	
SC002	38b	5	0	0	
SC002	38b	6	0	0	
SC002	38b	7	0	0	
SC002	38b	8	0	0	
SC002	38b	9	0	0	
SC002	59	0	0	0	
SC002	59	1	0	0	
SC002	59	10	0	0	
SC002	59	11	0	0	
SC002	59	12	0	0	
SC002	59	13	0	0	
SC002	59	14	0	0	
SC002	59	15	0	0	
SC002	59	16	0	0	
SC002	59	17	0	0	
SC002	59	18	0	0	
SC002	59	19	0	0	
SC002	59	2	0	0	
SC002	59	20	0	0	
SC002	59	21	0	0	
SC002	59	22	0	0	
SC002	59	23	0	0	
SC002	59	24	0	0	
SC002	59	25	0	0	
SC002	59	26	0	0	
SC002	59	27	0	0	
SC002	59	28	0	0	
SC002	59	29	0	0	
SC002	59	3	0	0	
SC002	59	30	0	0	
SC002	59	31	0	0	
SC002	59	32	0	0	
SC002	59	33	0	0	
SC002	59	4	0	0	
SC002	59	5	0	0	
SC002	59	6	0	0	
SC002	59	7	0	0	
SC002	59	8	0	0	
SC002	59	9	0	0	
SC002	6	0	0	0	
SC002	6	1	0	0	
SC002	6	10	0	0	
SC002	6	11	0	0	
SC002	6	12	0	0	
SC002	6	13	0	0	
SC002	6	14	0	0	
SC002	6	15	0	0	
SC002	6	16	0	0	
SC002	6	17	0	0	
SC002	6	18	0	0	
SC002	6	19	0	0	
SC002	6	2	0	0	
SC002	6	20	0	0	
SC002	6	21	0	0	
SC002	6	22	0	0	
SC002	6	23	0	0	
SC002	6	24	0	0	
SC002	6	25	0	0	
SC002	6	26	0	0	
SC002	6	27	0	0	
SC002	6	28	0	0	
SC002	6	29	0	0	
SC002	6	3	0	0	
SC002	6	30	0	0	
SC002	6	31	0	0	
SC002	6	32	0	0	
SC002	6	33	0	0	
SC002	6	4	0	0	
SC002	6	5	0	0	
SC002	6	6	0	0	
SC002	6	7	0	0	
SC002	6	8	0	0	
SC002	6	9	0	0	
SC002	7	0	0	0	
SC002	7	1	0	0	
SC002	7	10	0	0	
SC002	7	11	0	0	
SC002	7	12	0	0	
SC002	7	13	0	0	
SC002	7	14	0	0	
SC002	7	15	0	0	
SC002	7	16	0	0	
SC002	7	17	0	0	
SC002	7	18	0	0	
SC002	7	19	0	0	
SC002	7	2	0	0	
SC002	7	20	0	0	
SC002	7	21	0	0	
SC002	7	22	0	0	
SC002	7	23	0	0	
SC002	7	24	0	0	
SC002	7	25	0	0	
SC002	7	26	0	0	
SC002	7	27	0	0	
SC002	7	28	0	0	
SC002	7	29	0	0	
SC002	7	3	0	0	
SC002	7	30	0	0	
SC002	7	31	0	0	
SC002	7	32	0	0	
SC002	7	33	0	0	
SC002	7	4	0	0	
SC002	7	5	0	0	
SC002	7	6	0	0	
SC002	7	7	0	0	
SC002	7	8	0	0	
SC002	7	9	0	0	
SC002	74-1	0	0	0	
SC002	74-1	1	0	0	
SC002	74-1	10	0	0	
SC002	74-1	11	0	0	
SC002	74-1	12	0	0	
SC002	74-1	13	0	0	
SC002	74-1	14	0	0	
SC002	74-1	15	0	0	
SC002	74-1	16	0	0	
SC002	74-1	17	0	0	
SC002	74-1	18	0	0	
SC002	74-1	19	0	0	
SC002	74-1	2	0	0	
SC002	74-1	20	0	0	
SC002	74-1	21	0	0	
SC002	74-1	22	0	0	
SC002	74-1	23	0	0	
SC002	74-1	24	0	0	
SC002	74-1	25	0	0	
SC002	74-1	26	0	0	
SC002	74-1	27	0	0	
SC002	74-1	28	0	0	
SC002	74-1	29	0	0	
SC002	74-1	3	0	0	
SC002	74-1	30	0	0	
SC002	74-1	31	0	0	
SC002	74-1	32	0	0	
SC002	74-1	33	0	0	
SC002	74-1	4	0	0	
SC002	74-1	5	0	0	
SC002	74-1	6	0	0	
SC002	74-1	7	0	0	
SC002	74-1	8	0	0	
SC002	74-1	9	0	0	
SC002	79	0	0	0	
SC002	79	1	0	0	
SC002	79	10	0	0	
SC002	79	11	0	0	
SC002	79	12	0	0	
SC002	79	13	0	0	
SC002	79	14	0	0	
SC002	79	15	0	0	
SC002	79	16	0	0	
SC002	79	17	0	0	
SC002	79	18	0	0	
SC002	79	19	0	0	
SC002	79	2	0	0	
SC002	79	20	0	0	
SC002	79	21	0	0	
SC002	79	22	0	0	
SC002	79	23	0	0	
SC002	79	24	0	0	
SC002	79	25	0	0	
SC002	79	26	0	0	
SC002	79	27	0	0	
SC002	79	28	0	0	
SC002	79	29	0	0	
SC002	79	3	0	0	
SC002	79	30	0	0	
SC002	79	31	0	0	
SC002	79	32	0	0	
SC002	79	33	0	0	
SC002	79	4	0	0	
SC002	79	5	0	0	
SC002	79	6	0	0	
SC002	79	7	0	0	
SC002	79	8	0	0	
SC002	79	9	0	0	
SC002	8	0	0	0	
SC002	8	1	0	0	
SC002	8	10	0	0	
SC002	8	11	0	0	
SC002	8	12	0	0	
SC002	8	13	0	0	
SC002	8	14	0	0	
SC002	8	15	0	0	
SC002	8	16	0	0	
SC002	8	17	0	0	
SC002	8	18	0	0	
SC002	8	19	0	0	
SC002	8	2	0	0	
SC002	8	20	0	0	
SC002	8	21	0	0	
SC002	8	22	0	0	
SC002	8	23	0	0	
SC002	8	24	0	0	
SC002	8	25	0	0	
SC002	8	26	0	0	
SC002	8	27	0	0	
SC002	8	28	0	0	
SC002	8	29	0	0	
SC002	8	3	0	0	
SC002	8	30	0	0	
SC002	8	31	0	0	
SC002	8	32	0	0	
SC002	8	33	0	0	
SC002	8	4	0	0	
SC002	8	5	0	0	
SC002	8	6	0	0	
SC002	8	7	0	0	
SC002	8	8	0	0	
SC002	8	9	0	0	
SC002	BC01	0	0	0	
SC002	BC01	1	0	0	
SC002	BC01	10	0	0	
SC002	BC01	11	0	0	
SC002	BC01	12	0	0	
SC002	BC01	13	0	0	
SC002	BC01	14	0	0	
SC002	BC01	15	0	0	
SC002	BC01	16	0	0	
SC002	BC01	17	0	0	
SC002	BC01	18	0	0	
SC002	BC01	19	0	0	
SC002	BC01	2	0	0	
SC002	BC01	20	0	0	
SC002	BC01	21	0	0	
SC002	BC01	22	0	0	
SC002	BC01	23	0	0	
SC002	BC01	24	0	0	
SC002	BC01	25	0	0	
SC002	BC01	26	0	0	
SC002	BC01	27	0	0	
SC002	BC01	28	0	0	
SC002	BC01	29	0	0	
SC002	BC01	3	0	0	
SC002	BC01	30	0	0	
SC002	BC01	31	0	0	
SC002	BC01	32	0	0	
SC002	BC01	33	0	0	
SC002	BC01	4	0	0	
SC002	BC01	5	0	0	
SC002	BC01	6	0	0	
SC002	BC01	7	0	0	
SC002	BC01	8	0	0	
SC002	BC01	9	0	0	
SC002	BC02	0	0	0	
SC002	BC02	1	0	0	
SC002	BC02	10	0	0	
SC002	BC02	11	0	0	
SC002	BC02	12	0	0	
SC002	BC02	13	0	0	
SC002	BC02	14	0	0	
SC002	BC02	15	0	0	
SC002	BC02	16	0	0	
SC002	BC02	17	0	0	
SC002	BC02	18	0	0	
SC002	BC02	19	0	0	
SC002	BC02	2	0	0	
SC002	BC02	20	0	0	
SC002	BC02	21	0	0	
SC002	BC02	22	0	0	
SC002	BC02	23	0	0	
SC002	BC02	24	0	0	
SC002	BC02	25	0	0	
SC002	BC02	26	0	0	
SC002	BC02	27	0	0	
SC002	BC02	28	0	0	
SC002	BC02	29	0	0	
SC002	BC02	3	0	0	
SC002	BC02	30	0	0	
SC002	BC02	31	0	0	
SC002	BC02	32	0	0	
SC002	BC02	33	0	0	
SC002	BC02	4	0	0	
SC002	BC02	5	0	0	
SC002	BC02	6	0	0	
SC002	BC02	7	0	0	
SC002	BC02	8	0	0	
SC002	BC02	9	0	0	
SC002	BC03	0	0	0	
SC002	BC03	1	0	0	
SC002	BC03	10	0	0	
SC002	BC03	11	0	0	
SC002	BC03	12	0	0	
SC002	BC03	13	0	0	
SC002	BC03	14	0	0	
SC002	BC03	15	0	0	
SC002	BC03	16	0	0	
SC002	BC03	17	0	0	
SC002	BC03	18	0	0	
SC002	BC03	19	0	0	
SC002	BC03	2	0	0	
SC002	BC03	20	0	0	
SC002	BC03	21	0	0	
SC002	BC03	22	0	0	
SC002	BC03	23	0	0	
SC002	BC03	24	0	0	
SC002	BC03	25	0	0	
SC002	BC03	26	0	0	
SC002	BC03	27	0	0	
SC002	BC03	28	0	0	
SC002	BC03	29	0	0	
SC002	BC03	3	0	0	
SC002	BC03	30	0	0	
SC002	BC03	31	0	0	
SC002	BC03	32	0	0	
SC002	BC03	33	0	0	
SC002	BC03	4	0	0	
SC002	BC03	5	0	0	
SC002	BC03	6	0	0	
SC002	BC03	7	0	0	
SC002	BC03	8	0	0	
SC002	BC03	9	0	0	
SC002	BC03LN	0	0	0	
SC002	BC03LN	1	0	0	
SC002	BC03LN	10	0	0	
SC002	BC03LN	11	0	0	
SC002	BC03LN	12	0	0	
SC002	BC03LN	13	0	0	
SC002	BC03LN	14	0	0	
SC002	BC03LN	15	0	0	
SC002	BC03LN	16	0	0	
SC002	BC03LN	17	0	0	
SC002	BC03LN	18	0	0	
SC002	BC03LN	19	0	0	
SC002	BC03LN	2	0	0	
SC002	BC03LN	20	0	0	
SC002	BC03LN	21	0	0	
SC002	BC03LN	22	0	0	
SC002	BC03LN	23	0	0	
SC002	BC03LN	24	0	0	
SC002	BC03LN	25	0	0	
SC002	BC03LN	26	0	0	
SC002	BC03LN	27	0	0	
SC002	BC03LN	28	0	0	
SC002	BC03LN	29	0	0	
SC002	BC03LN	3	0	0	
SC002	BC03LN	30	0	0	
SC002	BC03LN	31	0	0	
SC002	BC03LN	32	0	0	
SC002	BC03LN	33	0	0	
SC002	BC03LN	4	0	0	
SC002	BC03LN	5	0	0	
SC002	BC03LN	6	0	0	
SC002	BC03LN	7	0	0	
SC002	BC03LN	8	0	0	
SC002	BC03LN	9	0	0	
SC002	BC04	0	0	0	
SC002	BC04	1	0	0	
SC002	BC04	10	0	0	
SC002	BC04	11	0	0	
SC002	BC04	12	0	0	
SC002	BC04	13	0	0	
SC002	BC04	14	0	0	
SC002	BC04	15	0	0	
SC002	BC04	16	0	0	
SC002	BC04	17	0	0	
SC002	BC04	18	0	0	
SC002	BC04	19	0	0	
SC002	BC04	2	0	0	
SC002	BC04	20	0	0	
SC002	BC04	21	0	0	
SC002	BC04	22	0	0	
SC002	BC04	23	0	0	
SC002	BC04	24	0	0	
SC002	BC04	25	0	0	
SC002	BC04	26	0	0	
SC002	BC04	27	0	0	
SC002	BC04	28	0	0	
SC002	BC04	29	0	0	
SC002	BC04	3	0	0	
SC002	BC04	30	0	0	
SC002	BC04	31	0	0	
SC002	BC04	32	0	0	
SC002	BC04	33	0	0	
SC002	BC04	4	0	0	
SC002	BC04	5	0	0	
SC002	BC04	6	0	0	
SC002	BC04	7	0	0	
SC002	BC04	8	0	0	
SC002	BC04	9	0	0	
SC002	BC05	0	0	0	
SC002	BC05	1	0	0	
SC002	BC05	10	0	0	
SC002	BC05	11	0	0	
SC002	BC05	12	0	0	
SC002	BC05	13	0	0	
SC002	BC05	14	0	0	
SC002	BC05	15	0	0	
SC002	BC05	16	0	0	
SC002	BC05	17	0	0	
SC002	BC05	18	0	0	
SC002	BC05	19	0	0	
SC002	BC05	2	0	0	
SC002	BC05	20	0	0	
SC002	BC05	21	0	0	
SC002	BC05	22	0	0	
SC002	BC05	23	0	0	
SC002	BC05	24	0	0	
SC002	BC05	25	0	0	
SC002	BC05	26	0	0	
SC002	BC05	27	0	0	
SC002	BC05	28	0	0	
SC002	BC05	29	0	0	
SC002	BC05	3	0	0	
SC002	BC05	30	0	0	
SC002	BC05	31	0	0	
SC002	BC05	32	0	0	
SC002	BC05	33	0	0	
SC002	BC05	4	0	0	
SC002	BC05	5	0	0	
SC002	BC05	6	0	0	
SC002	BC05	7	0	0	
SC002	BC05	8	0	0	
SC002	BC05	9	0	0	
SC002	BC06	0	0	0	
SC002	BC06	1	0	0	
SC002	BC06	10	0	0	
SC002	BC06	11	0	0	
SC002	BC06	12	0	0	
SC002	BC06	13	0	0	
SC002	BC06	14	0	0	
SC002	BC06	15	0	0	
SC002	BC06	16	0	0	
SC002	BC06	17	0	0	
SC002	BC06	18	0	0	
SC002	BC06	19	0	0	
SC002	BC06	2	0	0	
SC002	BC06	20	0	0	
SC002	BC06	21	0	0	
SC002	BC06	22	0	0	
SC002	BC06	23	0	0	
SC002	BC06	24	0	0	
SC002	BC06	25	0	0	
SC002	BC06	26	0	0	
SC002	BC06	27	0	0	
SC002	BC06	28	0	0	
SC002	BC06	29	0	0	
SC002	BC06	3	0	0	
SC002	BC06	30	0	0	
SC002	BC06	31	0	0	
SC002	BC06	32	0	0	
SC002	BC06	33	0	0	
SC002	BC06	4	0	0	
SC002	BC06	5	0	0	
SC002	BC06	6	0	0	
SC002	BC06	7	0	0	
SC002	BC06	8	0	0	
SC002	BC06	9	0	0	
SC002	BC07	0	0	0	
SC002	BC07	1	0	0	
SC002	BC07	10	0	0	
SC002	BC07	11	0	0	
SC002	BC07	12	0	0	
SC002	BC07	13	0	0	
SC002	BC07	14	0	0	
SC002	BC07	15	0	0	
SC002	BC07	16	0	0	
SC002	BC07	17	0	0	
SC002	BC07	18	0	0	
SC002	BC07	19	0	0	
SC002	BC07	2	0	0	
SC002	BC07	20	0	0	
SC002	BC07	21	0	0	
SC002	BC07	22	0	0	
SC002	BC07	23	0	0	
SC002	BC07	24	0	0	
SC002	BC07	25	0	0	
SC002	BC07	26	0	0	
SC002	BC07	27	0	0	
SC002	BC07	28	0	0	
SC002	BC07	29	0	0	
SC002	BC07	3	0	0	
SC002	BC07	30	0	0	
SC002	BC07	31	0	0	
SC002	BC07	32	0	0	
SC002	BC07	33	0	0	
SC002	BC07	4	0	0	
SC002	BC07	5	0	0	
SC002	BC07	6	0	0	
SC002	BC07	7	0	0	
SC002	BC07	8	0	0	
SC002	BC07	9	0	0	
SC002	BC07LN	0	0	0	
SC002	BC07LN	1	0	0	
SC002	BC07LN	10	0	0	
SC002	BC07LN	11	0	0	
SC002	BC07LN	12	0	0	
SC002	BC07LN	13	0	0	
SC002	BC07LN	14	0	0	
SC002	BC07LN	15	0	0	
SC002	BC07LN	16	0	0	
SC002	BC07LN	17	0	0	
SC002	BC07LN	18	0	0	
SC002	BC07LN	19	0	0	
SC002	BC07LN	2	0	0	
SC002	BC07LN	20	0	0	
SC002	BC07LN	21	0	0	
SC002	BC07LN	22	0	0	
SC002	BC07LN	23	0	0	
SC002	BC07LN	24	0	0	
SC002	BC07LN	25	0	0	
SC002	BC07LN	26	0	0	
SC002	BC07LN	27	0	0	
SC002	BC07LN	28	0	0	
SC002	BC07LN	29	0	0	
SC002	BC07LN	3	0	0	
SC002	BC07LN	30	0	0	
SC002	BC07LN	31	0	0	
SC002	BC07LN	32	0	0	
SC002	BC07LN	33	0	0	
SC002	BC07LN	4	0	0	
SC002	BC07LN	5	0	0	
SC002	BC07LN	6	0	0	
SC002	BC07LN	7	0	0	
SC002	BC07LN	8	0	0	
SC002	BC07LN	9	0	0	
SC002	BC08	0	0	0	
SC002	BC08	1	0	0	
SC002	BC08	10	0	0	
SC002	BC08	11	0	0	
SC002	BC08	12	0	0	
SC002	BC08	13	0	0	
SC002	BC08	14	0	0	
SC002	BC08	15	0	0	
SC002	BC08	16	0	0	
SC002	BC08	17	0	0	
SC002	BC08	18	0	0	
SC002	BC08	19	0	0	
SC002	BC08	2	0	0	
SC002	BC08	20	0	0	
SC002	BC08	21	0	0	
SC002	BC08	22	0	0	
SC002	BC08	23	0	0	
SC002	BC08	24	0	0	
SC002	BC08	25	0	0	
SC002	BC08	26	0	0	
SC002	BC08	27	0	0	
SC002	BC08	28	0	0	
SC002	BC08	29	0	0	
SC002	BC08	3	0	0	
SC002	BC08	30	0	0	
SC002	BC08	31	0	0	
SC002	BC08	32	0	0	
SC002	BC08	33	0	0	
SC002	BC08	4	0	0	
SC002	BC08	5	0	0	
SC002	BC08	6	0	0	
SC002	BC08	7	0	0	
SC002	BC08	8	0	0	
SC002	BC08	9	0	0	
SC002	BC09	0	0	0	
SC002	BC09	1	0	0	
SC002	BC09	10	0	0	
SC002	BC09	11	0	0	
SC002	BC09	12	0	0	
SC002	BC09	13	0	0	
SC002	BC09	14	0	0	
SC002	BC09	15	0	0	
SC002	BC09	16	0	0	
SC002	BC09	17	0	0	
SC002	BC09	18	0	0	
SC002	BC09	19	0	0	
SC002	BC09	2	0	0	
SC002	BC09	20	0	0	
SC002	BC09	21	0	0	
SC002	BC09	22	0	0	
SC002	BC09	23	0	0	
SC002	BC09	24	0	0	
SC002	BC09	25	0	0	
SC002	BC09	26	0	0	
SC002	BC09	27	0	0	
SC002	BC09	28	0	0	
SC002	BC09	29	0	0	
SC002	BC09	3	0	0	
SC002	BC09	30	0	0	
SC002	BC09	31	0	0	
SC002	BC09	32	0	0	
SC002	BC09	33	0	0	
SC002	BC09	4	0	0	
SC002	BC09	5	0	0	
SC002	BC09	6	0	0	
SC002	BC09	7	0	0	
SC002	BC09	8	0	0	
SC002	BC09	9	0	0	
SC002	BC09_Re	0	0	0	
SC002	BC09_Re	1	0	0	
SC002	BC09_Re	10	0	0	
SC002	BC09_Re	11	0	0	
SC002	BC09_Re	12	0	0	
SC002	BC09_Re	13	0	0	
SC002	BC09_Re	14	0	0	
SC002	BC09_Re	15	0	0	
SC002	BC09_Re	16	0	0	
SC002	BC09_Re	17	0	0	
SC002	BC09_Re	18	0	0	
SC002	BC09_Re	19	0	0	
SC002	BC09_Re	2	0	0	
SC002	BC09_Re	20	0	0	
SC002	BC09_Re	21	0	0	
SC002	BC09_Re	22	0	0	
SC002	BC09_Re	23	0	0	
SC002	BC09_Re	24	0	0	
SC002	BC09_Re	25	0	0	
SC002	BC09_Re	26	0	0	
SC002	BC09_Re	27	0	0	
SC002	BC09_Re	28	0	0	
SC002	BC09_Re	29	0	0	
SC002	BC09_Re	3	0	0	
SC002	BC09_Re	30	0	0	
SC002	BC09_Re	31	0	0	
SC002	BC09_Re	32	0	0	
SC002	BC09_Re	33	0	0	
SC002	BC09_Re	4	0	0	
SC002	BC09_Re	5	0	0	
SC002	BC09_Re	6	0	0	
SC002	BC09_Re	7	0	0	
SC002	BC09_Re	8	0	0	
SC002	BC09_Re	9	0	0	
SC002	BC10	0	0	0	
SC002	BC10	1	0	0	
SC002	BC10	10	0	0	
SC002	BC10	11	0	0	
SC002	BC10	12	0	0	
SC002	BC10	13	0	0	
SC002	BC10	14	0	0	
SC002	BC10	15	0	0	
SC002	BC10	16	0	0	
SC002	BC10	17	0	0	
SC002	BC10	18	0	0	
SC002	BC10	19	0	0	
SC002	BC10	2	0	0	
SC002	BC10	20	0	0	
SC002	BC10	21	0	0	
SC002	BC10	22	0	0	
SC002	BC10	23	0	0	
SC002	BC10	24	0	0	
SC002	BC10	25	0	0	
SC002	BC10	26	0	0	
SC002	BC10	27	0	0	
SC002	BC10	28	0	0	
SC002	BC10	29	0	0	
SC002	BC10	3	0	0	
SC002	BC10	30	0	0	
SC002	BC10	31	0	0	
SC002	BC10	32	0	0	
SC002	BC10	33	0	0	
SC002	BC10	4	0	0	
SC002	BC10	5	0	0	
SC002	BC10	6	0	0	
SC002	BC10	7	0	0	
SC002	BC10	8	0	0	
SC002	BC10	9	0	0	
SC002	BC11	0	0	0	
SC002	BC11	1	0	0	
SC002	BC11	10	0	0	
SC002	BC11	11	0	0	
SC002	BC11	12	0	0	
SC002	BC11	13	0	0	
SC002	BC11	14	0	0	
SC002	BC11	15	0	0	
SC002	BC11	16	0	0	
SC002	BC11	17	0	0	
SC002	BC11	18	0	0	
SC002	BC11	19	0	0	
SC002	BC11	2	0	0	
SC002	BC11	20	0	0	
SC002	BC11	21	0	0	
SC002	BC11	22	0	0	
SC002	BC11	23	0	0	
SC002	BC11	24	0	0	
SC002	BC11	25	0	0	
SC002	BC11	26	0	0	
SC002	BC11	27	0	0	
SC002	BC11	28	0	0	
SC002	BC11	29	0	0	
SC002	BC11	3	0	0	
SC002	BC11	30	0	0	
SC002	BC11	31	0	0	
SC002	BC11	32	0	0	
SC002	BC11	33	0	0	
SC002	BC11	4	0	0	
SC002	BC11	5	0	0	
SC002	BC11	6	0	0	
SC002	BC11	7	0	0	
SC002	BC11	8	0	0	
SC002	BC11	9	0	0	
SC002	SC001 (KUL01)	0	370	8747	0.042300217217331654
SC002	SC001 (KUL01)	1	3	8747	0.000342974734194581
SC002	SC001 (KUL01)	10	650	8747	0.07431119240882589
SC002	SC001 (KUL01)	11	2	8747	0.00022864982279638732
SC002	SC001 (KUL01)	12	0	8747	0.0
SC002	SC001 (KUL01)	13	400	8747	0.04572996455927747
SC002	SC001 (KUL01)	14	13	8747	0.0014862238481765176
SC002	SC001 (KUL01)	15	157	8747	0.017949011089516406
SC002	SC001 (KUL01)	16	1	8747	0.00011432491139819366
SC002	SC001 (KUL01)	17	3304	8747	0.3777295072596319
SC002	SC001 (KUL01)	18	4	8747	0.00045729964559277465
SC002	SC001 (KUL01)	19	78	8747	0.008917343089059107
SC002	SC001 (KUL01)	2	681	8747	0.07785526466216988
SC002	SC001 (KUL01)	20	49	8747	0.00560192065851149
SC002	SC001 (KUL01)	21	696	8747	0.07957013833314279
SC002	SC001 (KUL01)	22	270	8747	0.03086772607751229
SC002	SC001 (KUL01)	23	60	8747	0.00685949468389162
SC002	SC001 (KUL01)	24	0	8747	0.0
SC002	SC001 (KUL01)	25	327	8747	0.03738424602720933
SC002	SC001 (KUL01)	26	0	8747	0.0
SC002	SC001 (KUL01)	27	0	8747	0.0
SC002	SC001 (KUL01)	28	0	8747	0.0
SC002	SC001 (KUL01)	29	0	8747	0.0
SC002	SC001 (KUL01)	3	309	8747	0.035326397622041844
SC002	SC001 (KUL01)	30	1	8747	0.00011432491139819366
SC002	SC001 (KUL01)	31	58	8747	0.006630844861095233
SC002	SC001 (KUL01)	32	0	8747	0.0
SC002	SC001 (KUL01)	33	0	8747	0.0
SC002	SC001 (KUL01)	4	731	8747	0.08357151023207957
SC002	SC001 (KUL01)	5	77	8747	0.008803018177660913
SC002	SC001 (KUL01)	6	4	8747	0.00045729964559277465
SC002	SC001 (KUL01)	7	97	8747	0.011089516405624786
SC002	SC001 (KUL01)	8	0	8747	0.0
SC002	SC001 (KUL01)	9	405	8747	0.046301589116268436
SC002	SC019 (KUL19)	0	956	10155	0.09414081733136385
SC002	SC019 (KUL19)	1	3	10155	0.0002954209748892171
SC002	SC019 (KUL19)	10	145	10155	0.014278680452978828
SC002	SC019 (KUL19)	11	0	10155	0.0
SC002	SC019 (KUL19)	12	1	10155	9.847365829640571e-05
SC002	SC019 (KUL19)	13	642	10155	0.06322008862629247
SC002	SC019 (KUL19)	14	45	10155	0.004431314623338257
SC002	SC019 (KUL19)	15	1197	10155	0.11787296898079763
SC002	SC019 (KUL19)	16	0	10155	0.0
SC002	SC019 (KUL19)	17	21	10155	0.00206794682422452
SC002	SC019 (KUL19)	18	1350	10155	0.1329394387001477
SC002	SC019 (KUL19)	19	151	10155	0.014869522402757263
SC002	SC019 (KUL19)	2	2193	10155	0.21595273264401774
SC002	SC019 (KUL19)	20	77	10155	0.00758247168882324
SC002	SC019 (KUL19)	21	655	10155	0.06450024618414574
SC002	SC019 (KUL19)	22	259	10155	0.025504677498769078
SC002	SC019 (KUL19)	23	298	10155	0.0293451501723289
SC002	SC019 (KUL19)	24	1	10155	9.847365829640571e-05
SC002	SC019 (KUL19)	25	478	10155	0.04707040866568193
SC002	SC019 (KUL19)	26	0	10155	0.0
SC002	SC019 (KUL19)	27	0	10155	0.0
SC002	SC019 (KUL19)	28	0	10155	0.0
SC002	SC019 (KUL19)	29	0	10155	0.0
SC002	SC019 (KUL19)	3	244	10155	0.024027572624322993
SC002	SC019 (KUL19)	30	0	10155	0.0
SC002	SC019 (KUL19)	31	142	10155	0.013983259478089611
SC002	SC019 (KUL19)	32	0	10155	0.0
SC002	SC019 (KUL19)	33	0	10155	0.0
SC002	SC019 (KUL19)	4	436	10155	0.04293451501723289
SC002	SC019 (KUL19)	5	26	10155	0.0025603151157065486
SC002	SC019 (KUL19)	6	0	10155	0.0
SC002	SC019 (KUL19)	7	391	10155	0.038503200393894634
SC002	SC019 (KUL19)	8	0	10155	0.0
SC002	SC019 (KUL19)	9	444	10155	0.04372230428360414
SC002	SC021 (KUL21)	0	331	6487	0.05102512717743179
SC002	SC021 (KUL21)	1	1	6487	0.00015415446277169725
SC002	SC021 (KUL21)	10	1080	6487	0.16648681979343302
SC002	SC021 (KUL21)	11	0	6487	0.0
SC002	SC021 (KUL21)	12	1	6487	0.00015415446277169725
SC002	SC021 (KUL21)	13	352	6487	0.05426237089563743
SC002	SC021 (KUL21)	14	19	6487	0.0029289347926622477
SC002	SC021 (KUL21)	15	222	6487	0.03422229073531679
SC002	SC021 (KUL21)	16	0	6487	0.0
SC002	SC021 (KUL21)	17	1	6487	0.00015415446277169725
SC002	SC021 (KUL21)	18	95	6487	0.014644673963311238
SC002	SC021 (KUL21)	19	35	6487	0.005395406197009404
SC002	SC021 (KUL21)	2	706	6487	0.10883305071681826
SC002	SC021 (KUL21)	20	80	6487	0.012332357021735778
SC002	SC021 (KUL21)	21	98	6487	0.01510713735162633
SC002	SC021 (KUL21)	22	184	6487	0.028364421149992294
SC002	SC021 (KUL21)	23	25	6487	0.003853861569292431
SC002	SC021 (KUL21)	24	2105	6487	0.3244951441344227
SC002	SC021 (KUL21)	25	265	6487	0.04085093263449977
SC002	SC021 (KUL21)	26	0	6487	0.0
SC002	SC021 (KUL21)	27	0	6487	0.0
SC002	SC021 (KUL21)	28	0	6487	0.0
SC002	SC021 (KUL21)	29	0	6487	0.0
SC002	SC021 (KUL21)	3	196	6487	0.03021427470325266
SC002	SC021 (KUL21)	30	1	6487	0.00015415446277169725
SC002	SC021 (KUL21)	31	15	6487	0.0023123169415754587
SC002	SC021 (KUL21)	32	0	6487	0.0
SC002	SC021 (KUL21)	33	0	6487	0.0
SC002	SC021 (KUL21)	4	223	6487	0.03437644519808848
SC002	SC021 (KUL21)	5	165	6487	0.025435486357330044
SC002	SC021 (KUL21)	6	6	6487	0.0009249267766301834
SC002	SC021 (KUL21)	7	88	6487	0.013565592723909357
SC002	SC021 (KUL21)	8	0	6487	0.0
SC002	SC021 (KUL21)	9	193	6487	0.02975181131493757
SC002	SC024	0	1036	9434	0.10981556073775704
SC002	SC024	1	0	9434	0.0
SC002	SC024	10	245	9434	0.025969896120415517
SC002	SC024	11	0	9434	0.0
SC002	SC024	12	1	9434	0.00010599957600169599
SC002	SC024	13	1181	9434	0.12518549925800296
SC002	SC024	14	62	9434	0.006571973712105152
SC002	SC024	15	479	9434	0.05077379690481238
SC002	SC024	16	5	9434	0.00052999788000848
SC002	SC024	17	21	9434	0.0022259910960356157
SC002	SC024	18	1033	9434	0.10949756200975196
SC002	SC024	19	215	9434	0.02278990884036464
SC002	SC024	2	1779	9434	0.18857324570701717
SC002	SC024	20	202	9434	0.02141191435234259
SC002	SC024	21	248	9434	0.026287894848420607
SC002	SC024	22	289	9434	0.03063387746449014
SC002	SC024	23	881	9434	0.09338562645749417
SC002	SC024	24	3	9434	0.00031799872800508796
SC002	SC024	25	326	9434	0.03455586177655289
SC002	SC024	26	1	9434	0.00010599957600169599
SC002	SC024	27	1	9434	0.00010599957600169599
SC002	SC024	28	0	9434	0.0
SC002	SC024	29	2	9434	0.00021199915200339198
SC002	SC024	3	313	9434	0.033177867288530845
SC002	SC024	30	0	9434	0.0
SC002	SC024	31	51	9434	0.005405978376086496
SC002	SC024	32	0	9434	0.0
SC002	SC024	33	0	9434	0.0
SC002	SC024	4	598	9434	0.06338774644901421
SC002	SC024	5	30	9434	0.0031799872800508796
SC002	SC024	6	0	9434	0.0
SC002	SC024	7	168	9434	0.017807928768284926
SC002	SC024	8	0	9434	0.0
SC002	SC024	9	264	9434	0.02798388806444774
SC002	SC027	0	900	5787	0.15552099533437014
SC002	SC027	1	1	5787	0.00017280110592707794
SC002	SC027	10	135	5787	0.02332814930015552
SC002	SC027	11	0	5787	0.0
SC002	SC027	12	1	5787	0.00017280110592707794
SC002	SC027	13	600	5787	0.10368066355624676
SC002	SC027	14	116	5787	0.02004492828754104
SC002	SC027	15	271	5787	0.04682909970623812
SC002	SC027	16	0	5787	0.0
SC002	SC027	17	8	5787	0.0013824088474166235
SC002	SC027	18	408	5787	0.0705028512182478
SC002	SC027	19	107	5787	0.01848971833419734
SC002	SC027	2	947	5787	0.1636426473129428
SC002	SC027	20	140	5787	0.02419215482979091
SC002	SC027	21	180	5787	0.03110419906687403
SC002	SC027	22	281	5787	0.0485571107655089
SC002	SC027	23	630	5787	0.1088646967340591
SC002	SC027	24	0	5787	0.0
SC002	SC027	25	303	5787	0.052358735095904614
SC002	SC027	26	0	5787	0.0
SC002	SC027	27	2	5787	0.0003456022118541559
SC002	SC027	28	0	5787	0.0
SC002	SC027	29	1	5787	0.00017280110592707794
SC002	SC027	3	125	5787	0.02160013824088474
SC002	SC027	30	0	5787	0.0
SC002	SC027	31	10	5787	0.0017280110592707793
SC002	SC027	32	0	5787	0.0
SC002	SC027	33	0	5787	0.0
SC002	SC027	4	154	5787	0.026611370312770003
SC002	SC027	5	14	5787	0.002419215482979091
SC002	SC027	6	4	5787	0.0006912044237083118
SC002	SC027	7	24	5787	0.00414722654224987
SC002	SC027	8	0	5787	0.0
SC002	SC027	9	425	5787	0.07344047001900812
SC002	SC028 (KUL28)	0	156	1936	0.08057851239669421
SC002	SC028 (KUL28)	1	4	1936	0.002066115702479339
SC002	SC028 (KUL28)	10	42	1936	0.02169421487603306
SC002	SC028 (KUL28)	11	0	1936	0.0
SC002	SC028 (KUL28)	12	0	1936	0.0
SC002	SC028 (KUL28)	13	305	1936	0.15754132231404958
SC002	SC028 (KUL28)	14	2	1936	0.0010330578512396695
SC002	SC028 (KUL28)	15	56	1936	0.028925619834710745
SC002	SC028 (KUL28)	16	0	1936	0.0
SC002	SC028 (KUL28)	17	2	1936	0.0010330578512396695
SC002	SC028 (KUL28)	18	116	1936	0.05991735537190083
SC002	SC028 (KUL28)	19	161	1936	0.08316115702479339
SC002	SC028 (KUL28)	2	98	1936	0.0506198347107438
SC002	SC028 (KUL28)	20	42	1936	0.02169421487603306
SC002	SC028 (KUL28)	21	227	1936	0.11725206611570248
SC002	SC028 (KUL28)	22	146	1936	0.07541322314049587
SC002	SC028 (KUL28)	23	50	1936	0.025826446280991736
SC002	SC028 (KUL28)	24	0	1936	0.0
SC002	SC028 (KUL28)	25	64	1936	0.03305785123966942
SC002	SC028 (KUL28)	26	0	1936	0.0
SC002	SC028 (KUL28)	27	1	1936	0.0005165289256198347
SC002	SC028 (KUL28)	28	0	1936	0.0
SC002	SC028 (KUL28)	29	0	1936	0.0
SC002	SC028 (KUL28)	3	56	1936	0.028925619834710745
SC002	SC028 (KUL28)	30	0	1936	0.0
SC002	SC028 (KUL28)	31	119	1936	0.061466942148760334
SC002	SC028 (KUL28)	32	0	1936	0.0
SC002	SC028 (KUL28)	33	0	1936	0.0
SC002	SC028 (KUL28)	4	37	1936	0.019111570247933883
SC002	SC028 (KUL28)	5	12	1936	0.006198347107438017
SC002	SC028 (KUL28)	6	1	1936	0.0005165289256198347
SC002	SC028 (KUL28)	7	3	1936	0.0015495867768595042
SC002	SC028 (KUL28)	8	0	1936	0.0
SC002	SC028 (KUL28)	9	236	1936	0.12190082644628099
SC002	SC029	0	208	2680	0.07761194029850746
SC002	SC029	1	1	2680	0.00037313432835820896
SC002	SC029	10	72	2680	0.026865671641791045
SC002	SC029	11	0	2680	0.0
SC002	SC029	12	0	2680	0.0
SC002	SC029	13	860	2680	0.3208955223880597
SC002	SC029	14	4	2680	0.0014925373134328358
SC002	SC029	15	71	2680	0.026492537313432835
SC002	SC029	16	0	2680	0.0
SC002	SC029	17	0	2680	0.0
SC002	SC029	18	247	2680	0.0921641791044776
SC002	SC029	19	156	2680	0.058208955223880594
SC002	SC029	2	98	2680	0.03656716417910448
SC002	SC029	20	57	2680	0.02126865671641791
SC002	SC029	21	173	2680	0.06455223880597015
SC002	SC029	22	90	2680	0.033582089552238806
SC002	SC029	23	191	2680	0.07126865671641791
SC002	SC029	24	0	2680	0.0
SC002	SC029	25	40	2680	0.014925373134328358
SC002	SC029	26	0	2680	0.0
SC002	SC029	27	0	2680	0.0
SC002	SC029	28	0	2680	0.0
SC002	SC029	29	0	2680	0.0
SC002	SC029	3	106	2680	0.03955223880597015
SC002	SC029	30	1	2680	0.00037313432835820896
SC002	SC029	31	5	2680	0.0018656716417910447
SC002	SC029	32	0	2680	0.0
SC002	SC029	33	0	2680	0.0
SC002	SC029	4	95	2680	0.03544776119402985
SC002	SC029	5	10	2680	0.0037313432835820895
SC002	SC029	6	1	2680	0.00037313432835820896
SC002	SC029	7	3	2680	0.001119402985074627
SC002	SC029	8	0	2680	0.0
SC002	SC029	9	191	2680	0.07126865671641791
SC002	SC030 (KUL30)	0	14	3233	0.004330343334364367
SC002	SC030 (KUL30)	1	1	3233	0.0003093102381688834
SC002	SC030 (KUL30)	10	23	3233	0.007114135477884318
SC002	SC030 (KUL30)	11	0	3233	0.0
SC002	SC030 (KUL30)	12	0	3233	0.0
SC002	SC030 (KUL30)	13	865	3233	0.26755335601608415
SC002	SC030 (KUL30)	14	2	3233	0.0006186204763377668
SC002	SC030 (KUL30)	15	23	3233	0.007114135477884318
SC002	SC030 (KUL30)	16	0	3233	0.0
SC002	SC030 (KUL30)	17	0	3233	0.0
SC002	SC030 (KUL30)	18	9	3233	0.0027837921435199505
SC002	SC030 (KUL30)	19	256	3233	0.07918342097123415
SC002	SC030 (KUL30)	2	16	3233	0.0049489638107021346
SC002	SC030 (KUL30)	20	23	3233	0.007114135477884318
SC002	SC030 (KUL30)	21	430	3233	0.13300340241261985
SC002	SC030 (KUL30)	22	159	3233	0.04918032786885246
SC002	SC030 (KUL30)	23	335	3233	0.10361892978657594
SC002	SC030 (KUL30)	24	0	3233	0.0
SC002	SC030 (KUL30)	25	429	3233	0.13269409217445097
SC002	SC030 (KUL30)	26	0	3233	0.0
SC002	SC030 (KUL30)	27	0	3233	0.0
SC002	SC030 (KUL30)	28	0	3233	0.0
SC002	SC030 (KUL30)	29	0	3233	0.0
SC002	SC030 (KUL30)	3	57	3233	0.017630683575626353
SC002	SC030 (KUL30)	30	0	3233	0.0
SC002	SC030 (KUL30)	31	211	3233	0.0652644602536344
SC002	SC030 (KUL30)	32	0	3233	0.0
SC002	SC030 (KUL30)	33	0	3233	0.0
SC002	SC030 (KUL30)	4	44	3233	0.01360965047943087
SC002	SC030 (KUL30)	5	2	3233	0.0006186204763377668
SC002	SC030 (KUL30)	6	1	3233	0.0003093102381688834
SC002	SC030 (KUL30)	7	1	3233	0.0003093102381688834
SC002	SC030 (KUL30)	8	0	3233	0.0
SC002	SC030 (KUL30)	9	332	3233	0.10269099907206929
SC002	SC031 (KUL31)	0	373	3706	0.10064759848893685
SC002	SC031 (KUL31)	1	0	3706	0.0
SC002	SC031 (KUL31)	10	43	3706	0.011602806260118727
SC002	SC031 (KUL31)	11	0	3706	0.0
SC002	SC031 (KUL31)	12	0	3706	0.0
SC002	SC031 (KUL31)	13	327	3706	0.08823529411764706
SC002	SC031 (KUL31)	14	11	3706	0.0029681597409606042
SC002	SC031 (KUL31)	15	638	3706	0.17215326497571506
SC002	SC031 (KUL31)	16	0	3706	0.0
SC002	SC031 (KUL31)	17	18	3706	0.004856988667026443
SC002	SC031 (KUL31)	18	301	3706	0.08121964382083108
SC002	SC031 (KUL31)	19	150	3706	0.040474905558553695
SC002	SC031 (KUL31)	2	419	3706	0.11305990286022666
SC002	SC031 (KUL31)	20	21	3706	0.005666486778197518
SC002	SC031 (KUL31)	21	106	3706	0.028602266594711278
SC002	SC031 (KUL31)	22	36	3706	0.009713977334052886
SC002	SC031 (KUL31)	23	636	3706	0.17161359956826766
SC002	SC031 (KUL31)	24	1	3706	0.0002698327037236913
SC002	SC031 (KUL31)	25	351	3706	0.09471127900701565
SC002	SC031 (KUL31)	26	0	3706	0.0
SC002	SC031 (KUL31)	27	0	3706	0.0
SC002	SC031 (KUL31)	28	0	3706	0.0
SC002	SC031 (KUL31)	29	0	3706	0.0
SC002	SC031 (KUL31)	3	51	3706	0.013761467889908258
SC002	SC031 (KUL31)	30	0	3706	0.0
SC002	SC031 (KUL31)	31	24	3706	0.0064759848893685915
SC002	SC031 (KUL31)	32	0	3706	0.0
SC002	SC031 (KUL31)	33	0	3706	0.0
SC002	SC031 (KUL31)	4	77	3706	0.02077711818672423
SC002	SC031 (KUL31)	5	4	3706	0.0010793308148947653
SC002	SC031 (KUL31)	6	0	3706	0.0
SC002	SC031 (KUL31)	7	31	3706	0.00836481381543443
SC002	SC031 (KUL31)	8	0	3706	0.0
SC002	SC031 (KUL31)	9	88	3706	0.023745277927684834
SC003	38b	0	0	0	
SC003	38b	1	0	0	
SC003	38b	10	0	0	
SC003	38b	11	0	0	
SC003	38b	12	0	0	
SC003	38b	13	0	0	
SC003	38b	14	0	0	
SC003	38b	15	0	0	
SC003	38b	16	0	0	
SC003	38b	17	0	0	
SC003	38b	18	0	0	
SC003	38b	19	0	0	
SC003	38b	2	0	0	
SC003	38b	20	0	0	
SC003	38b	21	0	0	
SC003	38b	22	0	0	
SC003	38b	23	0	0	
SC003	38b	24	0	0	
SC003	38b	25	0	0	
SC003	38b	26	0	0	
SC003	38b	27	0	0	
SC003	38b	28	0	0	
SC003	38b	29	0	0	
SC003	38b	3	0	0	
SC003	38b	30	0	0	
SC003	38b	31	0	0	
SC003	38b	32	0	0	
SC003	38b	33	0	0	
SC003	38b	4	0	0	
SC003	38b	5	0	0	
SC003	38b	6	0	0	
SC003	38b	7	0	0	
SC003	38b	8	0	0	
SC003	38b	9	0	0	
SC003	59	0	0	0	
SC003	59	1	0	0	
SC003	59	10	0	0	
SC003	59	11	0	0	
SC003	59	12	0	0	
SC003	59	13	0	0	
SC003	59	14	0	0	
SC003	59	15	0	0	
SC003	59	16	0	0	
SC003	59	17	0	0	
SC003	59	18	0	0	
SC003	59	19	0	0	
SC003	59	2	0	0	
SC003	59	20	0	0	
SC003	59	21	0	0	
SC003	59	22	0	0	
SC003	59	23	0	0	
SC003	59	24	0	0	
SC003	59	25	0	0	
SC003	59	26	0	0	
SC003	59	27	0	0	
SC003	59	28	0	0	
SC003	59	29	0	0	
SC003	59	3	0	0	
SC003	59	30	0	0	
SC003	59	31	0	0	
SC003	59	32	0	0	
SC003	59	33	0	0	
SC003	59	4	0	0	
SC003	59	5	0	0	
SC003	59	6	0	0	
SC003	59	7	0	0	
SC003	59	8	0	0	
SC003	59	9	0	0	
SC003	6	0	0	0	
SC003	6	1	0	0	
SC003	6	10	0	0	
SC003	6	11	0	0	
SC003	6	12	0	0	
SC003	6	13	0	0	
SC003	6	14	0	0	
SC003	6	15	0	0	
SC003	6	16	0	0	
SC003	6	17	0	0	
SC003	6	18	0	0	
SC003	6	19	0	0	
SC003	6	2	0	0	
SC003	6	20	0	0	
SC003	6	21	0	0	
SC003	6	22	0	0	
SC003	6	23	0	0	
SC003	6	24	0	0	
SC003	6	25	0	0	
SC003	6	26	0	0	
SC003	6	27	0	0	
SC003	6	28	0	0	
SC003	6	29	0	0	
SC003	6	3	0	0	
SC003	6	30	0	0	
SC003	6	31	0	0	
SC003	6	32	0	0	
SC003	6	33	0	0	
SC003	6	4	0	0	
SC003	6	5	0	0	
SC003	6	6	0	0	
SC003	6	7	0	0	
SC003	6	8	0	0	
SC003	6	9	0	0	
SC003	7	0	0	0	
SC003	7	1	0	0	
SC003	7	10	0	0	
SC003	7	11	0	0	
SC003	7	12	0	0	
SC003	7	13	0	0	
SC003	7	14	0	0	
SC003	7	15	0	0	
SC003	7	16	0	0	
SC003	7	17	0	0	
SC003	7	18	0	0	
SC003	7	19	0	0	
SC003	7	2	0	0	
SC003	7	20	0	0	
SC003	7	21	0	0	
SC003	7	22	0	0	
SC003	7	23	0	0	
SC003	7	24	0	0	
SC003	7	25	0	0	
SC003	7	26	0	0	
SC003	7	27	0	0	
SC003	7	28	0	0	
SC003	7	29	0	0	
SC003	7	3	0	0	
SC003	7	30	0	0	
SC003	7	31	0	0	
SC003	7	32	0	0	
SC003	7	33	0	0	
SC003	7	4	0	0	
SC003	7	5	0	0	
SC003	7	6	0	0	
SC003	7	7	0	0	
SC003	7	8	0	0	
SC003	7	9	0	0	
SC003	74-1	0	0	0	
SC003	74-1	1	0	0	
SC003	74-1	10	0	0	
SC003	74-1	11	0	0	
SC003	74-1	12	0	0	
SC003	74-1	13	0	0	
SC003	74-1	14	0	0	
SC003	74-1	15	0	0	
SC003	74-1	16	0	0	
SC003	74-1	17	0	0	
SC003	74-1	18	0	0	
SC003	74-1	19	0	0	
SC003	74-1	2	0	0	
SC003	74-1	20	0	0	
SC003	74-1	21	0	0	
SC003	74-1	22	0	0	
SC003	74-1	23	0	0	
SC003	74-1	24	0	0	
SC003	74-1	25	0	0	
SC003	74-1	26	0	0	
SC003	74-1	27	0	0	
SC003	74-1	28	0	0	
SC003	74-1	29	0	0	
SC003	74-1	3	0	0	
SC003	74-1	30	0	0	
SC003	74-1	31	0	0	
SC003	74-1	32	0	0	
SC003	74-1	33	0	0	
SC003	74-1	4	0	0	
SC003	74-1	5	0	0	
SC003	74-1	6	0	0	
SC003	74-1	7	0	0	
SC003	74-1	8	0	0	
SC003	74-1	9	0	0	
SC003	79	0	0	0	
SC003	79	1	0	0	
SC003	79	10	0	0	
SC003	79	11	0	0	
SC003	79	12	0	0	
SC003	79	13	0	0	
SC003	79	14	0	0	
SC003	79	15	0	0	
SC003	79	16	0	0	
SC003	79	17	0	0	
SC003	79	18	0	0	
SC003	79	19	0	0	
SC003	79	2	0	0	
SC003	79	20	0	0	
SC003	79	21	0	0	
SC003	79	22	0	0	
SC003	79	23	0	0	
SC003	79	24	0	0	
SC003	79	25	0	0	
SC003	79	26	0	0	
SC003	79	27	0	0	
SC003	79	28	0	0	
SC003	79	29	0	0	
SC003	79	3	0	0	
SC003	79	30	0	0	
SC003	79	31	0	0	
SC003	79	32	0	0	
SC003	79	33	0	0	
SC003	79	4	0	0	
SC003	79	5	0	0	
SC003	79	6	0	0	
SC003	79	7	0	0	
SC003	79	8	0	0	
SC003	79	9	0	0	
SC003	8	0	0	0	
SC003	8	1	0	0	
SC003	8	10	0	0	
SC003	8	11	0	0	
SC003	8	12	0	0	
SC003	8	13	0	0	
SC003	8	14	0	0	
SC003	8	15	0	0	
SC003	8	16	0	0	
SC003	8	17	0	0	
SC003	8	18	0	0	
SC003	8	19	0	0	
SC003	8	2	0	0	
SC003	8	20	0	0	
SC003	8	21	0	0	
SC003	8	22	0	0	
SC003	8	23	0	0	
SC003	8	24	0	0	
SC003	8	25	0	0	
SC003	8	26	0	0	
SC003	8	27	0	0	
SC003	8	28	0	0	
SC003	8	29	0	0	
SC003	8	3	0	0	
SC003	8	30	0	0	
SC003	8	31	0	0	
SC003	8	32	0	0	
SC003	8	33	0	0	
SC003	8	4	0	0	
SC003	8	5	0	0	
SC003	8	6	0	0	
SC003	8	7	0	0	
SC003	8	8	0	0	
SC003	8	9	0	0	
SC003	BC01	0	0	21	0.0
SC003	BC01	1	0	21	0.0
SC003	BC01	10	0	21	0.0
SC003	BC01	11	0	21	0.0
SC003	BC01	12	0	21	0.0
SC003	BC01	13	0	21	0.0
SC003	BC01	14	0	21	0.0
SC003	BC01	15	1	21	0.047619047619047616
SC003	BC01	16	0	21	0.0
SC003	BC01	17	2	21	0.09523809523809523
SC003	BC01	18	0	21	0.0
SC003	BC01	19	0	21	0.0
SC003	BC01	2	0	21	0.0
SC003	BC01	20	0	21	0.0
SC003	BC01	21	0	21	0.0
SC003	BC01	22	0	21	0.0
SC003	BC01	23	1	21	0.047619047619047616
SC003	BC01	24	0	21	0.0
SC003	BC01	25	3	21	0.14285714285714285
SC003	BC01	26	0	21	0.0
SC003	BC01	27	1	21	0.047619047619047616
SC003	BC01	28	0	21	0.0
SC003	BC01	29	0	21	0.0
SC003	BC01	3	0	21	0.0
SC003	BC01	30	0	21	0.0
SC003	BC01	31	0	21	0.0
SC003	BC01	32	0	21	0.0
SC003	BC01	33	0	21	0.0
SC003	BC01	4	0	21	0.0
SC003	BC01	5	0	21	0.0
SC003	BC01	6	0	21	0.0
SC003	BC01	7	0	21	0.0
SC003	BC01	8	13	21	0.6190476190476191
SC003	BC01	9	0	21	0.0
SC003	BC02	0	0	52	0.0
SC003	BC02	1	0	52	0.0
SC003	BC02	10	0	52	0.0
SC003	BC02	11	0	52	0.0
SC003	BC02	12	0	52	0.0
SC003	BC02	13	0	52	0.0
SC003	BC02	14	0	52	0.0
SC003	BC02	15	0	52	0.0
SC003	BC02	16	0	52	0.0
SC003	BC02	17	1	52	0.019230769230769232
SC003	BC02	18	0	52	0.0
SC003	BC02	19	0	52	0.0
SC003	BC02	2	0	52	0.0
SC003	BC02	20	0	52	0.0
SC003	BC02	21	0	52	0.0
SC003	BC02	22	0	52	0.0
SC003	BC02	23	1	52	0.019230769230769232
SC003	BC02	24	0	52	0.0
SC003	BC02	25	2	52	0.038461538461538464
SC003	BC02	26	0	52	0.0
SC003	BC02	27	0	52	0.0
SC003	BC02	28	0	52	0.0
SC003	BC02	29	0	52	0.0
SC003	BC02	3	0	52	0.0
SC003	BC02	30	0	52	0.0
SC003	BC02	31	0	52	0.0
SC003	BC02	32	0	52	0.0
SC003	BC02	33	1	52	0.019230769230769232
SC003	BC02	4	0	52	0.0
SC003	BC02	5	1	52	0.019230769230769232
SC003	BC02	6	0	52	0.0
SC003	BC02	7	0	52	0.0
SC003	BC02	8	46	52	0.8846153846153846
SC003	BC02	9	0	52	0.0
SC003	BC03	0	1	36	0.027777777777777776
SC003	BC03	1	0	36	0.0
SC003	BC03	10	0	36	0.0
SC003	BC03	11	0	36	0.0
SC003	BC03	12	0	36	0.0
SC003	BC03	13	0	36	0.0
SC003	BC03	14	0	36	0.0
SC003	BC03	15	0	36	0.0
SC003	BC03	16	0	36	0.0
SC003	BC03	17	0	36	0.0
SC003	BC03	18	5	36	0.1388888888888889
SC003	BC03	19	0	36	0.0
SC003	BC03	2	8	36	0.2222222222222222
SC003	BC03	20	0	36	0.0
SC003	BC03	21	0	36	0.0
SC003	BC03	22	0	36	0.0
SC003	BC03	23	0	36	0.0
SC003	BC03	24	0	36	0.0
SC003	BC03	25	0	36	0.0
SC003	BC03	26	0	36	0.0
SC003	BC03	27	1	36	0.027777777777777776
SC003	BC03	28	0	36	0.0
SC003	BC03	29	0	36	0.0
SC003	BC03	3	0	36	0.0
SC003	BC03	30	0	36	0.0
SC003	BC03	31	0	36	0.0
SC003	BC03	32	0	36	0.0
SC003	BC03	33	0	36	0.0
SC003	BC03	4	0	36	0.0
SC003	BC03	5	0	36	0.0
SC003	BC03	6	0	36	0.0
SC003	BC03	7	4	36	0.1111111111111111
SC003	BC03	8	17	36	0.4722222222222222
SC003	BC03	9	0	36	0.0
SC003	BC03LN	0	0	54	0.0
SC003	BC03LN	1	0	54	0.0
SC003	BC03LN	10	0	54	0.0
SC003	BC03LN	11	0	54	0.0
SC003	BC03LN	12	0	54	0.0
SC003	BC03LN	13	2	54	0.037037037037037035
SC003	BC03LN	14	2	54	0.037037037037037035
SC003	BC03LN	15	0	54	0.0
SC003	BC03LN	16	0	54	0.0
SC003	BC03LN	17	0	54	0.0
SC003	BC03LN	18	7	54	0.12962962962962962
SC003	BC03LN	19	0	54	0.0
SC003	BC03LN	2	3	54	0.05555555555555555
SC003	BC03LN	20	0	54	0.0
SC003	BC03LN	21	0	54	0.0
SC003	BC03LN	22	0	54	0.0
SC003	BC03LN	23	1	54	0.018518518518518517
SC003	BC03LN	24	0	54	0.0
SC003	BC03LN	25	0	54	0.0
SC003	BC03LN	26	0	54	0.0
SC003	BC03LN	27	1	54	0.018518518518518517
SC003	BC03LN	28	0	54	0.0
SC003	BC03LN	29	0	54	0.0
SC003	BC03LN	3	0	54	0.0
SC003	BC03LN	30	0	54	0.0
SC003	BC03LN	31	0	54	0.0
SC003	BC03LN	32	0	54	0.0
SC003	BC03LN	33	1	54	0.018518518518518517
SC003	BC03LN	4	0	54	0.0
SC003	BC03LN	5	0	54	0.0
SC003	BC03LN	6	0	54	0.0
SC003	BC03LN	7	30	54	0.5555555555555556
SC003	BC03LN	8	7	54	0.12962962962962962
SC003	BC03LN	9	0	54	0.0
SC003	BC04	0	0	47	0.0
SC003	BC04	1	0	47	0.0
SC003	BC04	10	1	47	0.02127659574468085
SC003	BC04	11	0	47	0.0
SC003	BC04	12	0	47	0.0
SC003	BC04	13	0	47	0.0
SC003	BC04	14	2	47	0.0425531914893617
SC003	BC04	15	0	47	0.0
SC003	BC04	16	0	47	0.0
SC003	BC04	17	0	47	0.0
SC003	BC04	18	0	47	0.0
SC003	BC04	19	0	47	0.0
SC003	BC04	2	1	47	0.02127659574468085
SC003	BC04	20	0	47	0.0
SC003	BC04	21	0	47	0.0
SC003	BC04	22	0	47	0.0
SC003	BC04	23	9	47	0.19148936170212766
SC003	BC04	24	0	47	0.0
SC003	BC04	25	0	47	0.0
SC003	BC04	26	0	47	0.0
SC003	BC04	27	0	47	0.0
SC003	BC04	28	0	47	0.0
SC003	BC04	29	0	47	0.0
SC003	BC04	3	1	47	0.02127659574468085
SC003	BC04	30	0	47	0.0
SC003	BC04	31	0	47	0.0
SC003	BC04	32	1	47	0.02127659574468085
SC003	BC04	33	0	47	0.0
SC003	BC04	4	1	47	0.02127659574468085
SC003	BC04	5	1	47	0.02127659574468085
SC003	BC04	6	0	47	0.0
SC003	BC04	7	0	47	0.0
SC003	BC04	8	30	47	0.6382978723404256
SC003	BC04	9	0	47	0.0
SC003	BC05	0	0	77	0.0
SC003	BC05	1	0	77	0.0
SC003	BC05	10	0	77	0.0
SC003	BC05	11	0	77	0.0
SC003	BC05	12	0	77	0.0
SC003	BC05	13	0	77	0.0
SC003	BC05	14	0	77	0.0
SC003	BC05	15	0	77	0.0
SC003	BC05	16	0	77	0.0
SC003	BC05	17	1	77	0.012987012987012988
SC003	BC05	18	0	77	0.0
SC003	BC05	19	0	77	0.0
SC003	BC05	2	0	77	0.0
SC003	BC05	20	0	77	0.0
SC003	BC05	21	0	77	0.0
SC003	BC05	22	0	77	0.0
SC003	BC05	23	5	77	0.06493506493506493
SC003	BC05	24	0	77	0.0
SC003	BC05	25	1	77	0.012987012987012988
SC003	BC05	26	0	77	0.0
SC003	BC05	27	2	77	0.025974025974025976
SC003	BC05	28	0	77	0.0
SC003	BC05	29	0	77	0.0
SC003	BC05	3	0	77	0.0
SC003	BC05	30	0	77	0.0
SC003	BC05	31	0	77	0.0
SC003	BC05	32	3	77	0.03896103896103896
SC003	BC05	33	0	77	0.0
SC003	BC05	4	1	77	0.012987012987012988
SC003	BC05	5	0	77	0.0
SC003	BC05	6	0	77	0.0
SC003	BC05	7	0	77	0.0
SC003	BC05	8	64	77	0.8311688311688312
SC003	BC05	9	0	77	0.0
SC003	BC06	0	0	23	0.0
SC003	BC06	1	0	23	0.0
SC003	BC06	10	0	23	0.0
SC003	BC06	11	0	23	0.0
SC003	BC06	12	0	23	0.0
SC003	BC06	13	1	23	0.043478260869565216
SC003	BC06	14	0	23	0.0
SC003	BC06	15	1	23	0.043478260869565216
SC003	BC06	16	0	23	0.0
SC003	BC06	17	0	23	0.0
SC003	BC06	18	6	23	0.2608695652173913
SC003	BC06	19	0	23	0.0
SC003	BC06	2	0	23	0.0
SC003	BC06	20	0	23	0.0
SC003	BC06	21	0	23	0.0
SC003	BC06	22	0	23	0.0
SC003	BC06	23	2	23	0.08695652173913043
SC003	BC06	24	5	23	0.21739130434782608
SC003	BC06	25	0	23	0.0
SC003	BC06	26	0	23	0.0
SC003	BC06	27	1	23	0.043478260869565216
SC003	BC06	28	0	23	0.0
SC003	BC06	29	0	23	0.0
SC003	BC06	3	2	23	0.08695652173913043
SC003	BC06	30	0	23	0.0
SC003	BC06	31	0	23	0.0
SC003	BC06	32	0	23	0.0
SC003	BC06	33	0	23	0.0
SC003	BC06	4	0	23	0.0
SC003	BC06	5	0	23	0.0
SC003	BC06	6	0	23	0.0
SC003	BC06	7	2	23	0.08695652173913043
SC003	BC06	8	3	23	0.13043478260869565
SC003	BC06	9	0	23	0.0
SC003	BC07	0	1	50	0.02
SC003	BC07	1	0	50	0.0
SC003	BC07	10	1	50	0.02
SC003	BC07	11	0	50	0.0
SC003	BC07	12	0	50	0.0
SC003	BC07	13	0	50	0.0
SC003	BC07	14	0	50	0.0
SC003	BC07	15	0	50	0.0
SC003	BC07	16	0	50	0.0
SC003	BC07	17	1	50	0.02
SC003	BC07	18	4	50	0.08
SC003	BC07	19	0	50	0.0
SC003	BC07	2	3	50	0.06
SC003	BC07	20	0	50	0.0
SC003	BC07	21	3	50	0.06
SC003	BC07	22	0	50	0.0
SC003	BC07	23	3	50	0.06
SC003	BC07	24	0	50	0.0
SC003	BC07	25	0	50	0.0
SC003	BC07	26	0	50	0.0
SC003	BC07	27	1	50	0.02
SC003	BC07	28	0	50	0.0
SC003	BC07	29	0	50	0.0
SC003	BC07	3	3	50	0.06
SC003	BC07	30	0	50	0.0
SC003	BC07	31	0	50	0.0
SC003	BC07	32	0	50	0.0
SC003	BC07	33	0	50	0.0
SC003	BC07	4	2	50	0.04
SC003	BC07	5	0	50	0.0
SC003	BC07	6	0	50	0.0
SC003	BC07	7	0	50	0.0
SC003	BC07	8	26	50	0.52
SC003	BC07	9	2	50	0.04
SC003	BC07LN	0	1	52	0.019230769230769232
SC003	BC07LN	1	0	52	0.0
SC003	BC07LN	10	0	52	0.0
SC003	BC07LN	11	0	52	0.0
SC003	BC07LN	12	0	52	0.0
SC003	BC07LN	13	0	52	0.0
SC003	BC07LN	14	3	52	0.057692307692307696
SC003	BC07LN	15	0	52	0.0
SC003	BC07LN	16	0	52	0.0
SC003	BC07LN	17	1	52	0.019230769230769232
SC003	BC07LN	18	14	52	0.2692307692307692
SC003	BC07LN	19	1	52	0.019230769230769232
SC003	BC07LN	2	0	52	0.0
SC003	BC07LN	20	0	52	0.0
SC003	BC07LN	21	1	52	0.019230769230769232
SC003	BC07LN	22	0	52	0.0
SC003	BC07LN	23	2	52	0.038461538461538464
SC003	BC07LN	24	0	52	0.0
SC003	BC07LN	25	1	52	0.019230769230769232
SC003	BC07LN	26	0	52	0.0
SC003	BC07LN	27	1	52	0.019230769230769232
SC003	BC07LN	28	0	52	0.0
SC003	BC07LN	29	0	52	0.0
SC003	BC07LN	3	2	52	0.038461538461538464
SC003	BC07LN	30	0	52	0.0
SC003	BC07LN	31	0	52	0.0
SC003	BC07LN	32	0	52	0.0
SC003	BC07LN	33	1	52	0.019230769230769232
SC003	BC07LN	4	0	52	0.0
SC003	BC07LN	5	0	52	0.0
SC003	BC07LN	6	0	52	0.0
SC003	BC07LN	7	5	52	0.09615384615384616
SC003	BC07LN	8	19	52	0.36538461538461536
SC003	BC07LN	9	0	52	0.0
SC003	BC08	0	0	22	0.0
SC003	BC08	1	0	22	0.0
SC003	BC08	10	5	22	0.22727272727272727
SC003	BC08	11	0	22	0.0
SC003	BC08	12	0	22	0.0
SC003	BC08	13	0	22	0.0
SC003	BC08	14	0	22	0.0
SC003	BC08	15	0	22	0.0
SC003	BC08	16	0	22	0.0
SC003	BC08	17	0	22	0.0
SC003	BC08	18	0	22	0.0
SC003	BC08	19	0	22	0.0
SC003	BC08	2	0	22	0.0
SC003	BC08	20	0	22	0.0
SC003	BC08	21	0	22	0.0
SC003	BC08	22	0	22	0.0
SC003	BC08	23	0	22	0.0
SC003	BC08	24	5	22	0.22727272727272727
SC003	BC08	25	0	22	0.0
SC003	BC08	26	1	22	0.045454545454545456
SC003	BC08	27	4	22	0.18181818181818182
SC003	BC08	28	0	22	0.0
SC003	BC08	29	0	22	0.0
SC003	BC08	3	0	22	0.0
SC003	BC08	30	0	22	0.0
SC003	BC08	31	0	22	0.0
SC003	BC08	32	0	22	0.0
SC003	BC08	33	0	22	0.0
SC003	BC08	4	1	22	0.045454545454545456
SC003	BC08	5	0	22	0.0
SC003	BC08	6	0	22	0.0
SC003	BC08	7	0	22	0.0
SC003	BC08	8	6	22	0.2727272727272727
SC003	BC08	9	0	22	0.0
SC003	BC09	0	3	27	0.1111111111111111
SC003	BC09	1	0	27	0.0
SC003	BC09	10	1	27	0.037037037037037035
SC003	BC09	11	0	27	0.0
SC003	BC09	12	0	27	0.0
SC003	BC09	13	1	27	0.037037037037037035
SC003	BC09	14	2	27	0.07407407407407407
SC003	BC09	15	0	27	0.0
SC003	BC09	16	0	27	0.0
SC003	BC09	17	0	27	0.0
SC003	BC09	18	0	27	0.0
SC003	BC09	19	0	27	0.0
SC003	BC09	2	1	27	0.037037037037037035
SC003	BC09	20	0	27	0.0
SC003	BC09	21	0	27	0.0
SC003	BC09	22	0	27	0.0
SC003	BC09	23	0	27	0.0
SC003	BC09	24	0	27	0.0
SC003	BC09	25	0	27	0.0
SC003	BC09	26	0	27	0.0
SC003	BC09	27	0	27	0.0
SC003	BC09	28	0	27	0.0
SC003	BC09	29	0	27	0.0
SC003	BC09	3	4	27	0.14814814814814814
SC003	BC09	30	0	27	0.0
SC003	BC09	31	0	27	0.0
SC003	BC09	32	0	27	0.0
SC003	BC09	33	3	27	0.1111111111111111
SC003	BC09	4	12	27	0.4444444444444444
SC003	BC09	5	0	27	0.0
SC003	BC09	6	0	27	0.0
SC003	BC09	7	0	27	0.0
SC003	BC09	8	0	27	0.0
SC003	BC09	9	0	27	0.0
SC003	BC09_Re	0	7	30	0.23333333333333334
SC003	BC09_Re	1	0	30	0.0
SC003	BC09_Re	10	0	30	0.0
SC003	BC09_Re	11	0	30	0.0
SC003	BC09_Re	12	0	30	0.0
SC003	BC09_Re	13	0	30	0.0
SC003	BC09_Re	14	2	30	0.06666666666666667
SC003	BC09_Re	15	0	30	0.0
SC003	BC09_Re	16	0	30	0.0
SC003	BC09_Re	17	0	30	0.0
SC003	BC09_Re	18	3	30	0.1
SC003	BC09_Re	19	0	30	0.0
SC003	BC09_Re	2	5	30	0.16666666666666666
SC003	BC09_Re	20	0	30	0.0
SC003	BC09_Re	21	0	30	0.0
SC003	BC09_Re	22	0	30	0.0
SC003	BC09_Re	23	0	30	0.0
SC003	BC09_Re	24	0	30	0.0
SC003	BC09_Re	25	0	30	0.0
SC003	BC09_Re	26	0	30	0.0
SC003	BC09_Re	27	0	30	0.0
SC003	BC09_Re	28	0	30	0.0
SC003	BC09_Re	29	0	30	0.0
SC003	BC09_Re	3	9	30	0.3
SC003	BC09_Re	30	0	30	0.0
SC003	BC09_Re	31	0	30	0.0
SC003	BC09_Re	32	0	30	0.0
SC003	BC09_Re	33	3	30	0.1
SC003	BC09_Re	4	1	30	0.03333333333333333
SC003	BC09_Re	5	0	30	0.0
SC003	BC09_Re	6	0	30	0.0
SC003	BC09_Re	7	0	30	0.0
SC003	BC09_Re	8	0	30	0.0
SC003	BC09_Re	9	0	30	0.0
SC003	BC10	0	0	13	0.0
SC003	BC10	1	0	13	0.0
SC003	BC10	10	0	13	0.0
SC003	BC10	11	1	13	0.07692307692307693
SC003	BC10	12	0	13	0.0
SC003	BC10	13	0	13	0.0
SC003	BC10	14	0	13	0.0
SC003	BC10	15	0	13	0.0
SC003	BC10	16	0	13	0.0
SC003	BC10	17	0	13	0.0
SC003	BC10	18	0	13	0.0
SC003	BC10	19	0	13	0.0
SC003	BC10	2	0	13	0.0
SC003	BC10	20	0	13	0.0
SC003	BC10	21	0	13	0.0
SC003	BC10	22	0	13	0.0
SC003	BC10	23	1	13	0.07692307692307693
SC003	BC10	24	5	13	0.38461538461538464
SC003	BC10	25	0	13	0.0
SC003	BC10	26	0	13	0.0
SC003	BC10	27	2	13	0.15384615384615385
SC003	BC10	28	0	13	0.0
SC003	BC10	29	0	13	0.0
SC003	BC10	3	1	13	0.07692307692307693
SC003	BC10	30	0	13	0.0
SC003	BC10	31	0	13	0.0
SC003	BC10	32	0	13	0.0
SC003	BC10	33	0	13	0.0
SC003	BC10	4	1	13	0.07692307692307693
SC003	BC10	5	0	13	0.0
SC003	BC10	6	0	13	0.0
SC003	BC10	7	0	13	0.0
SC003	BC10	8	2	13	0.15384615384615385
SC003	BC10	9	0	13	0.0
SC003	BC11	0	0	11	0.0
SC003	BC11	1	0	11	0.0
SC003	BC11	10	0	11	0.0
SC003	BC11	11	1	11	0.09090909090909091
SC003	BC11	12	0	11	0.0
SC003	BC11	13	0	11	0.0
SC003	BC11	14	0	11	0.0
SC003	BC11	15	0	11	0.0
SC003	BC11	16	0	11	0.0
SC003	BC11	17	0	11	0.0
SC003	BC11	18	0	11	0.0
SC003	BC11	19	0	11	0.0
SC003	BC11	2	0	11	0.0
SC003	BC11	20	0	11	0.0
SC003	BC11	21	0	11	0.0
SC003	BC11	22	0	11	0.0
SC003	BC11	23	1	11	0.09090909090909091
SC003	BC11	24	1	11	0.09090909090909091
SC003	BC11	25	0	11	0.0
SC003	BC11	26	4	11	0.36363636363636365
SC003	BC11	27	1	11	0.09090909090909091
SC003	BC11	28	0	11	0.0
SC003	BC11	29	1	11	0.09090909090909091
SC003	BC11	3	0	11	0.0
SC003	BC11	30	0	11	0.0
SC003	BC11	31	0	11	0.0
SC003	BC11	32	0	11	0.0
SC003	BC11	33	1	11	0.09090909090909091
SC003	BC11	4	0	11	0.0
SC003	BC11	5	0	11	0.0
SC003	BC11	6	0	11	0.0
SC003	BC11	7	0	11	0.0
SC003	BC11	8	1	11	0.09090909090909091
SC003	BC11	9	0	11	0.0
SC003	SC001 (KUL01)	0	0	0	
SC003	SC001 (KUL01)	1	0	0	
SC003	SC001 (KUL01)	10	0	0	
SC003	SC001 (KUL01)	11	0	0	
SC003	SC001 (KUL01)	12	0	0	
SC003	SC001 (KUL01)	13	0	0	
SC003	SC001 (KUL01)	14	0	0	
SC003	SC001 (KUL01)	15	0	0	
SC003	SC001 (KUL01)	16	0	0	
SC003	SC001 (KUL01)	17	0	0	
SC003	SC001 (KUL01)	18	0	0	
SC003	SC001 (KUL01)	19	0	0	
SC003	SC001 (KUL01)	2	0	0	
SC003	SC001 (KUL01)	20	0	0	
SC003	SC001 (KUL01)	21	0	0	
SC003	SC001 (KUL01)	22	0	0	
SC003	SC001 (KUL01)	23	0	0	
SC003	SC001 (KUL01)	24	0	0	
SC003	SC001 (KUL01)	25	0	0	
SC003	SC001 (KUL01)	26	0	0	
SC003	SC001 (KUL01)	27	0	0	
SC003	SC001 (KUL01)	28	0	0	
SC003	SC001 (KUL01)	29	0	0	
SC003	SC001 (KUL01)	3	0	0	
SC003	SC001 (KUL01)	30	0	0	
SC003	SC001 (KUL01)	31	0	0	
SC003	SC001 (KUL01)	32	0	0	
SC003	SC001 (KUL01)	33	0	0	
SC003	SC001 (KUL01)	4	0	0	
SC003	SC001 (KUL01)	5	0	0	
SC003	SC001 (KUL01)	6	0	0	
SC003	SC001 (KUL01)	7	0	0	
SC003	SC001 (KUL01)	8	0	0	
SC003	SC001 (KUL01)	9	0	0	
SC003	SC019 (KUL19)	0	0	0	
SC003	SC019 (KUL19)	1	0	0	
SC003	SC019 (KUL19)	10	0	0	
SC003	SC019 (KUL19)	11	0	0	
SC003	SC019 (KUL19)	12	0	0	
SC003	SC019 (KUL19)	13	0	0	
SC003	SC019 (KUL19)	14	0	0	
SC003	SC019 (KUL19)	15	0	0	
SC003	SC019 (KUL19)	16	0	0	
SC003	SC019 (KUL19)	17	0	0	
SC003	SC019 (KUL19)	18	0	0	
SC003	SC019 (KUL19)	19	0	0	
SC003	SC019 (KUL19)	2	0	0	
SC003	SC019 (KUL19)	20	0	0	
SC003	SC019 (KUL19)	21	0	0	
SC003	SC019 (KUL19)	22	0	0	
SC003	SC019 (KUL19)	23	0	0	
SC003	SC019 (KUL19)	24	0	0	
SC003	SC019 (KUL19)	25	0	0	
SC003	SC019 (KUL19)	26	0	0	
SC003	SC019 (KUL19)	27	0	0	
SC003	SC019 (KUL19)	28	0	0	
SC003	SC019 (KUL19)	29	0	0	
SC003	SC019 (KUL19)	3	0	0	
SC003	SC019 (KUL19)	30	0	0	
SC003	SC019 (KUL19)	31	0	0	
SC003	SC019 (KUL19)	32	0	0	
SC003	SC019 (KUL19)	33	0	0	
SC003	SC019 (KUL19)	4	0	0	
SC003	SC019 (KUL19)	5	0	0	
SC003	SC019 (KUL19)	6	0	0	
SC003	SC019 (KUL19)	7	0	0	
SC003	SC019 (KUL19)	8	0	0	
SC003	SC019 (KUL19)	9	0	0	
SC003	SC021 (KUL21)	0	0	0	
SC003	SC021 (KUL21)	1	0	0	
SC003	SC021 (KUL21)	10	0	0	
SC003	SC021 (KUL21)	11	0	0	
SC003	SC021 (KUL21)	12	0	0	
SC003	SC021 (KUL21)	13	0	0	
SC003	SC021 (KUL21)	14	0	0	
SC003	SC021 (KUL21)	15	0	0	
SC003	SC021 (KUL21)	16	0	0	
SC003	SC021 (KUL21)	17	0	0	
SC003	SC021 (KUL21)	18	0	0	
SC003	SC021 (KUL21)	19	0	0	
SC003	SC021 (KUL21)	2	0	0	
SC003	SC021 (KUL21)	20	0	0	
SC003	SC021 (KUL21)	21	0	0	
SC003	SC021 (KUL21)	22	0	0	
SC003	SC021 (KUL21)	23	0	0	
SC003	SC021 (KUL21)	24	0	0	
SC003	SC021 (KUL21)	25	0	0	
SC003	SC021 (KUL21)	26	0	0	
SC003	SC021 (KUL21)	27	0	0	
SC003	SC021 (KUL21)	28	0	0	
SC003	SC021 (KUL21)	29	0	0	
SC003	SC021 (KUL21)	3	0	0	
SC003	SC021 (KUL21)	30	0	0	
SC003	SC021 (KUL21)	31	0	0	
SC003	SC021 (KUL21)	32	0	0	
SC003	SC021 (KUL21)	33	0	0	
SC003	SC021 (KUL21)	4	0	0	
SC003	SC021 (KUL21)	5	0	0	
SC003	SC021 (KUL21)	6	0	0	
SC003	SC021 (KUL21)	7	0	0	
SC003	SC021 (KUL21)	8	0	0	
SC003	SC021 (KUL21)	9	0	0	
SC003	SC024	0	0	0	
SC003	SC024	1	0	0	
SC003	SC024	10	0	0	
SC003	SC024	11	0	0	
SC003	SC024	12	0	0	
SC003	SC024	13	0	0	
SC003	SC024	14	0	0	
SC003	SC024	15	0	0	
SC003	SC024	16	0	0	
SC003	SC024	17	0	0	
SC003	SC024	18	0	0	
SC003	SC024	19	0	0	
SC003	SC024	2	0	0	
SC003	SC024	20	0	0	
SC003	SC024	21	0	0	
SC003	SC024	22	0	0	
SC003	SC024	23	0	0	
SC003	SC024	24	0	0	
SC003	SC024	25	0	0	
SC003	SC024	26	0	0	
SC003	SC024	27	0	0	
SC003	SC024	28	0	0	
SC003	SC024	29	0	0	
SC003	SC024	3	0	0	
SC003	SC024	30	0	0	
SC003	SC024	31	0	0	
SC003	SC024	32	0	0	
SC003	SC024	33	0	0	
SC003	SC024	4	0	0	
SC003	SC024	5	0	0	
SC003	SC024	6	0	0	
SC003	SC024	7	0	0	
SC003	SC024	8	0	0	
SC003	SC024	9	0	0	
SC003	SC027	0	0	0	
SC003	SC027	1	0	0	
SC003	SC027	10	0	0	
SC003	SC027	11	0	0	
SC003	SC027	12	0	0	
SC003	SC027	13	0	0	
SC003	SC027	14	0	0	
SC003	SC027	15	0	0	
SC003	SC027	16	0	0	
SC003	SC027	17	0	0	
SC003	SC027	18	0	0	
SC003	SC027	19	0	0	
SC003	SC027	2	0	0	
SC003	SC027	20	0	0	
SC003	SC027	21	0	0	
SC003	SC027	22	0	0	
SC003	SC027	23	0	0	
SC003	SC027	24	0	0	
SC003	SC027	25	0	0	
SC003	SC027	26	0	0	
SC003	SC027	27	0	0	
SC003	SC027	28	0	0	
SC003	SC027	29	0	0	
SC003	SC027	3	0	0	
SC003	SC027	30	0	0	
SC003	SC027	31	0	0	
SC003	SC027	32	0	0	
SC003	SC027	33	0	0	
SC003	SC027	4	0	0	
SC003	SC027	5	0	0	
SC003	SC027	6	0	0	
SC003	SC027	7	0	0	
SC003	SC027	8	0	0	
SC003	SC027	9	0	0	
SC003	SC028 (KUL28)	0	0	0	
SC003	SC028 (KUL28)	1	0	0	
SC003	SC028 (KUL28)	10	0	0	
SC003	SC028 (KUL28)	11	0	0	
SC003	SC028 (KUL28)	12	0	0	
SC003	SC028 (KUL28)	13	0	0	
SC003	SC028 (KUL28)	14	0	0	
SC003	SC028 (KUL28)	15	0	0	
SC003	SC028 (KUL28)	16	0	0	
SC003	SC028 (KUL28)	17	0	0	
SC003	SC028 (KUL28)	18	0	0	
SC003	SC028 (KUL28)	19	0	0	
SC003	SC028 (KUL28)	2	0	0	
SC003	SC028 (KUL28)	20	0	0	
SC003	SC028 (KUL28)	21	0	0	
SC003	SC028 (KUL28)	22	0	0	
SC003	SC028 (KUL28)	23	0	0	
SC003	SC028 (KUL28)	24	0	0	
SC003	SC028 (KUL28)	25	0	0	
SC003	SC028 (KUL28)	26	0	0	
SC003	SC028 (KUL28)	27	0	0	
SC003	SC028 (KUL28)	28	0	0	
SC003	SC028 (KUL28)	29	0	0	
SC003	SC028 (KUL28)	3	0	0	
SC003	SC028 (KUL28)	30	0	0	
SC003	SC028 (KUL28)	31	0	0	
SC003	SC028 (KUL28)	32	0	0	
SC003	SC028 (KUL28)	33	0	0	
SC003	SC028 (KUL28)	4	0	0	
SC003	SC028 (KUL28)	5	0	0	
SC003	SC028 (KUL28)	6	0	0	
SC003	SC028 (KUL28)	7	0	0	
SC003	SC028 (KUL28)	8	0	0	
SC003	SC028 (KUL28)	9	0	0	
SC003	SC029	0	0	0	
SC003	SC029	1	0	0	
SC003	SC029	10	0	0	
SC003	SC029	11	0	0	
SC003	SC029	12	0	0	
SC003	SC029	13	0	0	
SC003	SC029	14	0	0	
SC003	SC029	15	0	0	
SC003	SC029	16	0	0	
SC003	SC029	17	0	0	
SC003	SC029	18	0	0	
SC003	SC029	19	0	0	
SC003	SC029	2	0	0	
SC003	SC029	20	0	0	
SC003	SC029	21	0	0	
SC003	SC029	22	0	0	
SC003	SC029	23	0	0	
SC003	SC029	24	0	0	
SC003	SC029	25	0	0	
SC003	SC029	26	0	0	
SC003	SC029	27	0	0	
SC003	SC029	28	0	0	
SC003	SC029	29	0	0	
SC003	SC029	3	0	0	
SC003	SC029	30	0	0	
SC003	SC029	31	0	0	
SC003	SC029	32	0	0	
SC003	SC029	33	0	0	
SC003	SC029	4	0	0	
SC003	SC029	5	0	0	
SC003	SC029	6	0	0	
SC003	SC029	7	0	0	
SC003	SC029	8	0	0	
SC003	SC029	9	0	0	
SC003	SC030 (KUL30)	0	0	0	
SC003	SC030 (KUL30)	1	0	0	
SC003	SC030 (KUL30)	10	0	0	
SC003	SC030 (KUL30)	11	0	0	
SC003	SC030 (KUL30)	12	0	0	
SC003	SC030 (KUL30)	13	0	0	
SC003	SC030 (KUL30)	14	0	0	
SC003	SC030 (KUL30)	15	0	0	
SC003	SC030 (KUL30)	16	0	0	
SC003	SC030 (KUL30)	17	0	0	
SC003	SC030 (KUL30)	18	0	0	
SC003	SC030 (KUL30)	19	0	0	
SC003	SC030 (KUL30)	2	0	0	
SC003	SC030 (KUL30)	20	0	0	
SC003	SC030 (KUL30)	21	0	0	
SC003	SC030 (KUL30)	22	0	0	
SC003	SC030 (KUL30)	23	0	0	
SC003	SC030 (KUL30)	24	0	0	
SC003	SC030 (KUL30)	25	0	0	
SC003	SC030 (KUL30)	26	0	0	
SC003	SC030 (KUL30)	27	0	0	
SC003	SC030 (KUL30)	28	0	0	
SC003	SC030 (KUL30)	29	0	0	
SC003	SC030 (KUL30)	3	0	0	
SC003	SC030 (KUL30)	30	0	0	
SC003	SC030 (KUL30)	31	0	0	
SC003	SC030 (KUL30)	32	0	0	
SC003	SC030 (KUL30)	33	0	0	
SC003	SC030 (KUL30)	4	0	0	
SC003	SC030 (KUL30)	5	0	0	
SC003	SC030 (KUL30)	6	0	0	
SC003	SC030 (KUL30)	7	0	0	
SC003	SC030 (KUL30)	8	0	0	
SC003	SC030 (KUL30)	9	0	0	
SC003	SC031 (KUL31)	0	0	0	
SC003	SC031 (KUL31)	1	0	0	
SC003	SC031 (KUL31)	10	0	0	
SC003	SC031 (KUL31)	11	0	0	
SC003	SC031 (KUL31)	12	0	0	
SC003	SC031 (KUL31)	13	0	0	
SC003	SC031 (KUL31)	14	0	0	
SC003	SC031 (KUL31)	15	0	0	
SC003	SC031 (KUL31)	16	0	0	
SC003	SC031 (KUL31)	17	0	0	
SC003	SC031 (KUL31)	18	0	0	
SC003	SC031 (KUL31)	19	0	0	
SC003	SC031 (KUL31)	2	0	0	
SC003	SC031 (KUL31)	20	0	0	
SC003	SC031 (KUL31)	21	0	0	
SC003	SC031 (KUL31)	22	0	0	
SC003	SC031 (KUL31)	23	0	0	
SC003	SC031 (KUL31)	24	0	0	
SC003	SC031 (KUL31)	25	0	0	
SC003	SC031 (KUL31)	26	0	0	
SC003	SC031 (KUL31)	27	0	0	
SC003	SC031 (KUL31)	28	0	0	
SC003	SC031 (KUL31)	29	0	0	
SC003	SC031 (KUL31)	3	0	0	
SC003	SC031 (KUL31)	30	0	0	
SC003	SC031 (KUL31)	31	0	0	
SC003	SC031 (KUL31)	32	0	0	
SC003	SC031 (KUL31)	33	0	0	
SC003	SC031 (KUL31)	4	0	0	
SC003	SC031 (KUL31)	5	0	0	
SC003	SC031 (KUL31)	6	0	0	
SC003	SC031 (KUL31)	7	0	0	
SC003	SC031 (KUL31)	8	0	0	
SC003	SC031 (KUL31)	9	0	0	
SC004	38b	0	0	5395	0.0
SC004	38b	1	0	5395	0.0
SC004	38b	10	14	5395	0.0025949953660797036
SC004	38b	11	0	5395	0.0
SC004	38b	12	0	5395	0.0
SC004	38b	13	0	5395	0.0
SC004	38b	14	1	5395	0.00018535681186283596
SC004	38b	15	88	5395	0.016311399443929564
SC004	38b	16	0	5395	0.0
SC004	38b	17	0	5395	0.0
SC004	38b	18	0	5395	0.0
SC004	38b	19	0	5395	0.0
SC004	38b	2	0	5395	0.0
SC004	38b	20	0	5395	0.0
SC004	38b	21	0	5395	0.0
SC004	38b	22	0	5395	0.0
SC004	38b	23	0	5395	0.0
SC004	38b	24	0	5395	0.0
SC004	38b	25	0	5395	0.0
SC004	38b	26	0	5395	0.0
SC004	38b	27	2	5395	0.0003707136237256719
SC004	38b	28	0	5395	0.0
SC004	38b	29	0	5395	0.0
SC004	38b	3	0	5395	0.0
SC004	38b	30	1267	5395	0.23484708063021317
SC004	38b	31	0	5395	0.0
SC004	38b	32	4016	5395	0.7443929564411492
SC004	38b	33	0	5395	0.0
SC004	38b	4	0	5395	0.0
SC004	38b	5	0	5395	0.0
SC004	38b	6	0	5395	0.0
SC004	38b	7	7	5395	0.0012974976830398518
SC004	38b	8	0	5395	0.0
SC004	38b	9	0	5395	0.0
SC004	59	0	0	3883	0.0
SC004	59	1	0	3883	0.0
SC004	59	10	0	3883	0.0
SC004	59	11	0	3883	0.0
SC004	59	12	0	3883	0.0
SC004	59	13	0	3883	0.0
SC004	59	14	43	3883	0.011073911923770281
SC004	59	15	58	3883	0.014936904455318053
SC004	59	16	3	3883	0.0007725985063095545
SC004	59	17	7	3883	0.0018027298480556271
SC004	59	18	0	3883	0.0
SC004	59	19	0	3883	0.0
SC004	59	2	0	3883	0.0
SC004	59	20	0	3883	0.0
SC004	59	21	0	3883	0.0
SC004	59	22	0	3883	0.0
SC004	59	23	9	3883	0.0023177955189286636
SC004	59	24	0	3883	0.0
SC004	59	25	0	3883	0.0
SC004	59	26	0	3883	0.0
SC004	59	27	3049	3883	0.7852176152459439
SC004	59	28	0	3883	0.0
SC004	59	29	0	3883	0.0
SC004	59	3	0	3883	0.0
SC004	59	30	712	3883	0.18336337883080092
SC004	59	31	0	3883	0.0
SC004	59	32	0	3883	0.0
SC004	59	33	0	3883	0.0
SC004	59	4	0	3883	0.0
SC004	59	5	0	3883	0.0
SC004	59	6	0	3883	0.0
SC004	59	7	2	3883	0.0005150656708730364
SC004	59	8	0	3883	0.0
SC004	59	9	0	3883	0.0
SC004	6	0	0	0	
SC004	6	1	0	0	
SC004	6	10	0	0	
SC004	6	11	0	0	
SC004	6	12	0	0	
SC004	6	13	0	0	
SC004	6	14	0	0	
SC004	6	15	0	0	
SC004	6	16	0	0	
SC004	6	17	0	0	
SC004	6	18	0	0	
SC004	6	19	0	0	
SC004	6	2	0	0	
SC004	6	20	0	0	
SC004	6	21	0	0	
SC004	6	22	0	0	
SC004	6	23	0	0	
SC004	6	24	0	0	
SC004	6	25	0	0	
SC004	6	26	0	0	
SC004	6	27	0	0	
SC004	6	28	0	0	
SC004	6	29	0	0	
SC004	6	3	0	0	
SC004	6	30	0	0	
SC004	6	31	0	0	
SC004	6	32	0	0	
SC004	6	33	0	0	
SC004	6	4	0	0	
SC004	6	5	0	0	
SC004	6	6	0	0	
SC004	6	7	0	0	
SC004	6	8	0	0	
SC004	6	9	0	0	
SC004	7	0	0	0	
SC004	7	1	0	0	
SC004	7	10	0	0	
SC004	7	11	0	0	
SC004	7	12	0	0	
SC004	7	13	0	0	
SC004	7	14	0	0	
SC004	7	15	0	0	
SC004	7	16	0	0	
SC004	7	17	0	0	
SC004	7	18	0	0	
SC004	7	19	0	0	
SC004	7	2	0	0	
SC004	7	20	0	0	
SC004	7	21	0	0	
SC004	7	22	0	0	
SC004	7	23	0	0	
SC004	7	24	0	0	
SC004	7	25	0	0	
SC004	7	26	0	0	
SC004	7	27	0	0	
SC004	7	28	0	0	
SC004	7	29	0	0	
SC004	7	3	0	0	
SC004	7	30	0	0	
SC004	7	31	0	0	
SC004	7	32	0	0	
SC004	7	33	0	0	
SC004	7	4	0	0	
SC004	7	5	0	0	
SC004	7	6	0	0	
SC004	7	7	0	0	
SC004	7	8	0	0	
SC004	7	9	0	0	
SC004	74-1	0	0	6236	0.0
SC004	74-1	1	0	6236	0.0
SC004	74-1	10	5	6236	0.0008017960230917255
SC004	74-1	11	0	6236	0.0
SC004	74-1	12	0	6236	0.0
SC004	74-1	13	0	6236	0.0
SC004	74-1	14	0	6236	0.0
SC004	74-1	15	138	6236	0.022129570237331624
SC004	74-1	16	1	6236	0.00016035920461834508
SC004	74-1	17	0	6236	0.0
SC004	74-1	18	0	6236	0.0
SC004	74-1	19	0	6236	0.0
SC004	74-1	2	0	6236	0.0
SC004	74-1	20	0	6236	0.0
SC004	74-1	21	0	6236	0.0
SC004	74-1	22	0	6236	0.0
SC004	74-1	23	2	6236	0.00032071840923669016
SC004	74-1	24	0	6236	0.0
SC004	74-1	25	0	6236	0.0
SC004	74-1	26	0	6236	0.0
SC004	74-1	27	1	6236	0.00016035920461834508
SC004	74-1	28	0	6236	0.0
SC004	74-1	29	0	6236	0.0
SC004	74-1	3	0	6236	0.0
SC004	74-1	30	1946	6236	0.31205901218729953
SC004	74-1	31	0	6236	0.0
SC004	74-1	32	0	6236	0.0
SC004	74-1	33	4134	6236	0.6629249518922387
SC004	74-1	4	0	6236	0.0
SC004	74-1	5	0	6236	0.0
SC004	74-1	6	0	6236	0.0
SC004	74-1	7	9	6236	0.0014432328415651058
SC004	74-1	8	0	6236	0.0
SC004	74-1	9	0	6236	0.0
SC004	79	0	0	4354	0.0
SC004	79	1	0	4354	0.0
SC004	79	10	224	4354	0.05144694533762058
SC004	79	11	0	4354	0.0
SC004	79	12	0	4354	0.0
SC004	79	13	0	4354	0.0
SC004	79	14	1	4354	0.00022967386311437759
SC004	79	15	102	4354	0.023426734037666513
SC004	79	16	56	4354	0.012861736334405145
SC004	79	17	0	4354	0.0
SC004	79	18	0	4354	0.0
SC004	79	19	0	4354	0.0
SC004	79	2	0	4354	0.0
SC004	79	20	0	4354	0.0
SC004	79	21	0	4354	0.0
SC004	79	22	0	4354	0.0
SC004	79	23	10	4354	0.0022967386311437757
SC004	79	24	0	4354	0.0
SC004	79	25	0	4354	0.0
SC004	79	26	2566	4354	0.5893431327514929
SC004	79	27	4	4354	0.0009186954524575103
SC004	79	28	0	4354	0.0
SC004	79	29	462	4354	0.10610932475884244
SC004	79	3	0	4354	0.0
SC004	79	30	915	4354	0.21015158474965548
SC004	79	31	0	4354	0.0
SC004	79	32	14	4354	0.003215434083601286
SC004	79	33	0	4354	0.0
SC004	79	4	0	4354	0.0
SC004	79	5	0	4354	0.0
SC004	79	6	0	4354	0.0
SC004	79	7	0	4354	0.0
SC004	79	8	0	4354	0.0
SC004	79	9	0	4354	0.0
SC004	8	0	0	0	
SC004	8	1	0	0	
SC004	8	10	0	0	
SC004	8	11	0	0	
SC004	8	12	0	0	
SC004	8	13	0	0	
SC004	8	14	0	0	
SC004	8	15	0	0	
SC004	8	16	0	0	
SC004	8	17	0	0	
SC004	8	18	0	0	
SC004	8	19	0	0	
SC004	8	2	0	0	
SC004	8	20	0	0	
SC004	8	21	0	0	
SC004	8	22	0	0	
SC004	8	23	0	0	
SC004	8	24	0	0	
SC004	8	25	0	0	
SC004	8	26	0	0	
SC004	8	27	0	0	
SC004	8	28	0	0	
SC004	8	29	0	0	
SC004	8	3	0	0	
SC004	8	30	0	0	
SC004	8	31	0	0	
SC004	8	32	0	0	
SC004	8	33	0	0	
SC004	8	4	0	0	
SC004	8	5	0	0	
SC004	8	6	0	0	
SC004	8	7	0	0	
SC004	8	8	0	0	
SC004	8	9	0	0	
SC004	BC01	0	0	0	
SC004	BC01	1	0	0	
SC004	BC01	10	0	0	
SC004	BC01	11	0	0	
SC004	BC01	12	0	0	
SC004	BC01	13	0	0	
SC004	BC01	14	0	0	
SC004	BC01	15	0	0	
SC004	BC01	16	0	0	
SC004	BC01	17	0	0	
SC004	BC01	18	0	0	
SC004	BC01	19	0	0	
SC004	BC01	2	0	0	
SC004	BC01	20	0	0	
SC004	BC01	21	0	0	
SC004	BC01	22	0	0	
SC004	BC01	23	0	0	
SC004	BC01	24	0	0	
SC004	BC01	25	0	0	
SC004	BC01	26	0	0	
SC004	BC01	27	0	0	
SC004	BC01	28	0	0	
SC004	BC01	29	0	0	
SC004	BC01	3	0	0	
SC004	BC01	30	0	0	
SC004	BC01	31	0	0	
SC004	BC01	32	0	0	
SC004	BC01	33	0	0	
SC004	BC01	4	0	0	
SC004	BC01	5	0	0	
SC004	BC01	6	0	0	
SC004	BC01	7	0	0	
SC004	BC01	8	0	0	
SC004	BC01	9	0	0	
SC004	BC02	0	0	0	
SC004	BC02	1	0	0	
SC004	BC02	10	0	0	
SC004	BC02	11	0	0	
SC004	BC02	12	0	0	
SC004	BC02	13	0	0	
SC004	BC02	14	0	0	
SC004	BC02	15	0	0	
SC004	BC02	16	0	0	
SC004	BC02	17	0	0	
SC004	BC02	18	0	0	
SC004	BC02	19	0	0	
SC004	BC02	2	0	0	
SC004	BC02	20	0	0	
SC004	BC02	21	0	0	
SC004	BC02	22	0	0	
SC004	BC02	23	0	0	
SC004	BC02	24	0	0	
SC004	BC02	25	0	0	
SC004	BC02	26	0	0	
SC004	BC02	27	0	0	
SC004	BC02	28	0	0	
SC004	BC02	29	0	0	
SC004	BC02	3	0	0	
SC004	BC02	30	0	0	
SC004	BC02	31	0	0	
SC004	BC02	32	0	0	
SC004	BC02	33	0	0	
SC004	BC02	4	0	0	
SC004	BC02	5	0	0	
SC004	BC02	6	0	0	
SC004	BC02	7	0	0	
SC004	BC02	8	0	0	
SC004	BC02	9	0	0	
SC004	BC03	0	0	0	
SC004	BC03	1	0	0	
SC004	BC03	10	0	0	
SC004	BC03	11	0	0	
SC004	BC03	12	0	0	
SC004	BC03	13	0	0	
SC004	BC03	14	0	0	
SC004	BC03	15	0	0	
SC004	BC03	16	0	0	
SC004	BC03	17	0	0	
SC004	BC03	18	0	0	
SC004	BC03	19	0	0	
SC004	BC03	2	0	0	
SC004	BC03	20	0	0	
SC004	BC03	21	0	0	
SC004	BC03	22	0	0	
SC004	BC03	23	0	0	
SC004	BC03	24	0	0	
SC004	BC03	25	0	0	
SC004	BC03	26	0	0	
SC004	BC03	27	0	0	
SC004	BC03	28	0	0	
SC004	BC03	29	0	0	
SC004	BC03	3	0	0	
SC004	BC03	30	0	0	
SC004	BC03	31	0	0	
SC004	BC03	32	0	0	
SC004	BC03	33	0	0	
SC004	BC03	4	0	0	
SC004	BC03	5	0	0	
SC004	BC03	6	0	0	
SC004	BC03	7	0	0	
SC004	BC03	8	0	0	
SC004	BC03	9	0	0	
SC004	BC03LN	0	0	0	
SC004	BC03LN	1	0	0	
SC004	BC03LN	10	0	0	
SC004	BC03LN	11	0	0	
SC004	BC03LN	12	0	0	
SC004	BC03LN	13	0	0	
SC004	BC03LN	14	0	0	
SC004	BC03LN	15	0	0	
SC004	BC03LN	16	0	0	
SC004	BC03LN	17	0	0	
SC004	BC03LN	18	0	0	
SC004	BC03LN	19	0	0	
SC004	BC03LN	2	0	0	
SC004	BC03LN	20	0	0	
SC004	BC03LN	21	0	0	
SC004	BC03LN	22	0	0	
SC004	BC03LN	23	0	0	
SC004	BC03LN	24	0	0	
SC004	BC03LN	25	0	0	
SC004	BC03LN	26	0	0	
SC004	BC03LN	27	0	0	
SC004	BC03LN	28	0	0	
SC004	BC03LN	29	0	0	
SC004	BC03LN	3	0	0	
SC004	BC03LN	30	0	0	
SC004	BC03LN	31	0	0	
SC004	BC03LN	32	0	0	
SC004	BC03LN	33	0	0	
SC004	BC03LN	4	0	0	
SC004	BC03LN	5	0	0	
SC004	BC03LN	6	0	0	
SC004	BC03LN	7	0	0	
SC004	BC03LN	8	0	0	
SC004	BC03LN	9	0	0	
SC004	BC04	0	0	0	
SC004	BC04	1	0	0	
SC004	BC04	10	0	0	
SC004	BC04	11	0	0	
SC004	BC04	12	0	0	
SC004	BC04	13	0	0	
SC004	BC04	14	0	0	
SC004	BC04	15	0	0	
SC004	BC04	16	0	0	
SC004	BC04	17	0	0	
SC004	BC04	18	0	0	
SC004	BC04	19	0	0	
SC004	BC04	2	0	0	
SC004	BC04	20	0	0	
SC004	BC04	21	0	0	
SC004	BC04	22	0	0	
SC004	BC04	23	0	0	
SC004	BC04	24	0	0	
SC004	BC04	25	0	0	
SC004	BC04	26	0	0	
SC004	BC04	27	0	0	
SC004	BC04	28	0	0	
SC004	BC04	29	0	0	
SC004	BC04	3	0	0	
SC004	BC04	30	0	0	
SC004	BC04	31	0	0	
SC004	BC04	32	0	0	
SC004	BC04	33	0	0	
SC004	BC04	4	0	0	
SC004	BC04	5	0	0	
SC004	BC04	6	0	0	
SC004	BC04	7	0	0	
SC004	BC04	8	0	0	
SC004	BC04	9	0	0	
SC004	BC05	0	0	0	
SC004	BC05	1	0	0	
SC004	BC05	10	0	0	
SC004	BC05	11	0	0	
SC004	BC05	12	0	0	
SC004	BC05	13	0	0	
SC004	BC05	14	0	0	
SC004	BC05	15	0	0	
SC004	BC05	16	0	0	
SC004	BC05	17	0	0	
SC004	BC05	18	0	0	
SC004	BC05	19	0	0	
SC004	BC05	2	0	0	
SC004	BC05	20	0	0	
SC004	BC05	21	0	0	
SC004	BC05	22	0	0	
SC004	BC05	23	0	0	
SC004	BC05	24	0	0	
SC004	BC05	25	0	0	
SC004	BC05	26	0	0	
SC004	BC05	27	0	0	
SC004	BC05	28	0	0	
SC004	BC05	29	0	0	
SC004	BC05	3	0	0	
SC004	BC05	30	0	0	
SC004	BC05	31	0	0	
SC004	BC05	32	0	0	
SC004	BC05	33	0	0	
SC004	BC05	4	0	0	
SC004	BC05	5	0	0	
SC004	BC05	6	0	0	
SC004	BC05	7	0	0	
SC004	BC05	8	0	0	
SC004	BC05	9	0	0	
SC004	BC06	0	0	0	
SC004	BC06	1	0	0	
SC004	BC06	10	0	0	
SC004	BC06	11	0	0	
SC004	BC06	12	0	0	
SC004	BC06	13	0	0	
SC004	BC06	14	0	0	
SC004	BC06	15	0	0	
SC004	BC06	16	0	0	
SC004	BC06	17	0	0	
SC004	BC06	18	0	0	
SC004	BC06	19	0	0	
SC004	BC06	2	0	0	
SC004	BC06	20	0	0	
SC004	BC06	21	0	0	
SC004	BC06	22	0	0	
SC004	BC06	23	0	0	
SC004	BC06	24	0	0	
SC004	BC06	25	0	0	
SC004	BC06	26	0	0	
SC004	BC06	27	0	0	
SC004	BC06	28	0	0	
SC004	BC06	29	0	0	
SC004	BC06	3	0	0	
SC004	BC06	30	0	0	
SC004	BC06	31	0	0	
SC004	BC06	32	0	0	
SC004	BC06	33	0	0	
SC004	BC06	4	0	0	
SC004	BC06	5	0	0	
SC004	BC06	6	0	0	
SC004	BC06	7	0	0	
SC004	BC06	8	0	0	
SC004	BC06	9	0	0	
SC004	BC07	0	0	0	
SC004	BC07	1	0	0	
SC004	BC07	10	0	0	
SC004	BC07	11	0	0	
SC004	BC07	12	0	0	
SC004	BC07	13	0	0	
SC004	BC07	14	0	0	
SC004	BC07	15	0	0	
SC004	BC07	16	0	0	
SC004	BC07	17	0	0	
SC004	BC07	18	0	0	
SC004	BC07	19	0	0	
SC004	BC07	2	0	0	
SC004	BC07	20	0	0	
SC004	BC07	21	0	0	
SC004	BC07	22	0	0	
SC004	BC07	23	0	0	
SC004	BC07	24	0	0	
SC004	BC07	25	0	0	
SC004	BC07	26	0	0	
SC004	BC07	27	0	0	
SC004	BC07	28	0	0	
SC004	BC07	29	0	0	
SC004	BC07	3	0	0	
SC004	BC07	30	0	0	
SC004	BC07	31	0	0	
SC004	BC07	32	0	0	
SC004	BC07	33	0	0	
SC004	BC07	4	0	0	
SC004	BC07	5	0	0	
SC004	BC07	6	0	0	
SC004	BC07	7	0	0	
SC004	BC07	8	0	0	
SC004	BC07	9	0	0	
SC004	BC07LN	0	0	0	
SC004	BC07LN	1	0	0	
SC004	BC07LN	10	0	0	
SC004	BC07LN	11	0	0	
SC004	BC07LN	12	0	0	
SC004	BC07LN	13	0	0	
SC004	BC07LN	14	0	0	
SC004	BC07LN	15	0	0	
SC004	BC07LN	16	0	0	
SC004	BC07LN	17	0	0	
SC004	BC07LN	18	0	0	
SC004	BC07LN	19	0	0	
SC004	BC07LN	2	0	0	
SC004	BC07LN	20	0	0	
SC004	BC07LN	21	0	0	
SC004	BC07LN	22	0	0	
SC004	BC07LN	23	0	0	
SC004	BC07LN	24	0	0	
SC004	BC07LN	25	0	0	
SC004	BC07LN	26	0	0	
SC004	BC07LN	27	0	0	
SC004	BC07LN	28	0	0	
SC004	BC07LN	29	0	0	
SC004	BC07LN	3	0	0	
SC004	BC07LN	30	0	0	
SC004	BC07LN	31	0	0	
SC004	BC07LN	32	0	0	
SC004	BC07LN	33	0	0	
SC004	BC07LN	4	0	0	
SC004	BC07LN	5	0	0	
SC004	BC07LN	6	0	0	
SC004	BC07LN	7	0	0	
SC004	BC07LN	8	0	0	
SC004	BC07LN	9	0	0	
SC004	BC08	0	0	0	
SC004	BC08	1	0	0	
SC004	BC08	10	0	0	
SC004	BC08	11	0	0	
SC004	BC08	12	0	0	
SC004	BC08	13	0	0	
SC004	BC08	14	0	0	
SC004	BC08	15	0	0	
SC004	BC08	16	0	0	
SC004	BC08	17	0	0	
SC004	BC08	18	0	0	
SC004	BC08	19	0	0	
SC004	BC08	2	0	0	
SC004	BC08	20	0	0	
SC004	BC08	21	0	0	
SC004	BC08	22	0	0	
SC004	BC08	23	0	0	
SC004	BC08	24	0	0	
SC004	BC08	25	0	0	
SC004	BC08	26	0	0	
SC004	BC08	27	0	0	
SC004	BC08	28	0	0	
SC004	BC08	29	0	0	
SC004	BC08	3	0	0	
SC004	BC08	30	0	0	
SC004	BC08	31	0	0	
SC004	BC08	32	0	0	
SC004	BC08	33	0	0	
SC004	BC08	4	0	0	
SC004	BC08	5	0	0	
SC004	BC08	6	0	0	
SC004	BC08	7	0	0	
SC004	BC08	8	0	0	
SC004	BC08	9	0	0	
SC004	BC09	0	0	0	
SC004	BC09	1	0	0	
SC004	BC09	10	0	0	
SC004	BC09	11	0	0	
SC004	BC09	12	0	0	
SC004	BC09	13	0	0	
SC004	BC09	14	0	0	
SC004	BC09	15	0	0	
SC004	BC09	16	0	0	
SC004	BC09	17	0	0	
SC004	BC09	18	0	0	
SC004	BC09	19	0	0	
SC004	BC09	2	0	0	
SC004	BC09	20	0	0	
SC004	BC09	21	0	0	
SC004	BC09	22	0	0	
SC004	BC09	23	0	0	
SC004	BC09	24	0	0	
SC004	BC09	25	0	0	
SC004	BC09	26	0	0	
SC004	BC09	27	0	0	
SC004	BC09	28	0	0	
SC004	BC09	29	0	0	
SC004	BC09	3	0	0	
SC004	BC09	30	0	0	
SC004	BC09	31	0	0	
SC004	BC09	32	0	0	
SC004	BC09	33	0	0	
SC004	BC09	4	0	0	
SC004	BC09	5	0	0	
SC004	BC09	6	0	0	
SC004	BC09	7	0	0	
SC004	BC09	8	0	0	
SC004	BC09	9	0	0	
SC004	BC09_Re	0	0	0	
SC004	BC09_Re	1	0	0	
SC004	BC09_Re	10	0	0	
SC004	BC09_Re	11	0	0	
SC004	BC09_Re	12	0	0	
SC004	BC09_Re	13	0	0	
SC004	BC09_Re	14	0	0	
SC004	BC09_Re	15	0	0	
SC004	BC09_Re	16	0	0	
SC004	BC09_Re	17	0	0	
SC004	BC09_Re	18	0	0	
SC004	BC09_Re	19	0	0	
SC004	BC09_Re	2	0	0	
SC004	BC09_Re	20	0	0	
SC004	BC09_Re	21	0	0	
SC004	BC09_Re	22	0	0	
SC004	BC09_Re	23	0	0	
SC004	BC09_Re	24	0	0	
SC004	BC09_Re	25	0	0	
SC004	BC09_Re	26	0	0	
SC004	BC09_Re	27	0	0	
SC004	BC09_Re	28	0	0	
SC004	BC09_Re	29	0	0	
SC004	BC09_Re	3	0	0	
SC004	BC09_Re	30	0	0	
SC004	BC09_Re	31	0	0	
SC004	BC09_Re	32	0	0	
SC004	BC09_Re	33	0	0	
SC004	BC09_Re	4	0	0	
SC004	BC09_Re	5	0	0	
SC004	BC09_Re	6	0	0	
SC004	BC09_Re	7	0	0	
SC004	BC09_Re	8	0	0	
SC004	BC09_Re	9	0	0	
SC004	BC10	0	0	0	
SC004	BC10	1	0	0	
SC004	BC10	10	0	0	
SC004	BC10	11	0	0	
SC004	BC10	12	0	0	
SC004	BC10	13	0	0	
SC004	BC10	14	0	0	
SC004	BC10	15	0	0	
SC004	BC10	16	0	0	
SC004	BC10	17	0	0	
SC004	BC10	18	0	0	
SC004	BC10	19	0	0	
SC004	BC10	2	0	0	
SC004	BC10	20	0	0	
SC004	BC10	21	0	0	
SC004	BC10	22	0	0	
SC004	BC10	23	0	0	
SC004	BC10	24	0	0	
SC004	BC10	25	0	0	
SC004	BC10	26	0	0	
SC004	BC10	27	0	0	
SC004	BC10	28	0	0	
SC004	BC10	29	0	0	
SC004	BC10	3	0	0	
SC004	BC10	30	0	0	
SC004	BC10	31	0	0	
SC004	BC10	32	0	0	
SC004	BC10	33	0	0	
SC004	BC10	4	0	0	
SC004	BC10	5	0	0	
SC004	BC10	6	0	0	
SC004	BC10	7	0	0	
SC004	BC10	8	0	0	
SC004	BC10	9	0	0	
SC004	BC11	0	0	0	
SC004	BC11	1	0	0	
SC004	BC11	10	0	0	
SC004	BC11	11	0	0	
SC004	BC11	12	0	0	
SC004	BC11	13	0	0	
SC004	BC11	14	0	0	
SC004	BC11	15	0	0	
SC004	BC11	16	0	0	
SC004	BC11	17	0	0	
SC004	BC11	18	0	0	
SC004	BC11	19	0	0	
SC004	BC11	2	0	0	
SC004	BC11	20	0	0	
SC004	BC11	21	0	0	
SC004	BC11	22	0	0	
SC004	BC11	23	0	0	
SC004	BC11	24	0	0	
SC004	BC11	25	0	0	
SC004	BC11	26	0	0	
SC004	BC11	27	0	0	
SC004	BC11	28	0	0	
SC004	BC11	29	0	0	
SC004	BC11	3	0	0	
SC004	BC11	30	0	0	
SC004	BC11	31	0	0	
SC004	BC11	32	0	0	
SC004	BC11	33	0	0	
SC004	BC11	4	0	0	
SC004	BC11	5	0	0	
SC004	BC11	6	0	0	
SC004	BC11	7	0	0	
SC004	BC11	8	0	0	
SC004	BC11	9	0	0	
SC004	SC001 (KUL01)	0	0	0	
SC004	SC001 (KUL01)	1	0	0	
SC004	SC001 (KUL01)	10	0	0	
SC004	SC001 (KUL01)	11	0	0	
SC004	SC001 (KUL01)	12	0	0	
SC004	SC001 (KUL01)	13	0	0	
SC004	SC001 (KUL01)	14	0	0	
SC004	SC001 (KUL01)	15	0	0	
SC004	SC001 (KUL01)	16	0	0	
SC004	SC001 (KUL01)	17	0	0	
SC004	SC001 (KUL01)	18	0	0	
SC004	SC001 (KUL01)	19	0	0	
SC004	SC001 (KUL01)	2	0	0	
SC004	SC001 (KUL01)	20	0	0	
SC004	SC001 (KUL01)	21	0	0	
SC004	SC001 (KUL01)	22	0	0	
SC004	SC001 (KUL01)	23	0	0	
SC004	SC001 (KUL01)	24	0	0	
SC004	SC001 (KUL01)	25	0	0	
SC004	SC001 (KUL01)	26	0	0	
SC004	SC001 (KUL01)	27	0	0	
SC004	SC001 (KUL01)	28	0	0	
SC004	SC001 (KUL01)	29	0	0	
SC004	SC001 (KUL01)	3	0	0	
SC004	SC001 (KUL01)	30	0	0	
SC004	SC001 (KUL01)	31	0	0	
SC004	SC001 (KUL01)	32	0	0	
SC004	SC001 (KUL01)	33	0	0	
SC004	SC001 (KUL01)	4	0	0	
SC004	SC001 (KUL01)	5	0	0	
SC004	SC001 (KUL01)	6	0	0	
SC004	SC001 (KUL01)	7	0	0	
SC004	SC001 (KUL01)	8	0	0	
SC004	SC001 (KUL01)	9	0	0	
SC004	SC019 (KUL19)	0	0	0	
SC004	SC019 (KUL19)	1	0	0	
SC004	SC019 (KUL19)	10	0	0	
SC004	SC019 (KUL19)	11	0	0	
SC004	SC019 (KUL19)	12	0	0	
SC004	SC019 (KUL19)	13	0	0	
SC004	SC019 (KUL19)	14	0	0	
SC004	SC019 (KUL19)	15	0	0	
SC004	SC019 (KUL19)	16	0	0	
SC004	SC019 (KUL19)	17	0	0	
SC004	SC019 (KUL19)	18	0	0	
SC004	SC019 (KUL19)	19	0	0	
SC004	SC019 (KUL19)	2	0	0	
SC004	SC019 (KUL19)	20	0	0	
SC004	SC019 (KUL19)	21	0	0	
SC004	SC019 (KUL19)	22	0	0	
SC004	SC019 (KUL19)	23	0	0	
SC004	SC019 (KUL19)	24	0	0	
SC004	SC019 (KUL19)	25	0	0	
SC004	SC019 (KUL19)	26	0	0	
SC004	SC019 (KUL19)	27	0	0	
SC004	SC019 (KUL19)	28	0	0	
SC004	SC019 (KUL19)	29	0	0	
SC004	SC019 (KUL19)	3	0	0	
SC004	SC019 (KUL19)	30	0	0	
SC004	SC019 (KUL19)	31	0	0	
SC004	SC019 (KUL19)	32	0	0	
SC004	SC019 (KUL19)	33	0	0	
SC004	SC019 (KUL19)	4	0	0	
SC004	SC019 (KUL19)	5	0	0	
SC004	SC019 (KUL19)	6	0	0	
SC004	SC019 (KUL19)	7	0	0	
SC004	SC019 (KUL19)	8	0	0	
SC004	SC019 (KUL19)	9	0	0	
SC004	SC021 (KUL21)	0	0	0	
SC004	SC021 (KUL21)	1	0	0	
SC004	SC021 (KUL21)	10	0	0	
SC004	SC021 (KUL21)	11	0	0	
SC004	SC021 (KUL21)	12	0	0	
SC004	SC021 (KUL21)	13	0	0	
SC004	SC021 (KUL21)	14	0	0	
SC004	SC021 (KUL21)	15	0	0	
SC004	SC021 (KUL21)	16	0	0	
SC004	SC021 (KUL21)	17	0	0	
SC004	SC021 (KUL21)	18	0	0	
SC004	SC021 (KUL21)	19	0	0	
SC004	SC021 (KUL21)	2	0	0	
SC004	SC021 (KUL21)	20	0	0	
SC004	SC021 (KUL21)	21	0	0	
SC004	SC021 (KUL21)	22	0	0	
SC004	SC021 (KUL21)	23	0	0	
SC004	SC021 (KUL21)	24	0	0	
SC004	SC021 (KUL21)	25	0	0	
SC004	SC021 (KUL21)	26	0	0	
SC004	SC021 (KUL21)	27	0	0	
SC004	SC021 (KUL21)	28	0	0	
SC004	SC021 (KUL21)	29	0	0	
SC004	SC021 (KUL21)	3	0	0	
SC004	SC021 (KUL21)	30	0	0	
SC004	SC021 (KUL21)	31	0	0	
SC004	SC021 (KUL21)	32	0	0	
SC004	SC021 (KUL21)	33	0	0	
SC004	SC021 (KUL21)	4	0	0	
SC004	SC021 (KUL21)	5	0	0	
SC004	SC021 (KUL21)	6	0	0	
SC004	SC021 (KUL21)	7	0	0	
SC004	SC021 (KUL21)	8	0	0	
SC004	SC021 (KUL21)	9	0	0	
SC004	SC024	0	0	0	
SC004	SC024	1	0	0	
SC004	SC024	10	0	0	
SC004	SC024	11	0	0	
SC004	SC024	12	0	0	
SC004	SC024	13	0	0	
SC004	SC024	14	0	0	
SC004	SC024	15	0	0	
SC004	SC024	16	0	0	
SC004	SC024	17	0	0	
SC004	SC024	18	0	0	
SC004	SC024	19	0	0	
SC004	SC024	2	0	0	
SC004	SC024	20	0	0	
SC004	SC024	21	0	0	
SC004	SC024	22	0	0	
SC004	SC024	23	0	0	
SC004	SC024	24	0	0	
SC004	SC024	25	0	0	
SC004	SC024	26	0	0	
SC004	SC024	27	0	0	
SC004	SC024	28	0	0	
SC004	SC024	29	0	0	
SC004	SC024	3	0	0	
SC004	SC024	30	0	0	
SC004	SC024	31	0	0	
SC004	SC024	32	0	0	
SC004	SC024	33	0	0	
SC004	SC024	4	0	0	
SC004	SC024	5	0	0	
SC004	SC024	6	0	0	
SC004	SC024	7	0	0	
SC004	SC024	8	0	0	
SC004	SC024	9	0	0	
SC004	SC027	0	0	0	
SC004	SC027	1	0	0	
SC004	SC027	10	0	0	
SC004	SC027	11	0	0	
SC004	SC027	12	0	0	
SC004	SC027	13	0	0	
SC004	SC027	14	0	0	
SC004	SC027	15	0	0	
SC004	SC027	16	0	0	
SC004	SC027	17	0	0	
SC004	SC027	18	0	0	
SC004	SC027	19	0	0	
SC004	SC027	2	0	0	
SC004	SC027	20	0	0	
SC004	SC027	21	0	0	
SC004	SC027	22	0	0	
SC004	SC027	23	0	0	
SC004	SC027	24	0	0	
SC004	SC027	25	0	0	
SC004	SC027	26	0	0	
SC004	SC027	27	0	0	
SC004	SC027	28	0	0	
SC004	SC027	29	0	0	
SC004	SC027	3	0	0	
SC004	SC027	30	0	0	
SC004	SC027	31	0	0	
SC004	SC027	32	0	0	
SC004	SC027	33	0	0	
SC004	SC027	4	0	0	
SC004	SC027	5	0	0	
SC004	SC027	6	0	0	
SC004	SC027	7	0	0	
SC004	SC027	8	0	0	
SC004	SC027	9	0	0	
SC004	SC028 (KUL28)	0	0	0	
SC004	SC028 (KUL28)	1	0	0	
SC004	SC028 (KUL28)	10	0	0	
SC004	SC028 (KUL28)	11	0	0	
SC004	SC028 (KUL28)	12	0	0	
SC004	SC028 (KUL28)	13	0	0	
SC004	SC028 (KUL28)	14	0	0	
SC004	SC028 (KUL28)	15	0	0	
SC004	SC028 (KUL28)	16	0	0	
SC004	SC028 (KUL28)	17	0	0	
SC004	SC028 (KUL28)	18	0	0	
SC004	SC028 (KUL28)	19	0	0	
SC004	SC028 (KUL28)	2	0	0	
SC004	SC028 (KUL28)	20	0	0	
SC004	SC028 (KUL28)	21	0	0	
SC004	SC028 (KUL28)	22	0	0	
SC004	SC028 (KUL28)	23	0	0	
SC004	SC028 (KUL28)	24	0	0	
SC004	SC028 (KUL28)	25	0	0	
SC004	SC028 (KUL28)	26	0	0	
SC004	SC028 (KUL28)	27	0	0	
SC004	SC028 (KUL28)	28	0	0	
SC004	SC028 (KUL28)	29	0	0	
SC004	SC028 (KUL28)	3	0	0	
SC004	SC028 (KUL28)	30	0	0	
SC004	SC028 (KUL28)	31	0	0	
SC004	SC028 (KUL28)	32	0	0	
SC004	SC028 (KUL28)	33	0	0	
SC004	SC028 (KUL28)	4	0	0	
SC004	SC028 (KUL28)	5	0	0	
SC004	SC028 (KUL28)	6	0	0	
SC004	SC028 (KUL28)	7	0	0	
SC004	SC028 (KUL28)	8	0	0	
SC004	SC028 (KUL28)	9	0	0	
SC004	SC029	0	0	0	
SC004	SC029	1	0	0	
SC004	SC029	10	0	0	
SC004	SC029	11	0	0	
SC004	SC029	12	0	0	
SC004	SC029	13	0	0	
SC004	SC029	14	0	0	
SC004	SC029	15	0	0	
SC004	SC029	16	0	0	
SC004	SC029	17	0	0	
SC004	SC029	18	0	0	
SC004	SC029	19	0	0	
SC004	SC029	2	0	0	
SC004	SC029	20	0	0	
SC004	SC029	21	0	0	
SC004	SC029	22	0	0	
SC004	SC029	23	0	0	
SC004	SC029	24	0	0	
SC004	SC029	25	0	0	
SC004	SC029	26	0	0	
SC004	SC029	27	0	0	
SC004	SC029	28	0	0	
SC004	SC029	29	0	0	
SC004	SC029	3	0	0	
SC004	SC029	30	0	0	
SC004	SC029	31	0	0	
SC004	SC029	32	0	0	
SC004	SC029	33	0	0	
SC004	SC029	4	0	0	
SC004	SC029	5	0	0	
SC004	SC029	6	0	0	
SC004	SC029	7	0	0	
SC004	SC029	8	0	0	
SC004	SC029	9	0	0	
SC004	SC030 (KUL30)	0	0	0	
SC004	SC030 (KUL30)	1	0	0	
SC004	SC030 (KUL30)	10	0	0	
SC004	SC030 (KUL30)	11	0	0	
SC004	SC030 (KUL30)	12	0	0	
SC004	SC030 (KUL30)	13	0	0	
SC004	SC030 (KUL30)	14	0	0	
SC004	SC030 (KUL30)	15	0	0	
SC004	SC030 (KUL30)	16	0	0	
SC004	SC030 (KUL30)	17	0	0	
SC004	SC030 (KUL30)	18	0	0	
SC004	SC030 (KUL30)	19	0	0	
SC004	SC030 (KUL30)	2	0	0	
SC004	SC030 (KUL30)	20	0	0	
SC004	SC030 (KUL30)	21	0	0	
SC004	SC030 (KUL30)	22	0	0	
SC004	SC030 (KUL30)	23	0	0	
SC004	SC030 (KUL30)	24	0	0	
SC004	SC030 (KUL30)	25	0	0	
SC004	SC030 (KUL30)	26	0	0	
SC004	SC030 (KUL30)	27	0	0	
SC004	SC030 (KUL30)	28	0	0	
SC004	SC030 (KUL30)	29	0	0	
SC004	SC030 (KUL30)	3	0	0	
SC004	SC030 (KUL30)	30	0	0	
SC004	SC030 (KUL30)	31	0	0	
SC004	SC030 (KUL30)	32	0	0	
SC004	SC030 (KUL30)	33	0	0	
SC004	SC030 (KUL30)	4	0	0	
SC004	SC030 (KUL30)	5	0	0	
SC004	SC030 (KUL30)	6	0	0	
SC004	SC030 (KUL30)	7	0	0	
SC004	SC030 (KUL30)	8	0	0	
SC004	SC030 (KUL30)	9	0	0	
SC004	SC031 (KUL31)	0	0	0	
SC004	SC031 (KUL31)	1	0	0	
SC004	SC031 (KUL31)	10	0	0	
SC004	SC031 (KUL31)	11	0	0	
SC004	SC031 (KUL31)	12	0	0	
SC004	SC031 (KUL31)	13	0	0	
SC004	SC031 (KUL31)	14	0	0	
SC004	SC031 (KUL31)	15	0	0	
SC004	SC031 (KUL31)	16	0	0	
SC004	SC031 (KUL31)	17	0	0	
SC004	SC031 (KUL31)	18	0	0	
SC004	SC031 (KUL31)	19	0	0	
SC004	SC031 (KUL31)	2	0	0	
SC004	SC031 (KUL31)	20	0	0	
SC004	SC031 (KUL31)	21	0	0	
SC004	SC031 (KUL31)	22	0	0	
SC004	SC031 (KUL31)	23	0	0	
SC004	SC031 (KUL31)	24	0	0	
SC004	SC031 (KUL31)	25	0	0	
SC004	SC031 (KUL31)	26	0	0	
SC004	SC031 (KUL31)	27	0	0	
SC004	SC031 (KUL31)	28	0	0	
SC004	SC031 (KUL31)	29	0	0	
SC004	SC031 (KUL31)	3	0	0	
SC004	SC031 (KUL31)	30	0	0	
SC004	SC031 (KUL31)	31	0	0	
SC004	SC031 (KUL31)	32	0	0	
SC004	SC031 (KUL31)	33	0	0	
SC004	SC031 (KUL31)	4	0	0	
SC004	SC031 (KUL31)	5	0	0	
SC004	SC031 (KUL31)	6	0	0	
SC004	SC031 (KUL31)	7	0	0	
SC004	SC031 (KUL31)	8	0	0	
SC004	SC031 (KUL31)	9	0	0	
