TF	datasets_supported	cluster_count	mean_abs_ULM_ES	mean_ULM_ES	conservation_class
MYC	4	32	12.283119150258829	12.283119150258829	ALL_4_DATASETS
E2F4	4	32	6.7620327092746875	6.7620327092746875	ALL_4_DATASETS
ETS1	4	32	5.982671376370502	5.982671376370502	ALL_4_DATASETS
VDR	4	32	4.973326318387613	4.973326318387613	ALL_4_DATASETS
NFYB	4	31	5.049433586678341	5.049433586678341	ALL_4_DATASETS
SRF	4	31	5.007771079338911	5.007771079338911	ALL_4_DATASETS
EGR1	4	31	4.354475905256431	4.354475905256431	ALL_4_DATASETS
SP1	4	26	4.481845118938984	4.481845118938984	ALL_4_DATASETS
HIF1A	4	26	4.291172807454161	4.291172807454161	ALL_4_DATASETS
NFYA	4	22	4.147327653951543	4.147327653951543	ALL_4_DATASETS
AR	4	17	4.127699904034263	4.127699904034263	ALL_4_DATASETS
ATF6	4	15	4.734452613166097	4.734452613166097	ALL_4_DATASETS
MAX	4	15	3.150698566226098	3.150698566226098	ALL_4_DATASETS
RELA	4	13	4.159847290214663	4.159847290214663	ALL_4_DATASETS
ATF2	4	9	4.275122712288481	4.275122712288481	ALL_4_DATASETS
TP53	4	9	3.5283975122845774	3.5283975122845774	ALL_4_DATASETS
CEBPD	4	8	3.050321618426327	3.0503216184263273	ALL_4_DATASETS
E2F1	4	7	4.919353936683325	4.919353936683325	ALL_4_DATASETS
TFDP1	4	4	3.6325748951554573	3.6325748951554573	ALL_4_DATASETS
NFE2L2	4	4	3.3756258887910153	3.3756258887910153	ALL_4_DATASETS
ZNF263	4	4	2.516686902809866	-2.516686902809866	ALL_4_DATASETS
USF1	3	21	3.4132707467066803	3.4132707467066803	3_DATASETS
SPI1	3	14	5.638786137755162	5.638786137755162	3_DATASETS
NFKB1	3	14	4.455160650737389	4.455160650737389	3_DATASETS
USF2	3	14	3.6790031533406053	3.6790031533406053	3_DATASETS
STAT1	3	11	5.607866807797269	5.607866807797269	3_DATASETS
CEBPA	3	11	4.586634971662687	4.586634971662687	3_DATASETS
STAT3	3	11	4.299523648069577	4.299523648069577	3_DATASETS
ELK1	3	11	3.3947095867233448	3.3947095867233448	3_DATASETS
CREM	3	8	3.6779942105278165	-3.6779942105278165	3_DATASETS
RFX5	3	6	6.369900389742999	6.369900389743001	3_DATASETS
SMAD3	3	4	4.814958198737581	4.814958198737581	3_DATASETS
TBP	3	4	3.2954315435529127	3.2954315435529127	3_DATASETS
TFAP2C	3	2	2.1980368874232337	-2.1980368874232337	3_DATASETS
SPIB	3	1	3.9277126905785273	-3.9277126905785273	3_DATASETS
FOXM1	3	1	3.082088053574212	3.082088053574211	3_DATASETS
ESR2	2	14	3.729322688763702	3.729322688763702	2_DATASETS
JUN	2	5	3.811082693878761	3.811082693878761	2_DATASETS
TCF4	2	5	3.415275277627758	3.415275277627758	2_DATASETS
FOS	2	3	4.532537858129388	4.532537858129388	2_DATASETS
STAT4	2	3	3.181949611923285	3.181949611923285	2_DATASETS
STAT2	2	1	6.795707216827863	6.795707216827863	2_DATASETS
SMAD1	2	1	5.144802702691304	5.144802702691304	2_DATASETS
FOXA1	2	1	4.754991433325992	4.754991433325992	2_DATASETS
ERG	2	1	4.6118043662895225	4.6118043662895225	2_DATASETS
GATA3	2	1	4.594686984393135	4.594686984393135	2_DATASETS
REL	2	1	3.345147717108849	3.345147717108849	2_DATASETS
RUNX2	2	1	2.239861985281291	0.4556380360182116	2_DATASETS
TAL1	2	1	1.792177959813669	-1.792177959813669	2_DATASETS
MITF	2	1	1.7619193370226804	-1.7619193370226804	2_DATASETS
