dataset_id	time_days	at_risk	events	censored	survival_probability
SC001	0.0	373	0	3	1.0
SC001	19.0	367	1	0	0.997275204359673
SC001	99.0	353	1	0	0.9944500621376908
SC001	116.0	352	1	0	0.9916249199157088
SC001	124.0	350	1	0	0.9887917058588067
SC001	154.0	342	1	0	0.9859005020405062
SC001	171.0	340	1	0	0.9830007946815635
SC001	187.0	333	1	0	0.9800488403431804
SC001	193.0	332	1	0	0.9770968860047973
SC001	243.0	326	1	0	0.9740996562931261
SC001	250.0	325	1	0	0.971102426581455
SC001	275.0	321	1	0	0.9680771853771514
SC001	281.0	320	1	0	0.9650519441728478
SC001	291.0	317	1	0	0.9620076162732489
SC001	300.0	316	1	0	0.9589632883736501
SC001	308.0	314	1	0	0.955909265162269
SC001	340.0	311	1	0	0.9528356019302361
SC001	343.0	310	1	0	0.9497619386982031
SC001	375.0	304	1	0	0.9466377217945906
SC001	376.0	303	1	0	0.9435135048909781
SC001	409.0	298	1	1	0.9403473521900015
SC001	434.0	283	1	0	0.937024570026786
SC001	440.0	279	1	1	0.9336660590231057
SC001	442.0	277	1	1	0.9302954234309645
SC001	444.0	275	1	0	0.9269125309821246
SC001	468.0	266	1	0	0.9234278974070038
SC001	469.0	265	1	0	0.9199432638318831
SC001	478.0	260	1	1	0.9164050205094527
SC001	488.0	254	1	0	0.9127971267279195
SC001	503.0	251	1	0	0.9091604847887644
SC001	550.0	233	1	0	0.905258508459199
SC001	557.0	229	1	0	0.9013054145357964
SC001	561.0	228	1	0	0.8973523206123938
SC001	607.0	205	1	1	0.8929749922191625
SC001	625.0	194	1	0	0.8883720283417442
SC001	656.0	183	1	0	0.8835175363835926
SC001	694.0	169	1	0	0.8782896219671217
SC001	697.0	168	1	0	0.8730617075506507
SC001	702.0	166	1	0	0.8678022996738396
SC001	719.0	161	1	1	0.8624122232783499
SC001	737.0	156	1	0	0.8568839397957964
SC001	761.0	151	1	2	0.8512092117176785
SC001	808.0	139	1	0	0.845085404439134
SC001	922.0	114	1	0	0.8376723745756328
SC001	995.0	105	1	0	0.8296945424368173
SC001	1026.0	102	1	0	0.8215602822168485
SC001	1046.0	100	1	0	0.81334467939468
SC001	1115.0	94	1	0	0.8046920764223963
SC001	1197.0	78	1	0	0.7943755113400579
SC001	1215.0	77	1	0	0.7840589462577194
SC001	1268.0	72	1	0	0.7731692386708067
SC001	1498.0	56	1	0	0.7593626451231137
SC001	1516.0	55	1	0	0.7455560515754207
SC001	1528.0	54	1	0	0.7317494580277277
SC001	1531.0	53	1	0	0.7179428644800347
SC001	1632.0	49	1	0	0.7032909692865646
SC001	1830.0	44	1	0	0.6873070836209609
SC001	2027.0	36	1	0	0.6682152201870454
SC002	0.0	370	2	14	0.9945945945945946
SC002	1.0	354	1	0	0.9917850053443275
SC002	61.0	340	1	2	0.9888679906227265
SC002	146.0	337	1	1	0.9859336642410567
SC002	153.0	335	1	0	0.9829905786761579
SC002	176.0	334	1	0	0.9800474931112593
SC002	188.0	331	1	0	0.9770866245520108
SC002	214.0	328	1	0	0.9741077019161815
SC002	242.0	326	1	1	0.9711196414808557
SC002	256.0	321	1	0	0.968094346647582
SC002	262.0	320	1	0	0.9650690518143082
SC002	302.0	315	1	0	0.9620053405387072
SC002	306.0	314	2	1	0.9558779179875053
SC002	331.0	309	1	0	0.9527844619422383
SC002	334.0	308	1	0	0.9496910058969713
SC002	335.0	307	1	2	0.9465975498517043
SC002	338.0	302	1	0	0.9434631208786854
SC002	403.0	275	1	0	0.940032345893672
SC002	472.0	250	1	0	0.9362722165100973
SC002	504.0	240	1	0	0.9323710822746386
SC002	511.0	239	1	0	0.9284699480391799
SC002	579.0	217	1	1	0.9241912846841607
SC002	682.0	190	1	0	0.9193271200279283
SC002	740.0	175	1	0	0.9140738221991973
SC002	972.0	126	1	0	0.9068192680547592
SC002	1095.0	95	1	1	0.8972738020752354
SC002	1126.0	90	1	3	0.8873040931632884
SC002	1158.0	80	1	0	0.8762127919987474
SC002	1188.0	76	1	0	0.8646836763145532
SC002	1305.0	65	1	0	0.8513808505250986
SC002	1331.0	61	1	1	0.8374237874017363
SC002	1381.0	57	1	0	0.8227321420087234
SC002	1493.0	50	1	0	0.8062774991685489
SC002	1661.0	42	1	0	0.787080415855012
SC002	1711.0	38	1	0	0.7663677733325117
SC002	2003.0	29	1	0	0.7399412983900113
SC002	2134.0	27	1	0	0.7125360651163073
SC002	2532.0	20	1	0	0.6769092618604919
SC003	0.0	940	1	17	0.9989361702127659
SC003	197.0	857	1	0	0.997770550410884
SC003	227.0	845	1	1	0.996589756860102
SC003	302.0	823	1	1	0.9953788337047434
SC003	320.0	811	1	1	0.9941514861909275
SC003	336.0	802	1	1	0.9929118958091433
SC003	348.0	793	1	1	0.9916598001019439
SC003	377.0	763	1	0	0.9903601149117709
SC003	385.0	754	2	4	0.9877331650048431
SC003	446.0	694	1	0	0.9863099183693894
SC003	563.0	608	1	1	0.9846876981089134
SC003	584.0	589	1	3	0.9830159023566063
SC003	614.0	564	1	1	0.9812729663595201
SC003	678.0	521	1	0	0.9793895249653559
SC003	786.0	465	1	0	0.9772833109331723
SC003	792.0	462	1	1	0.9751679790913257
SC003	821.0	454	1	0	0.9730200320008161
SC003	904.0	432	1	0	0.9707676708156291
SC003	976.0	405	1	0	0.9683707136037387
SC003	1004.0	393	1	2	0.9659066659864265
SC003	1034.0	380	1	0	0.9633648063390938
SC003	1048.0	372	1	0	0.9607751159994726
SC003	1072.0	363	1	0	0.9581283525945153
SC003	1093.0	358	1	1	0.9554520164140837
SC003	1104.0	353	1	0	0.9527453534780664
SC003	1152.0	337	1	0	0.9499182159306537
SC003	1275.0	296	1	0	0.9467090327687259
SC003	1324.0	283	1	0	0.9433637711688364
SC003	1411.0	272	1	0	0.9398955220101275
SC003	1439.0	266	1	0	0.9363620801980593
SC003	1468.0	260	1	0	0.932760687581913
SC003	1649.0	220	1	0	0.9285208662747225
SC003	1884.0	195	1	0	0.9237592208066471
SC003	1900.0	193	1	0	0.918972903600395
SC003	2296.0	139	1	0	0.9123615877471547
SC003	2348.0	133	1	0	0.905501726185146
SC003	2636.0	102	1	0	0.8966242582813702
SC003	2866.0	86	1	0	0.8861983948129821
SC003	2911.0	84	1	0	0.8756484139223514
SC003	3262.0	51	1	0	0.8584788371787758
SC003	3409.0	39	1	0	0.8364665593023969
SC003	3873.0	29	1	0	0.8076228848436936
SC003	3926.0	28	1	0	0.7787792103849903
SC003	6456.0	10	1	0	0.7009012893464913
SC003	6593.0	9	1	0	0.6230233683079922
SC003	7455.0	6	1	0	0.5191861402566602
SC004	0.0	168	0	0	1.0
SC004	304.0	126	1	0	0.9920634920634921
SC004	531.0	113	1	0	0.9832841691248771
SC004	567.0	111	1	0	0.9744257531868151
SC004	592.0	107	1	0	0.9653189704467514
SC004	619.0	106	1	0	0.9562121877066877
SC004	868.0	90	1	0	0.9455876078432801
SC004	1039.0	79	1	0	0.9336181444528588
SC004	1088.0	77	1	0	0.9214932334859386
SC004	1314.0	71	1	0	0.9085144555495169
SC004	1355.0	69	1	0	0.8953475793821327
SC004	1359.0	67	1	0	0.8819841826749367
SC004	1389.0	64	1	0	0.8682031798206409
SC004	1399.0	63	1	0	0.854422176966345
SC004	1484.0	62	1	0	0.8406411741120492
SC004	1650.0	60	1	0	0.8266304878768483
SC004	1680.0	58	1	0	0.8123782380858682
SC004	1725.0	55	1	0	0.7976077246661251
SC004	1742.0	54	1	0	0.7828372112463821
SC004	1784.0	52	1	0	0.7677826494916439
SC004	1843.0	50	1	0	0.752426996501811
SC004	1993.0	44	1	0	0.7353263829449517
SC004	2012.0	42	2	0	0.700310840899954
SC004	2133.0	37	1	0	0.6813835208756309
SC004	2182.0	34	1	1	0.6613428290851712
SC004	2345.0	31	1	0	0.6400091894372625
SC004	2553.0	23	1	0	0.6121827029399902
SC004	2749.0	18	1	0	0.5781725527766575
SC004	2811.0	17	1	0	0.5441624026133247
SC004	2856.0	16	1	0	0.510152252449992
SC004	3128.0	14	1	0	0.4737128058464211
SC004	3819.0	6	1	0	0.39476067153868427
