time_days	at_risk	events	censored	survival_probability
0.0	1851	3	34	0.9983792544570502
1.0	1814	1	2	0.9978288800058611
19.0	1783	1	1	0.9972692451881349
61.0	1744	1	3	0.9966974164924994
99.0	1719	1	0	0.9961176041501536
116.0	1715	1	1	0.9955367775588124
124.0	1710	1	0	0.994954592308778
146.0	1700	1	1	0.9943693249015375
153.0	1694	1	0	0.993782330022611
154.0	1693	1	0	0.9931953351436844
171.0	1682	1	0	0.9926048504022197
176.0	1679	1	2	0.9920136622840527
187.0	1664	1	1	0.9914175002273916
188.0	1662	1	0	0.9908209794691321
193.0	1659	1	0	0.9902237395779512
197.0	1655	1	0	0.9896254170766957
214.0	1647	1	1	0.9890245516139897
227.0	1634	1	1	0.9884192734306274
242.0	1626	1	3	0.9878113894986282
243.0	1622	1	2	0.9872023812436969
250.0	1618	1	1	0.9865922438016427
256.0	1611	1	1	0.9859798339668806
262.0	1605	1	0	0.9853655163133186
275.0	1597	1	2	0.9847485059712314
281.0	1592	1	0	0.9841299453519028
291.0	1585	1	0	0.9835090431781791
300.0	1581	1	1	0.9828869628219628
302.0	1579	2	1	0.9816420141673434
304.0	1574	1	4	0.9810183534213667
306.0	1569	2	1	0.9797678520148385
308.0	1565	1	1	0.979141802269142
320.0	1557	1	1	0.9785129379131567
331.0	1549	1	0	0.9778812316911341
334.0	1547	1	1	0.9772491171263693
335.0	1545	1	2	0.9766165934259639
336.0	1542	1	1	0.9759832493316539
338.0	1537	1	0	0.9753482569768513
340.0	1535	1	0	0.9747128509462475
343.0	1534	1	3	0.9740774449156436
348.0	1526	1	1	0.9734391241784774
375.0	1488	1	5	0.97278493121868
376.0	1482	1	3	0.9721285311301384
377.0	1478	1	3	0.9714707987004156
385.0	1460	2	7	0.9701400167843877
403.0	1427	1	2	0.9694601709422122
409.0	1417	1	2	0.9687760070953935
434.0	1371	1	1	0.9680693871048061
440.0	1359	1	2	0.967357047599946
442.0	1351	1	2	0.9666410172168225
444.0	1348	1	0	0.96592392447408
446.0	1347	1	1	0.9652068317313376
468.0	1307	1	0	0.9644683414239685
469.0	1306	1	0	0.9637298511165996
472.0	1303	1	1	0.9629902272861187
478.0	1288	1	1	0.9622425640661761
488.0	1279	1	3	0.9614902242975552
503.0	1261	1	1	0.9607277419626642
504.0	1259	1	2	0.9599646540024079
511.0	1250	1	1	0.959196682279206
531.0	1218	1	2	0.958409164477663
550.0	1184	1	0	0.9575996972779353
557.0	1170	1	0	0.9567812359982105
561.0	1169	1	0	0.9559627747184858
563.0	1166	1	1	0.9551429095600652
567.0	1160	1	2	0.9543195105000997
579.0	1133	1	3	0.9534772161395524
584.0	1125	1	3	0.9526296808363172
592.0	1112	1	1	0.9517729994686586
607.0	1091	1	2	0.950900613584636
614.0	1075	1	3	0.9500160548743247
619.0	1065	1	0	0.9491240210199826
625.0	1057	1	0	0.9482260796566714
656.0	1019	1	0	0.9472955339455265
678.0	988	1	0	0.9463367327978083
682.0	982	1	0	0.9453730497705193
694.0	973	1	2	0.9444014433473225
697.0	970	1	0	0.9434278336119128
702.0	962	1	1	0.942447139398179
719.0	944	1	1	0.94144878437763
737.0	922	1	0	0.940427690251407
740.0	920	1	1	0.9394054862402642
761.0	896	1	7	0.9383570426172282
786.0	869	1	0	0.9372772301401083
792.0	858	1	3	0.9361848324359823
808.0	844	1	0	0.9350756087008685
821.0	838	1	1	0.9339597666857123
868.0	801	1	0	0.9327937744676278
904.0	777	1	1	0.9315932676793811
922.0	757	1	0	0.9303626292808614
972.0	725	1	1	0.9290793704818533
976.0	716	1	0	0.9277817735957055
995.0	706	1	1	0.9264676351061931
1004.0	693	1	4	0.9251307409718408
1026.0	676	1	2	0.92376220437277
1034.0	672	1	1	0.9223875582353105
1039.0	665	1	1	0.9210005092755581
1046.0	658	1	0	0.9196008124529508
1048.0	655	1	0	0.9181968417469157
1072.0	637	1	1	0.9167554024349112
1088.0	628	1	1	0.9152956008386772
1093.0	625	1	2	0.9138311278773353
1095.0	622	1	1	0.9123619459997191
1104.0	614	1	0	0.9108760144915762
1115.0	611	1	0	0.9093852190505098
1126.0	601	1	5	0.9078720988857003
1152.0	579	1	0	0.9063040987149132
1158.0	573	1	1	0.9047224161691629
1188.0	555	1	0	0.9030922856895789
1197.0	550	1	0	0.9014502997155979
1215.0	537	1	0	0.8997716213176172
1268.0	510	1	0	0.8980073632366024
1275.0	506	1	0	0.8962326451274392
1305.0	494	1	1	0.8944184090036994
1314.0	486	1	0	0.892578041906984
1324.0	481	1	1	0.8907223703021878
1331.0	477	1	1	0.8888550278067954
1355.0	470	1	0	0.8869638468965682
1359.0	468	1	2	0.88506862500149
1381.0	456	1	0	0.8831276850343814
1389.0	453	1	0	0.881178175795895
1399.0	452	1	0	0.8792286665574085
1411.0	450	1	0	0.8772748250761698
1439.0	439	1	0	0.8752764769552674
1468.0	430	1	0	0.8732409502646737
1484.0	423	1	0	0.8711765508550646
1493.0	421	1	0	0.8691072478839125
1498.0	420	1	0	0.8670379449127603
1516.0	418	1	1	0.8649636914560312
1528.0	412	1	1	0.8628642650204583
1531.0	410	1	0	0.8607597180326035
1632.0	376	1	0	0.858470463463368
1649.0	370	1	0	0.8561502730215751
1650.0	369	1	0	0.8538300825797822
1661.0	367	1	0	0.8515035700931888
1680.0	363	1	0	0.849157830230673
1711.0	352	1	0	0.8467454500311541
1725.0	350	1	0	0.8443261773167793
1742.0	345	1	1	0.8418788550636872
1784.0	337	1	0	0.8393806982237356
1830.0	332	1	0	0.8368524431086038
1843.0	329	1	0	0.8343088186614652
1884.0	314	1	0	0.8316517842071294
1900.0	311	1	1	0.828977662714502
1993.0	290	1	0	0.8261191190499693
2003.0	287	1	0	0.8232406552205269
2012.0	286	2	1	0.8174837275616421
2027.0	282	1	0	0.8145848490951115
2133.0	262	1	0	0.8114757466176493
2134.0	261	1	0	0.808366644140187
2182.0	248	1	1	0.8051071012202669
2296.0	221	1	0	0.8014640826627091
2345.0	213	1	0	0.7977013404905837
2348.0	212	1	0	0.7939385983184583
2532.0	181	1	0	0.7895521972227761
2553.0	176	1	0	0.7850661051931013
2636.0	155	1	0	0.7800011625789522
2749.0	140	1	0	0.7744297257033883
2811.0	135	1	0	0.7686932092166965
2856.0	130	1	1	0.7627801845304142
2866.0	128	1	0	0.7568209643387703
2911.0	125	1	0	0.7507663966240602
3128.0	98	1	1	0.7431055150258555
3262.0	84	1	0	0.7342590207993572
3409.0	68	1	0	0.7234610940228962
3819.0	47	1	0	0.7080683047883665
3873.0	45	1	0	0.6923334535708472
3926.0	44	1	0	0.6765986023533279
6456.0	13	1	0	0.6245525560184566
6593.0	12	1	0	0.5725065096835852
7455.0	6	1	0	0.47708875806965434
