cluster	TF	datasets_recurrent	datasets	mean_ULM_ES	mean_abs_ULM_ES	best_abs_rank	median_ULM_padj	recurrent_rule	conservation_class
29	MYC	4	SC001_E-MTAB-6653;SC002_E-MTAB-8410;SC003_E-GEOD-75688;SC004_E-MTAB-8559	17.056233293039814	17.056233293039814	1	0.0	PASS	ALL_4_DATASETS
27	MYC	4	SC001_E-MTAB-6653;SC002_E-MTAB-8410;SC003_E-GEOD-75688;SC004_E-MTAB-8559	15.492333506013129	15.492333506013129	1	0.0	PASS	ALL_4_DATASETS
14	MYC	4	SC001_E-MTAB-6653;SC002_E-MTAB-8410;SC003_E-GEOD-75688;SC004_E-MTAB-8559	14.842873796975963	14.842873796975963	1	0.0	PASS	ALL_4_DATASETS
7	MYC	4	SC001_E-MTAB-6653;SC002_E-MTAB-8410;SC003_E-GEOD-75688;SC004_E-MTAB-8559	13.98649951759094	13.98649951759094	1	1.1452735277511192e-39	PASS	ALL_4_DATASETS
15	MYC	4	SC001_E-MTAB-6653;SC002_E-MTAB-8410;SC003_E-GEOD-75688;SC004_E-MTAB-8559	13.307715459229833	13.307715459229833	1	2.6596250247237474e-37	PASS	ALL_4_DATASETS
14	E2F4	4	SC001_E-MTAB-6653;SC002_E-MTAB-8410;SC003_E-GEOD-75688;SC004_E-MTAB-8559	13.277539997970496	13.277539997970498	1	7.112198150241656e-38	PASS	ALL_4_DATASETS
26	MYC	4	SC001_E-MTAB-6653;SC002_E-MTAB-8410;SC003_E-GEOD-75688;SC004_E-MTAB-8559	13.11350453814018	13.11350453814018	1	2.8159793289839346e-41	PASS	ALL_4_DATASETS
29	E2F4	4	SC001_E-MTAB-6653;SC002_E-MTAB-8410;SC003_E-GEOD-75688;SC004_E-MTAB-8559	12.352767905661269	12.352767905661269	2	2.1071375107274968e-35	PASS	ALL_4_DATASETS
17	MYC	4	SC001_E-MTAB-6653;SC002_E-MTAB-8410;SC003_E-GEOD-75688;SC004_E-MTAB-8559	12.24451917506542	12.24451917506542	1	1.4155206004403528e-20	PASS	ALL_4_DATASETS
23	MYC	4	SC001_E-MTAB-6653;SC002_E-MTAB-8410;SC003_E-GEOD-75688;SC004_E-MTAB-8559	11.8989398845471	11.8989398845471	1	5.0326059221706544e-26	PASS	ALL_4_DATASETS
10	MYC	4	SC001_E-MTAB-6653;SC002_E-MTAB-8410;SC003_E-GEOD-75688;SC004_E-MTAB-8559	11.348359628130453	11.348359628130453	1	1.7092819661699726e-35	PASS	ALL_4_DATASETS
27	E2F4	4	SC001_E-MTAB-6653;SC002_E-MTAB-8410;SC003_E-GEOD-75688;SC004_E-MTAB-8559	9.94499335504564	9.94499335504564	2	2.857642418703381e-16	PASS	ALL_4_DATASETS
7	E2F4	4	SC001_E-MTAB-6653;SC002_E-MTAB-8410;SC003_E-GEOD-75688;SC004_E-MTAB-8559	9.566906172745997	9.566906172745997	1	2.6939401323055617e-06	PASS	ALL_4_DATASETS
26	E2F4	4	SC001_E-MTAB-6653;SC002_E-MTAB-8410;SC003_E-GEOD-75688;SC004_E-MTAB-8559	7.878995841811862	7.878995841811862	2	3.5507171576920263e-10	PASS	ALL_4_DATASETS
10	SRF	4	SC001_E-MTAB-6653;SC002_E-MTAB-8410;SC003_E-GEOD-75688;SC004_E-MTAB-8559	7.854867366951808	7.854867366951809	1	7.146982916594882e-08	PASS	ALL_4_DATASETS
14	ETS1	4	SC001_E-MTAB-6653;SC002_E-MTAB-8410;SC003_E-GEOD-75688;SC004_E-MTAB-8559	7.013404123337414	7.013404123337414	3	1.0738095829188056e-10	PASS	ALL_4_DATASETS
14	NFYB	4	SC001_E-MTAB-6653;SC002_E-MTAB-8410;SC003_E-GEOD-75688;SC004_E-MTAB-8559	6.8246286875157045	6.8246286875157045	3	1.2113512978611206e-12	PASS	ALL_4_DATASETS
23	E2F4	4	SC001_E-MTAB-6653;SC002_E-MTAB-8410;SC003_E-GEOD-75688;SC004_E-MTAB-8559	6.79668956654783	6.79668956654783	2	2.6603281513479227e-10	PASS	ALL_4_DATASETS
7	NFYB	4	SC001_E-MTAB-6653;SC002_E-MTAB-8410;SC003_E-GEOD-75688;SC004_E-MTAB-8559	6.729045125367309	6.729045125367309	2	1.8272419557019352e-11	PASS	ALL_4_DATASETS
27	ETS1	4	SC001_E-MTAB-6653;SC002_E-MTAB-8410;SC003_E-GEOD-75688;SC004_E-MTAB-8559	6.485794626205712	6.485794626205711	3	9.966466744596429e-07	PASS	ALL_4_DATASETS
10	ETS1	4	SC001_E-MTAB-6653;SC002_E-MTAB-8410;SC003_E-GEOD-75688;SC004_E-MTAB-8559	6.442095094130897	6.442095094130896	3	1.2578674729523626e-06	PASS	ALL_4_DATASETS
17	E2F4	4	SC001_E-MTAB-6653;SC002_E-MTAB-8410;SC003_E-GEOD-75688;SC004_E-MTAB-8559	6.421475538839966	6.421475538839966	2	6.442946236424886e-08	PASS	ALL_4_DATASETS
29	HIF1A	4	SC001_E-MTAB-6653;SC002_E-MTAB-8410;SC003_E-GEOD-75688;SC004_E-MTAB-8559	6.052662670783985	6.052662670783984	3	1.925234101918249e-06	PASS	ALL_4_DATASETS
29	ETS1	4	SC001_E-MTAB-6653;SC002_E-MTAB-8410;SC003_E-GEOD-75688;SC004_E-MTAB-8559	5.981371668610558	5.981371668610558	3	9.092966979341258e-07	PASS	ALL_4_DATASETS
29	ATF6	4	SC001_E-MTAB-6653;SC002_E-MTAB-8410;SC003_E-GEOD-75688;SC004_E-MTAB-8559	5.829879265694707	5.829879265694707	4	5.927411117399768e-05	PASS	ALL_4_DATASETS
14	VDR	4	SC001_E-MTAB-6653;SC002_E-MTAB-8410;SC003_E-GEOD-75688;SC004_E-MTAB-8559	5.740600697350223	5.740600697350223	5	2.5137245529549546e-07	PASS	ALL_4_DATASETS
26	RELA	4	SC001_E-MTAB-6653;SC002_E-MTAB-8410;SC003_E-GEOD-75688;SC004_E-MTAB-8559	5.728452206271653	5.728452206271652	1	0.0008382004344688	PASS	ALL_4_DATASETS
27	VDR	4	SC001_E-MTAB-6653;SC002_E-MTAB-8410;SC003_E-GEOD-75688;SC004_E-MTAB-8559	5.728248904074319	5.728248904074319	4	6.489331997039383e-07	PASS	ALL_4_DATASETS
27	EGR1	4	SC001_E-MTAB-6653;SC002_E-MTAB-8410;SC003_E-GEOD-75688;SC004_E-MTAB-8559	5.690004799595779	5.690004799595778	3	3.5193889473816853e-06	PASS	ALL_4_DATASETS
29	VDR	4	SC001_E-MTAB-6653;SC002_E-MTAB-8410;SC003_E-GEOD-75688;SC004_E-MTAB-8559	5.489089189754512	5.489089189754512	5	6.355921641443274e-06	PASS	ALL_4_DATASETS
15	E2F4	4	SC001_E-MTAB-6653;SC002_E-MTAB-8410;SC003_E-GEOD-75688;SC004_E-MTAB-8559	5.347344507647025	5.347344507647025	2	0.0001340743765467	PASS	ALL_4_DATASETS
29	SRF	4	SC001_E-MTAB-6653;SC002_E-MTAB-8410;SC003_E-GEOD-75688;SC004_E-MTAB-8559	5.259543632446385	5.259543632446384	4	0.0006844801246188	PASS	ALL_4_DATASETS
26	SP1	4	SC001_E-MTAB-6653;SC002_E-MTAB-8410;SC003_E-GEOD-75688;SC004_E-MTAB-8559	5.224893386893502	5.224893386893502	6	8.865329220952844e-06	PASS	ALL_4_DATASETS
29	NFYB	4	SC001_E-MTAB-6653;SC002_E-MTAB-8410;SC003_E-GEOD-75688;SC004_E-MTAB-8559	5.168074000196683	5.168074000196683	3	0.0003513942232338	PASS	ALL_4_DATASETS
23	ETS1	4	SC001_E-MTAB-6653;SC002_E-MTAB-8410;SC003_E-GEOD-75688;SC004_E-MTAB-8559	5.158030677516108	5.158030677516108	3	7.4937524914275855e-06	PASS	ALL_4_DATASETS
10	SP1	4	SC001_E-MTAB-6653;SC002_E-MTAB-8410;SC003_E-GEOD-75688;SC004_E-MTAB-8559	5.136296266599276	5.136296266599275	5	3.7351011941472254e-05	PASS	ALL_4_DATASETS
29	EGR1	4	SC001_E-MTAB-6653;SC002_E-MTAB-8410;SC003_E-GEOD-75688;SC004_E-MTAB-8559	5.086830292539933	5.086830292539933	4	3.666134460900139e-06	PASS	ALL_4_DATASETS
29	SP1	4	SC001_E-MTAB-6653;SC002_E-MTAB-8410;SC003_E-GEOD-75688;SC004_E-MTAB-8559	5.066230420489064	5.066230420489063	5	3.565850732911713e-06	PASS	ALL_4_DATASETS
27	SRF	4	SC001_E-MTAB-6653;SC002_E-MTAB-8410;SC003_E-GEOD-75688;SC004_E-MTAB-8559	4.984087854301649	4.984087854301649	5	5.255051391372945e-06	PASS	ALL_4_DATASETS
17	ETS1	4	SC001_E-MTAB-6653;SC002_E-MTAB-8410;SC003_E-GEOD-75688;SC004_E-MTAB-8559	4.90378350142599	4.90378350142599	3	6.380097238430118e-05	PASS	ALL_4_DATASETS
14	EGR1	4	SC001_E-MTAB-6653;SC002_E-MTAB-8410;SC003_E-GEOD-75688;SC004_E-MTAB-8559	4.826034784725407	4.826034784725406	4	0.000107116131403	PASS	ALL_4_DATASETS
23	VDR	4	SC001_E-MTAB-6653;SC002_E-MTAB-8410;SC003_E-GEOD-75688;SC004_E-MTAB-8559	4.790683811491122	4.790683811491123	3	0.003331788208456	PASS	ALL_4_DATASETS
14	SRF	4	SC001_E-MTAB-6653;SC002_E-MTAB-8410;SC003_E-GEOD-75688;SC004_E-MTAB-8559	4.788744497947387	4.788744497947387	7	4.677805952724157e-05	PASS	ALL_4_DATASETS
27	SP1	4	SC001_E-MTAB-6653;SC002_E-MTAB-8410;SC003_E-GEOD-75688;SC004_E-MTAB-8559	4.784391546205251	4.78439154620525	5	6.194257821334759e-05	PASS	ALL_4_DATASETS
7	NFYA	4	SC001_E-MTAB-6653;SC002_E-MTAB-8410;SC003_E-GEOD-75688;SC004_E-MTAB-8559	4.780585212097029	4.780585212097028	4	2.0889397717382963e-05	PASS	ALL_4_DATASETS
10	VDR	4	SC001_E-MTAB-6653;SC002_E-MTAB-8410;SC003_E-GEOD-75688;SC004_E-MTAB-8559	4.741103181121691	4.741103181121691	7	0.0001456781990327	PASS	ALL_4_DATASETS
17	VDR	4	SC001_E-MTAB-6653;SC002_E-MTAB-8410;SC003_E-GEOD-75688;SC004_E-MTAB-8559	4.682939169041493	4.682939169041493	3	0.0007095983246472	PASS	ALL_4_DATASETS
27	AR	4	SC001_E-MTAB-6653;SC002_E-MTAB-8410;SC003_E-GEOD-75688;SC004_E-MTAB-8559	4.674874141558038	4.674874141558038	8	4.949141643351141e-05	PASS	ALL_4_DATASETS
14	E2F1	4	SC001_E-MTAB-6653;SC002_E-MTAB-8410;SC003_E-GEOD-75688;SC004_E-MTAB-8559	4.624331063296838	4.624331063296838	6	0.0004917001916737	PASS	ALL_4_DATASETS
27	HIF1A	4	SC001_E-MTAB-6653;SC002_E-MTAB-8410;SC003_E-GEOD-75688;SC004_E-MTAB-8559	4.577941224387989	4.577941224387989	7	0.0003991981138824	PASS	ALL_4_DATASETS
10	TP53	4	SC001_E-MTAB-6653;SC002_E-MTAB-8410;SC003_E-GEOD-75688;SC004_E-MTAB-8559	4.497279744394219	4.497279744394219	6	0.0080552810509288	PASS	ALL_4_DATASETS
27	NFYB	4	SC001_E-MTAB-6653;SC002_E-MTAB-8410;SC003_E-GEOD-75688;SC004_E-MTAB-8559	4.404425969517839	4.404425969517838	9	0.0004502626290161	PASS	ALL_4_DATASETS
7	ETS1	4	SC001_E-MTAB-6653;SC002_E-MTAB-8410;SC003_E-GEOD-75688;SC004_E-MTAB-8559	4.366931362387341	4.366931362387341	4	0.0143987990450113	PASS	ALL_4_DATASETS
23	EGR1	4	SC001_E-MTAB-6653;SC002_E-MTAB-8410;SC003_E-GEOD-75688;SC004_E-MTAB-8559	4.332055229155342	4.332055229155342	4	0.0001459322083973	PASS	ALL_4_DATASETS
7	VDR	4	SC001_E-MTAB-6653;SC002_E-MTAB-8410;SC003_E-GEOD-75688;SC004_E-MTAB-8559	4.283934949534697	4.283934949534697	5	0.0036030241753905	PASS	ALL_4_DATASETS
14	TFDP1	4	SC001_E-MTAB-6653;SC002_E-MTAB-8410;SC003_E-GEOD-75688;SC004_E-MTAB-8559	4.270704812486108	4.270704812486109	7	0.0001784062187652	PASS	ALL_4_DATASETS
14	HIF1A	4	SC001_E-MTAB-6653;SC002_E-MTAB-8410;SC003_E-GEOD-75688;SC004_E-MTAB-8559	4.093231616384107	4.093231616384107	10	0.0003575807495507	PASS	ALL_4_DATASETS
23	AR	4	SC001_E-MTAB-6653;SC002_E-MTAB-8410;SC003_E-GEOD-75688;SC004_E-MTAB-8559	4.032502828965535	4.032502828965535	5	0.0220047129719205	PASS	ALL_4_DATASETS
10	ATF2	4	SC001_E-MTAB-6653;SC002_E-MTAB-8410;SC003_E-GEOD-75688;SC004_E-MTAB-8559	4.018581794572298	4.018581794572298	10	0.0043980466607535	PASS	ALL_4_DATASETS
17	SRF	4	SC001_E-MTAB-6653;SC002_E-MTAB-8410;SC003_E-GEOD-75688;SC004_E-MTAB-8559	4.001577560898978	4.001577560898977	4	0.0011775816674343	PASS	ALL_4_DATASETS
23	ATF6	4	SC001_E-MTAB-6653;SC002_E-MTAB-8410;SC003_E-GEOD-75688;SC004_E-MTAB-8559	3.9781461225148376	3.9781461225148376	5	0.0074351404327898	PASS	ALL_4_DATASETS
17	EGR1	4	SC001_E-MTAB-6653;SC002_E-MTAB-8410;SC003_E-GEOD-75688;SC004_E-MTAB-8559	3.920325391232893	3.920325391232893	5	0.0026129750913241	PASS	ALL_4_DATASETS
27	ATF6	4	SC001_E-MTAB-6653;SC002_E-MTAB-8410;SC003_E-GEOD-75688;SC004_E-MTAB-8559	3.881432175658305	3.881432175658305	11	0.0038906001764757	PASS	ALL_4_DATASETS
17	SP1	4	SC001_E-MTAB-6653;SC002_E-MTAB-8410;SC003_E-GEOD-75688;SC004_E-MTAB-8559	3.854551714766804	3.8545517147668034	3	0.0019916279707103	PASS	ALL_4_DATASETS
17	HIF1A	4	SC001_E-MTAB-6653;SC002_E-MTAB-8410;SC003_E-GEOD-75688;SC004_E-MTAB-8559	3.833570929879807	3.833570929879807	8	0.0011534369550645	PASS	ALL_4_DATASETS
17	NFE2L2	4	SC001_E-MTAB-6653;SC002_E-MTAB-8410;SC003_E-GEOD-75688;SC004_E-MTAB-8559	3.749941726397509	3.749941726397509	8	0.0013361310702748	PASS	ALL_4_DATASETS
23	HIF1A	4	SC001_E-MTAB-6653;SC002_E-MTAB-8410;SC003_E-GEOD-75688;SC004_E-MTAB-8559	3.735622488072212	3.735622488072212	9	0.0063766397652215	PASS	ALL_4_DATASETS
15	VDR	4	SC001_E-MTAB-6653;SC002_E-MTAB-8410;SC003_E-GEOD-75688;SC004_E-MTAB-8559	3.5436208147331034	3.5436208147331034	3	0.0224485732614993	PASS	ALL_4_DATASETS
27	NFYA	4	SC001_E-MTAB-6653;SC002_E-MTAB-8410;SC003_E-GEOD-75688;SC004_E-MTAB-8559	3.4709988524615007	3.4709988524615007	12	0.0056824996354407	PASS	ALL_4_DATASETS
23	NFYB	4	SC001_E-MTAB-6653;SC002_E-MTAB-8410;SC003_E-GEOD-75688;SC004_E-MTAB-8559	3.430096988324332	3.4300969883243324	9	0.0174155408749356	PASS	ALL_4_DATASETS
15	NFYB	4	SC001_E-MTAB-6653;SC002_E-MTAB-8410;SC003_E-GEOD-75688;SC004_E-MTAB-8559	3.286943081757272	3.286943081757272	3	0.071557318791747	PASS	ALL_4_DATASETS
23	NFYA	4	SC001_E-MTAB-6653;SC002_E-MTAB-8410;SC003_E-GEOD-75688;SC004_E-MTAB-8559	2.9631147554311394	2.963114755431139	13	0.0837681558914482	PASS	ALL_4_DATASETS
15	HIF1A	4	SC001_E-MTAB-6653;SC002_E-MTAB-8410;SC003_E-GEOD-75688;SC004_E-MTAB-8559	2.708979424971492	2.708979424971492	7	0.1556064933538437	PASS	ALL_4_DATASETS
15	NFYA	4	SC001_E-MTAB-6653;SC002_E-MTAB-8410;SC003_E-GEOD-75688;SC004_E-MTAB-8559	2.640792578804957	2.640792578804957	7	0.2463692426681518	PASS	ALL_4_DATASETS
15	MAX	4	SC001_E-MTAB-6653;SC002_E-MTAB-8410;SC003_E-GEOD-75688;SC004_E-MTAB-8559	2.628240888836508	2.628240888836508	4	0.065680157393217	PASS	ALL_4_DATASETS
15	SRF	4	SC001_E-MTAB-6653;SC002_E-MTAB-8410;SC003_E-GEOD-75688;SC004_E-MTAB-8559	2.5578485079668605	2.557848507966861	8	0.246862631291151	PASS	ALL_4_DATASETS
15	CEBPD	4	SC001_E-MTAB-6653;SC002_E-MTAB-8410;SC003_E-GEOD-75688;SC004_E-MTAB-8559	2.31584162897762	2.31584162897762	7	0.1476198658347129	PASS	ALL_4_DATASETS
15	SP1	4	SC001_E-MTAB-6653;SC002_E-MTAB-8410;SC003_E-GEOD-75688;SC004_E-MTAB-8559	2.132180422146059	2.132180422146059	10	0.3443059027194977	PASS	ALL_4_DATASETS
15	ZNF263	4	SC001_E-MTAB-6653;SC002_E-MTAB-8410;SC003_E-GEOD-75688;SC004_E-MTAB-8559	-1.9799859582975687	1.9799859582975692	10	0.347126112319529	PASS	ALL_4_DATASETS
16	MYC	3	SC001_E-MTAB-6653;SC002_E-MTAB-8410;SC004_E-MTAB-8559	15.171102162410811	15.171102162410811	1	0.0	PASS	3_DATASETS
13	MYC	3	SC001_E-MTAB-6653;SC002_E-MTAB-8410;SC003_E-GEOD-75688	12.673479767297351	12.673479767297351	1	1.538920699486816e-35	PASS	3_DATASETS
24	MYC	3	SC001_E-MTAB-6653;SC002_E-MTAB-8410;SC003_E-GEOD-75688	12.306142458824516	12.306142458824516	1	1.5801216233015296e-30	PASS	3_DATASETS
18	MYC	3	SC001_E-MTAB-6653;SC002_E-MTAB-8410;SC003_E-GEOD-75688	12.188696616485196	12.188696616485196	1	7.98155441064489e-35	PASS	3_DATASETS
2	MYC	3	SC001_E-MTAB-6653;SC002_E-MTAB-8410;SC003_E-GEOD-75688	11.983479281301015	11.983479281301015	1	4.071962389758314e-33	PASS	3_DATASETS
11	MYC	3	SC001_E-MTAB-6653;SC002_E-MTAB-8410;SC003_E-GEOD-75688	11.62498063815486	11.62498063815486	1	1.146008917078578e-27	PASS	3_DATASETS
3	MYC	3	SC001_E-MTAB-6653;SC002_E-MTAB-8410;SC003_E-GEOD-75688	11.535805341061383	11.535805341061383	1	1.7347055192464568e-32	PASS	3_DATASETS
5	MYC	3	SC001_E-MTAB-6653;SC002_E-MTAB-8410;SC003_E-GEOD-75688	11.286146905557912	11.286146905557914	1	7.299727344691026e-25	PASS	3_DATASETS
0	MYC	3	SC001_E-MTAB-6653;SC002_E-MTAB-8410;SC003_E-GEOD-75688	10.702012433943873	10.702012433943873	1	9.721418839338771e-28	PASS	3_DATASETS
4	MYC	3	SC001_E-MTAB-6653;SC002_E-MTAB-8410;SC003_E-GEOD-75688	10.609141585966444	10.609141585966444	1	1.4668157804249925e-29	PASS	3_DATASETS
9	MYC	3	SC001_E-MTAB-6653;SC002_E-MTAB-8410;SC003_E-GEOD-75688	9.696616293886896	9.696616293886896	1	7.471719170937744e-18	PASS	3_DATASETS
21	MYC	3	SC001_E-MTAB-6653;SC002_E-MTAB-8410;SC003_E-GEOD-75688	9.496656408206896	9.496656408206896	1	1.676917613229764e-17	PASS	3_DATASETS
4	SPI1	3	SC001_E-MTAB-6653;SC002_E-MTAB-8410;SC003_E-GEOD-75688	9.041047867070072	9.041047867070072	1	3.955641370012586e-12	PASS	3_DATASETS
4	STAT1	3	SC001_E-MTAB-6653;SC002_E-MTAB-8410;SC003_E-GEOD-75688	8.391142895994916	8.391142895994916	2	2.6562180011069362e-08	PASS	3_DATASETS
9	ETS1	3	SC001_E-MTAB-6653;SC002_E-MTAB-8410;SC003_E-GEOD-75688	8.254890295847847	8.254890295847847	1	2.851221294205444e-16	PASS	3_DATASETS
3	SPI1	3	SC001_E-MTAB-6653;SC002_E-MTAB-8410;SC003_E-GEOD-75688	8.19069636332018	8.19069636332018	1	2.704645396534033e-10	PASS	3_DATASETS
21	SRF	3	SC001_E-MTAB-6653;SC002_E-MTAB-8410;SC003_E-GEOD-75688	8.163485247835215	8.163485247835215	1	7.938303486776377e-11	PASS	3_DATASETS
19	MYC	3	SC001_E-MTAB-6653;SC002_E-MTAB-8410;SC003_E-GEOD-75688	7.984040251132758	7.984040251132758	1	7.858091411289635e-17	PASS	3_DATASETS
4	RFX5	3	SC001_E-MTAB-6653;SC002_E-MTAB-8410;SC003_E-GEOD-75688	7.951756172689265	7.951756172689265	3	4.42229690367224e-11	PASS	3_DATASETS
13	ATF6	3	SC001_E-MTAB-6653;SC002_E-MTAB-8410;SC003_E-GEOD-75688	7.883481636952028	7.883481636952028	2	2.8053035588948554e-11	PASS	3_DATASETS
4	NFYB	3	SC001_E-MTAB-6653;SC002_E-MTAB-8410;SC003_E-GEOD-75688	7.81402865751701	7.814028657517009	2	3.910912934647348e-13	PASS	3_DATASETS
3	NFYB	3	SC001_E-MTAB-6653;SC002_E-MTAB-8410;SC003_E-GEOD-75688	7.644933785600035	7.644933785600035	2	8.916712718664775e-13	PASS	3_DATASETS
4	ETS1	3	SC001_E-MTAB-6653;SC002_E-MTAB-8410;SC003_E-GEOD-75688	7.633256522562728	7.633256522562728	4	4.13911099839126e-10	PASS	3_DATASETS
3	ETS1	3	SC001_E-MTAB-6653;SC002_E-MTAB-8410;SC003_E-GEOD-75688	7.465064919744773	7.465064919744772	3	3.6559885674414256e-10	PASS	3_DATASETS
4	NFKB1	3	SC001_E-MTAB-6653;SC002_E-MTAB-8410;SC003_E-GEOD-75688	7.362664251743528	7.362664251743528	3	2.438273725147156e-07	PASS	3_DATASETS
19	SRF	3	SC001_E-MTAB-6653;SC002_E-MTAB-8410;SC003_E-GEOD-75688	7.341579236904543	7.341579236904543	1	1.442574358578863e-13	PASS	3_DATASETS
3	STAT1	3	SC001_E-MTAB-6653;SC002_E-MTAB-8410;SC003_E-GEOD-75688	7.228713148353748	7.228713148353748	2	1.3257207456263131e-06	PASS	3_DATASETS
21	ETS1	3	SC001_E-MTAB-6653;SC002_E-MTAB-8410;SC003_E-GEOD-75688	7.183314003810975	7.183314003810975	2	1.1879119909963265e-08	PASS	3_DATASETS
26	ETS1	3	SC001_E-MTAB-6653;SC003_E-GEOD-75688;SC004_E-MTAB-8559	7.029448657807918	7.029448657807918	3	4.733086145236598e-11	PASS	3_DATASETS
5	NFYB	3	SC001_E-MTAB-6653;SC002_E-MTAB-8410;SC003_E-GEOD-75688	6.913981627300927	6.913981627300925	2	3.917192438473993e-11	PASS	3_DATASETS
18	NFYB	3	SC001_E-MTAB-6653;SC002_E-MTAB-8410;SC003_E-GEOD-75688	6.912191219847039	6.912191219847038	2	4.0172631887713806e-10	PASS	3_DATASETS
3	RFX5	3	SC001_E-MTAB-6653;SC002_E-MTAB-8410;SC003_E-GEOD-75688	6.739850071992827	6.739850071992827	4	4.207596049354834e-09	PASS	3_DATASETS
2	ETS1	3	SC001_E-MTAB-6653;SC002_E-MTAB-8410;SC003_E-GEOD-75688	6.608070512774205	6.608070512774205	2	3.9492428527410084e-07	PASS	3_DATASETS
11	SRF	3	SC001_E-MTAB-6653;SC002_E-MTAB-8410;SC003_E-GEOD-75688	6.483836876874203	6.483836876874203	1	4.384261399081879e-05	PASS	3_DATASETS
26	HIF1A	3	SC001_E-MTAB-6653;SC003_E-GEOD-75688;SC004_E-MTAB-8559	6.475425117985618	6.475425117985618	3	1.040460290369083e-06	PASS	3_DATASETS
4	RELA	3	SC001_E-MTAB-6653;SC002_E-MTAB-8410;SC003_E-GEOD-75688	6.472267741779977	6.472267741779977	4	8.50627930049086e-06	PASS	3_DATASETS
10	SMAD3	3	SC001_E-MTAB-6653;SC002_E-MTAB-8410;SC003_E-GEOD-75688	6.318852978220481	6.318852978220481	4	7.663533869994854e-12	PASS	3_DATASETS
5	ETS1	3	SC001_E-MTAB-6653;SC002_E-MTAB-8410;SC003_E-GEOD-75688	6.252184790788486	6.252184790788486	2	9.667620020081813e-07	PASS	3_DATASETS
16	E2F4	3	SC001_E-MTAB-6653;SC002_E-MTAB-8410;SC004_E-MTAB-8559	6.224358184929639	6.224358184929639	2	1.7775122209684469e-06	PASS	3_DATASETS
19	ETS1	3	SC001_E-MTAB-6653;SC002_E-MTAB-8410;SC003_E-GEOD-75688	6.1712867004025	6.1712867004025	3	2.859390724196942e-09	PASS	3_DATASETS
0	ETS1	3	SC001_E-MTAB-6653;SC002_E-MTAB-8410;SC003_E-GEOD-75688	6.075452861896589	6.075452861896589	2	1.1008559681613406e-06	PASS	3_DATASETS
2	E2F4	3	SC001_E-MTAB-6653;SC002_E-MTAB-8410;SC003_E-GEOD-75688	6.074030766532222	6.074030766532222	4	2.8933673092979006e-06	PASS	3_DATASETS
5	SPI1	3	SC001_E-MTAB-6653;SC002_E-MTAB-8410;SC003_E-GEOD-75688	6.07091933959407	6.07091933959407	3	2.115020834025927e-06	PASS	3_DATASETS
5	SP1	3	SC001_E-MTAB-6653;SC002_E-MTAB-8410;SC003_E-GEOD-75688	6.0078893710661445	6.0078893710661445	3	4.231045664937483e-07	PASS	3_DATASETS
18	RFX5	3	SC001_E-MTAB-6653;SC002_E-MTAB-8410;SC003_E-GEOD-75688	5.99755555000602	5.99755555000602	3	9.379263588016328e-07	PASS	3_DATASETS
26	ATF6	3	SC001_E-MTAB-6653;SC003_E-GEOD-75688;SC004_E-MTAB-8559	5.962077309963874	5.962077309963874	5	1.7964287053473529e-06	PASS	3_DATASETS
18	SPI1	3	SC001_E-MTAB-6653;SC002_E-MTAB-8410;SC003_E-GEOD-75688	5.860861397735349	5.860861397735349	2	0.0013016022276133	PASS	3_DATASETS
0	E2F4	3	SC001_E-MTAB-6653;SC002_E-MTAB-8410;SC003_E-GEOD-75688	5.8549646937430415	5.8549646937430415	4	1.8708350580709524e-05	PASS	3_DATASETS
26	EGR1	3	SC001_E-MTAB-6653;SC003_E-GEOD-75688;SC004_E-MTAB-8559	5.84954231334062	5.84954231334062	4	5.46843423876453e-08	PASS	3_DATASETS
21	SP1	3	SC001_E-MTAB-6653;SC002_E-MTAB-8410;SC003_E-GEOD-75688	5.846816252269742	5.846816252269742	4	3.58551318413447e-07	PASS	3_DATASETS
3	E2F4	3	SC001_E-MTAB-6653;SC002_E-MTAB-8410;SC003_E-GEOD-75688	5.82902599527459	5.82902599527459	6	1.2826841384594443e-06	PASS	3_DATASETS
11	ETS1	3	SC001_E-MTAB-6653;SC002_E-MTAB-8410;SC003_E-GEOD-75688	5.825893664651716	5.825893664651716	3	3.184584613791231e-07	PASS	3_DATASETS
3	VDR	3	SC001_E-MTAB-6653;SC002_E-MTAB-8410;SC003_E-GEOD-75688	5.798928554978747	5.798928554978747	7	6.16649401763425e-07	PASS	3_DATASETS
4	SP1	3	SC001_E-MTAB-6653;SC002_E-MTAB-8410;SC003_E-GEOD-75688	5.774975142905018	5.77497514290502	6	9.279963819608384e-07	PASS	3_DATASETS
18	E2F4	3	SC001_E-MTAB-6653;SC002_E-MTAB-8410;SC003_E-GEOD-75688	5.762294958188448	5.762294958188448	4	4.063448614033405e-06	PASS	3_DATASETS
0	NFYB	3	SC001_E-MTAB-6653;SC002_E-MTAB-8410;SC003_E-GEOD-75688	5.746908900987799	5.746908900987799	2	2.895361035371025e-07	PASS	3_DATASETS
24	ETS1	3	SC001_E-MTAB-6653;SC002_E-MTAB-8410;SC003_E-GEOD-75688	5.700680831946694	5.700680831946694	3	3.3731840431983073e-08	PASS	3_DATASETS
9	E2F4	3	SC001_E-MTAB-6653;SC002_E-MTAB-8410;SC003_E-GEOD-75688	5.686974788216346	5.686974788216346	4	2.584895355539629e-07	PASS	3_DATASETS
10	E2F4	3	SC001_E-MTAB-6653;SC002_E-MTAB-8410;SC004_E-MTAB-8559	5.678513055282697	5.678513055282697	2	6.356578410304792e-07	PASS	3_DATASETS
26	NFKB1	3	SC001_E-MTAB-6653;SC002_E-MTAB-8410;SC003_E-GEOD-75688	5.6591524034496885	5.6591524034496885	2	2.561958751812199e-07	PASS	3_DATASETS
24	E2F4	3	SC001_E-MTAB-6653;SC002_E-MTAB-8410;SC003_E-GEOD-75688	5.642815220723247	5.642815220723247	2	5.667461891789571e-06	PASS	3_DATASETS
18	ETS1	3	SC001_E-MTAB-6653;SC002_E-MTAB-8410;SC003_E-GEOD-75688	5.605451765099956	5.605451765099957	3	7.612028275616467e-05	PASS	3_DATASETS
0	SPI1	3	SC001_E-MTAB-6653;SC002_E-MTAB-8410;SC003_E-GEOD-75688	5.595184177302024	5.595184177302024	2	0.0006337400409392	PASS	3_DATASETS
24	VDR	3	SC001_E-MTAB-6653;SC002_E-MTAB-8410;SC003_E-GEOD-75688	5.575306329180436	5.575306329180436	4	1.7388617834512845e-07	PASS	3_DATASETS
19	ATF2	3	SC001_E-MTAB-6653;SC002_E-MTAB-8410;SC003_E-GEOD-75688	5.571681447520194	5.571681447520194	1	8.96790879778564e-07	PASS	3_DATASETS
2	VDR	3	SC001_E-MTAB-6653;SC002_E-MTAB-8410;SC003_E-GEOD-75688	5.567553195141696	5.567553195141696	5	4.154177076998167e-06	PASS	3_DATASETS
21	ATF2	3	SC001_E-MTAB-6653;SC002_E-MTAB-8410;SC003_E-GEOD-75688	5.562322162891149	5.562322162891149	4	8.188457096269809e-07	PASS	3_DATASETS
21	CEBPA	3	SC001_E-MTAB-6653;SC002_E-MTAB-8410;SC003_E-GEOD-75688	5.555220326472452	5.555220326472452	3	3.6220841138856485e-05	PASS	3_DATASETS
5	NFKB1	3	SC001_E-MTAB-6653;SC002_E-MTAB-8410;SC003_E-GEOD-75688	5.55317744066479	5.55317744066479	4	3.947417462768499e-05	PASS	3_DATASETS
9	SRF	3	SC001_E-MTAB-6653;SC002_E-MTAB-8410;SC003_E-GEOD-75688	5.516173998459279	5.516173998459277	3	4.170890011943873e-07	PASS	3_DATASETS
3	NFKB1	3	SC001_E-MTAB-6653;SC002_E-MTAB-8410;SC003_E-GEOD-75688	5.512181102988809	5.512181102988809	6	3.861623554257676e-06	PASS	3_DATASETS
11	E2F4	3	SC001_E-MTAB-6653;SC002_E-MTAB-8410;SC003_E-GEOD-75688	5.500403838115269	5.500403838115268	3	1.1035204352083385e-05	PASS	3_DATASETS
5	STAT1	3	SC001_E-MTAB-6653;SC002_E-MTAB-8410;SC003_E-GEOD-75688	5.494708965641851	5.494708965641851	6	7.812392868800089e-05	PASS	3_DATASETS
4	NFYA	3	SC001_E-MTAB-6653;SC002_E-MTAB-8410;SC003_E-GEOD-75688	5.484349167573317	5.484349167573317	8	2.959471430585836e-06	PASS	3_DATASETS
2	NFYB	3	SC001_E-MTAB-6653;SC002_E-MTAB-8410;SC003_E-GEOD-75688	5.464191870186174	5.464191870186174	3	1.5669885442548548e-06	PASS	3_DATASETS
3	NFYA	3	SC001_E-MTAB-6653;SC002_E-MTAB-8410;SC003_E-GEOD-75688	5.460781481975431	5.460781481975431	8	3.1311699331126874e-06	PASS	3_DATASETS
4	USF2	3	SC001_E-MTAB-6653;SC002_E-MTAB-8410;SC003_E-GEOD-75688	5.449972158843038	5.449972158843038	9	2.2211879695532843e-06	PASS	3_DATASETS
13	E2F4	3	SC001_E-MTAB-6653;SC002_E-MTAB-8410;SC003_E-GEOD-75688	5.449024658424746	5.449024658424746	3	1.7967116946238093e-05	PASS	3_DATASETS
3	RELA	3	SC001_E-MTAB-6653;SC002_E-MTAB-8410;SC003_E-GEOD-75688	5.447041130003363	5.447041130003363	8	5.286770374368643e-06	PASS	3_DATASETS
5	E2F4	3	SC001_E-MTAB-6653;SC002_E-MTAB-8410;SC003_E-GEOD-75688	5.40456006572533	5.40456006572533	7	8.173375681508332e-05	PASS	3_DATASETS
14	NFYA	3	SC001_E-MTAB-6653;SC002_E-MTAB-8410;SC003_E-GEOD-75688	5.395640786499577	5.395640786499577	6	1.9307813090563286e-06	PASS	3_DATASETS
2	SPI1	3	SC001_E-MTAB-6653;SC002_E-MTAB-8410;SC003_E-GEOD-75688	5.3446236685599375	5.3446236685599375	2	0.0032384430523961	PASS	3_DATASETS
26	SRF	3	SC001_E-MTAB-6653;SC003_E-GEOD-75688;SC004_E-MTAB-8559	5.334397789489503	5.334397789489503	6	8.336149767274037e-05	PASS	3_DATASETS
3	SRF	3	SC001_E-MTAB-6653;SC002_E-MTAB-8410;SC003_E-GEOD-75688	5.33220594074539	5.33220594074539	9	1.1008742148987949e-06	PASS	3_DATASETS
9	VDR	3	SC001_E-MTAB-6653;SC002_E-MTAB-8410;SC003_E-GEOD-75688	5.273396608871557	5.273396608871557	6	1.1864601106026385e-06	PASS	3_DATASETS
14	SPI1	3	SC001_E-MTAB-6653;SC002_E-MTAB-8410;SC003_E-GEOD-75688	5.26208003682213	5.26208003682213	4	0.0003845703758997	PASS	3_DATASETS
4	SRF	3	SC001_E-MTAB-6653;SC002_E-MTAB-8410;SC003_E-GEOD-75688	5.2323288477074295	5.2323288477074295	12	1.0881652997341009e-05	PASS	3_DATASETS
4	VDR	3	SC001_E-MTAB-6653;SC002_E-MTAB-8410;SC003_E-GEOD-75688	5.1908916223751165	5.1908916223751165	15	1.2067748684785329e-05	PASS	3_DATASETS
26	VDR	3	SC001_E-MTAB-6653;SC003_E-GEOD-75688;SC004_E-MTAB-8559	5.186354390031309	5.186354390031309	8	2.609924831631361e-05	PASS	3_DATASETS
17	ATF6	3	SC002_E-MTAB-8410;SC003_E-GEOD-75688;SC004_E-MTAB-8559	5.16484154700192	5.16484154700192	2	0.0014039481757208	PASS	3_DATASETS
29	E2F1	3	SC001_E-MTAB-6653;SC003_E-GEOD-75688;SC004_E-MTAB-8559	5.146972462265263	5.146972462265263	5	2.201522988798388e-06	PASS	3_DATASETS
9	EGR1	3	SC001_E-MTAB-6653;SC002_E-MTAB-8410;SC003_E-GEOD-75688	5.09598621815345	5.09598621815345	5	1.033579394515982e-06	PASS	3_DATASETS
11	STAT3	3	SC001_E-MTAB-6653;SC002_E-MTAB-8410;SC003_E-GEOD-75688	5.0847615308789385	5.0847615308789385	5	0.0021188127575441	PASS	3_DATASETS
5	NFYA	3	SC001_E-MTAB-6653;SC002_E-MTAB-8410;SC003_E-GEOD-75688	5.07677805193232	5.07677805193232	6	1.077607066690689e-05	PASS	3_DATASETS
7	RFX5	3	SC001_E-MTAB-6653;SC002_E-MTAB-8410;SC003_E-GEOD-75688	5.064474858881797	5.0644748588817965	5	0.0002930257760453	PASS	3_DATASETS
21	STAT3	3	SC001_E-MTAB-6653;SC002_E-MTAB-8410;SC003_E-GEOD-75688	5.064035259653477	5.064035259653477	6	0.0001202048770209	PASS	3_DATASETS
9	STAT1	3	SC001_E-MTAB-6653;SC002_E-MTAB-8410;SC003_E-GEOD-75688	5.058822873752564	5.058822873752564	6	0.0001413576246704	PASS	3_DATASETS
5	SRF	3	SC001_E-MTAB-6653;SC002_E-MTAB-8410;SC003_E-GEOD-75688	5.048476014820079	5.048476014820079	13	0.0001120561319112	PASS	3_DATASETS
5	EGR1	3	SC001_E-MTAB-6653;SC002_E-MTAB-8410;SC003_E-GEOD-75688	4.954199703489884	4.954199703489884	11	0.0002335313765797	PASS	3_DATASETS
5	VDR	3	SC001_E-MTAB-6653;SC002_E-MTAB-8410;SC003_E-GEOD-75688	4.953469887849797	4.9534698878497965	12	0.0004532012389972	PASS	3_DATASETS
11	NFYB	3	SC001_E-MTAB-6653;SC002_E-MTAB-8410;SC003_E-GEOD-75688	4.9447897433263455	4.9447897433263455	2	3.3029766655090498e-06	PASS	3_DATASETS
0	VDR	3	SC001_E-MTAB-6653;SC002_E-MTAB-8410;SC003_E-GEOD-75688	4.940196879555001	4.940196879555001	5	4.0596461985842325e-05	PASS	3_DATASETS
9	NFYB	3	SC001_E-MTAB-6653;SC002_E-MTAB-8410;SC003_E-GEOD-75688	4.922223138131497	4.922223138131497	3	1.924259595398325e-05	PASS	3_DATASETS
4	HIF1A	3	SC001_E-MTAB-6653;SC002_E-MTAB-8410;SC003_E-GEOD-75688	4.913048260256399	4.913048260256399	14	2.691537702048663e-05	PASS	3_DATASETS
4	EGR1	3	SC001_E-MTAB-6653;SC002_E-MTAB-8410;SC003_E-GEOD-75688	4.906353103287719	4.906353103287719	16	3.289962842245586e-05	PASS	3_DATASETS
24	EGR1	3	SC001_E-MTAB-6653;SC002_E-MTAB-8410;SC003_E-GEOD-75688	4.902873971958839	4.902873971958839	5	1.1826555237348655e-06	PASS	3_DATASETS
18	NFYA	3	SC001_E-MTAB-6653;SC002_E-MTAB-8410;SC003_E-GEOD-75688	4.888439684140095	4.888439684140095	5	6.747072620783001e-05	PASS	3_DATASETS
3	EGR1	3	SC001_E-MTAB-6653;SC002_E-MTAB-8410;SC003_E-GEOD-75688	4.886477988631963	4.886477988631963	13	0.0001201671548187	PASS	3_DATASETS
19	STAT1	3	SC001_E-MTAB-6653;SC002_E-MTAB-8410;SC003_E-GEOD-75688	4.806640970635999	4.806640970635999	7	0.0010555309709161	PASS	3_DATASETS
18	VDR	3	SC001_E-MTAB-6653;SC002_E-MTAB-8410;SC003_E-GEOD-75688	4.803515140697108	4.803515140697108	6	9.17437646421604e-05	PASS	3_DATASETS
11	VDR	3	SC001_E-MTAB-6653;SC002_E-MTAB-8410;SC003_E-GEOD-75688	4.772292056563875	4.772292056563875	5	0.0003746583679457	PASS	3_DATASETS
27	E2F1	3	SC002_E-MTAB-8410;SC003_E-GEOD-75688;SC004_E-MTAB-8559	4.686340066624559	4.686340066624559	7	2.641427818161901e-05	PASS	3_DATASETS
21	TP53	3	SC001_E-MTAB-6653;SC002_E-MTAB-8410;SC003_E-GEOD-75688	4.65372525645322	4.65372525645322	11	0.0002633525582496	PASS	3_DATASETS
9	SP1	3	SC001_E-MTAB-6653;SC002_E-MTAB-8410;SC003_E-GEOD-75688	4.649633895925295	4.649633895925295	7	6.741881314549543e-05	PASS	3_DATASETS
16	VDR	3	SC001_E-MTAB-6653;SC002_E-MTAB-8410;SC004_E-MTAB-8559	4.640113378929951	4.640113378929952	2	0.000187359022675	PASS	3_DATASETS
13	VDR	3	SC001_E-MTAB-6653;SC002_E-MTAB-8410;SC003_E-GEOD-75688	4.622864253462986	4.622864253462986	5	0.0004495384491747	PASS	3_DATASETS
26	NFYB	3	SC001_E-MTAB-6653;SC003_E-GEOD-75688;SC004_E-MTAB-8559	4.566177700390807	4.566177700390808	5	2.1565579118032474e-06	PASS	3_DATASETS
3	HIF1A	3	SC001_E-MTAB-6653;SC002_E-MTAB-8410;SC003_E-GEOD-75688	4.550654645626126	4.550654645626125	15	0.000335657125106	PASS	3_DATASETS
13	NFYB	3	SC001_E-MTAB-6653;SC002_E-MTAB-8410;SC003_E-GEOD-75688	4.542502828718546	4.542502828718546	4	6.983774801483378e-05	PASS	3_DATASETS
24	AR	3	SC001_E-MTAB-6653;SC002_E-MTAB-8410;SC003_E-GEOD-75688	4.514437788563348	4.514437788563348	7	0.0001516972988611	PASS	3_DATASETS
10	HIF1A	3	SC001_E-MTAB-6653;SC002_E-MTAB-8410;SC004_E-MTAB-8559	4.5008819607716	4.5008819607716	5	0.0001365356729365	PASS	3_DATASETS
21	HIF1A	3	SC001_E-MTAB-6653;SC002_E-MTAB-8410;SC003_E-GEOD-75688	4.4680376686065495	4.4680376686065495	13	0.0020525050349533	PASS	3_DATASETS
5	RELA	3	SC001_E-MTAB-6653;SC002_E-MTAB-8410;SC003_E-GEOD-75688	4.455911597801028	4.455911597801028	15	0.0020340082701295	PASS	3_DATASETS
16	HIF1A	3	SC001_E-MTAB-6653;SC002_E-MTAB-8410;SC004_E-MTAB-8559	4.441564241433668	4.441564241433668	3	0.0018733710749074	PASS	3_DATASETS
24	SRF	3	SC001_E-MTAB-6653;SC002_E-MTAB-8410;SC003_E-GEOD-75688	4.411702102429737	4.411702102429737	4	0.0046179839409887	PASS	3_DATASETS
16	ETS1	3	SC001_E-MTAB-6653;SC002_E-MTAB-8410;SC004_E-MTAB-8559	4.398884341137724	4.398884341137724	3	0.000131947446789	PASS	3_DATASETS
26	AR	3	SC001_E-MTAB-6653;SC002_E-MTAB-8410;SC004_E-MTAB-8559	4.395771434650752	4.395771434650752	10	4.9450532969785854e-05	PASS	3_DATASETS
10	EGR1	3	SC001_E-MTAB-6653;SC002_E-MTAB-8410;SC004_E-MTAB-8559	4.390085410313843	4.390085410313843	4	0.0001588139857631	PASS	3_DATASETS
11	EGR1	3	SC001_E-MTAB-6653;SC002_E-MTAB-8410;SC003_E-GEOD-75688	4.372732682567727	4.372732682567727	12	0.0027862051501869	PASS	3_DATASETS
13	ETS1	3	SC001_E-MTAB-6653;SC002_E-MTAB-8410;SC003_E-GEOD-75688	4.36392497577587	4.36392497577587	6	0.0012568960082717	PASS	3_DATASETS
27	NFE2L2	3	SC001_E-MTAB-6653;SC002_E-MTAB-8410;SC004_E-MTAB-8559	4.350494420839307	4.350494420839307	5	0.0003898093709722	PASS	3_DATASETS
14	SP1	3	SC001_E-MTAB-6653;SC002_E-MTAB-8410;SC004_E-MTAB-8559	4.325198337459207	4.325198337459206	8	0.000166038997122	PASS	3_DATASETS
0	NFYA	3	SC001_E-MTAB-6653;SC002_E-MTAB-8410;SC003_E-GEOD-75688	4.31293710254412	4.31293710254412	6	0.0008601378940511	PASS	3_DATASETS
19	CREM	3	SC001_E-MTAB-6653;SC002_E-MTAB-8410;SC003_E-GEOD-75688	-4.291777128288399	4.291777128288399	6	0.0012742328690364	PASS	3_DATASETS
24	HIF1A	3	SC001_E-MTAB-6653;SC002_E-MTAB-8410;SC003_E-GEOD-75688	4.277317162963434	4.277317162963434	8	9.39083911362104e-05	PASS	3_DATASETS
29	NFYA	3	SC001_E-MTAB-6653;SC002_E-MTAB-8410;SC003_E-GEOD-75688	4.254341275833471	4.254341275833471	11	0.0007606766885146	PASS	3_DATASETS
17	AR	3	SC001_E-MTAB-6653;SC002_E-MTAB-8410;SC003_E-GEOD-75688	4.250896455236724	4.250896455236724	4	7.764915790176019e-05	PASS	3_DATASETS
7	SRF	3	SC001_E-MTAB-6653;SC002_E-MTAB-8410;SC003_E-GEOD-75688	4.185631933736775	4.185631933736775	8	0.0026852724840864	PASS	3_DATASETS
29	AR	3	SC001_E-MTAB-6653;SC002_E-MTAB-8410;SC004_E-MTAB-8559	4.135706566464808	4.135706566464808	6	0.0002606298658065	PASS	3_DATASETS
23	SRF	3	SC002_E-MTAB-8410;SC003_E-GEOD-75688;SC004_E-MTAB-8559	4.132463247878095	4.132463247878095	10	0.0013803711044601	PASS	3_DATASETS
19	NFYB	3	SC001_E-MTAB-6653;SC002_E-MTAB-8410;SC003_E-GEOD-75688	4.103401224214728	4.103401224214728	12	0.0030363609548658	PASS	3_DATASETS
10	ATF6	3	SC001_E-MTAB-6653;SC003_E-GEOD-75688;SC004_E-MTAB-8559	4.101245654724111	4.101245654724111	8	0.0007152937469072	PASS	3_DATASETS
2	NFYA	3	SC001_E-MTAB-6653;SC002_E-MTAB-8410;SC003_E-GEOD-75688	4.086658362630767	4.086658362630768	8	0.002427760977298	PASS	3_DATASETS
16	NFYB	3	SC001_E-MTAB-6653;SC002_E-MTAB-8410;SC004_E-MTAB-8559	3.9847421341006672	3.9847421341006672	3	0.000121824828966	PASS	3_DATASETS
29	RELA	3	SC001_E-MTAB-6653;SC003_E-GEOD-75688;SC004_E-MTAB-8559	3.98461223830738	3.98461223830738	15	0.0092721157707273	PASS	3_DATASETS
10	TBP	3	SC001_E-MTAB-6653;SC002_E-MTAB-8410;SC004_E-MTAB-8559	3.98430015377094	3.98430015377094	6	0.0001845055376179	PASS	3_DATASETS
7	MAX	3	SC001_E-MTAB-6653;SC002_E-MTAB-8410;SC004_E-MTAB-8559	3.936880795410183	3.936880795410183	5	0.0002650392416398	PASS	3_DATASETS
24	NFYB	3	SC001_E-MTAB-6653;SC002_E-MTAB-8410;SC003_E-GEOD-75688	3.935616198115349	3.935616198115349	9	0.0006925886846147	PASS	3_DATASETS
0	SRF	3	SC001_E-MTAB-6653;SC002_E-MTAB-8410;SC003_E-GEOD-75688	3.933081453001285	3.933081453001285	8	0.0023413005983456	PASS	3_DATASETS
16	SP1	3	SC001_E-MTAB-6653;SC002_E-MTAB-8410;SC004_E-MTAB-8559	3.930677345560461	3.9306773455604618	5	0.0013281941064632	PASS	3_DATASETS
13	SPIB	3	SC001_E-MTAB-6653;SC002_E-MTAB-8410;SC003_E-GEOD-75688	-3.9277126905785273	3.9277126905785273	4	0.0003156456805299	PASS	3_DATASETS
16	EGR1	3	SC001_E-MTAB-6653;SC002_E-MTAB-8410;SC004_E-MTAB-8559	3.8985436291583113	3.8985436291583113	4	0.0003127164090983	PASS	3_DATASETS
17	NFYA	3	SC001_E-MTAB-6653;SC002_E-MTAB-8410;SC003_E-GEOD-75688	3.8760546826209192	3.8760546826209192	5	0.0054081580601632	PASS	3_DATASETS
0	NFKB1	3	SC001_E-MTAB-6653;SC002_E-MTAB-8410;SC003_E-GEOD-75688	3.866258700101556	3.866258700101555	9	0.0159224476665257	PASS	3_DATASETS
13	NFYA	3	SC001_E-MTAB-6653;SC002_E-MTAB-8410;SC003_E-GEOD-75688	3.850882928941807	3.850882928941807	7	0.0058111809194087	PASS	3_DATASETS
10	NFYB	3	SC001_E-MTAB-6653;SC002_E-MTAB-8410;SC004_E-MTAB-8559	3.8416834223092446	3.841683422309244	7	0.0001010879605018	PASS	3_DATASETS
16	ATF6	3	SC001_E-MTAB-6653;SC002_E-MTAB-8410;SC004_E-MTAB-8559	3.8086518701562055	3.8086518701562055	5	0.0089395111426711	PASS	3_DATASETS
18	SRF	3	SC001_E-MTAB-6653;SC002_E-MTAB-8410;SC003_E-GEOD-75688	3.7476243192317313	3.7476243192317313	9	0.0104277841746807	PASS	3_DATASETS
16	AR	3	SC001_E-MTAB-6653;SC002_E-MTAB-8410;SC004_E-MTAB-8559	3.700933788101079	3.700933788101079	7	0.0009027041960507	PASS	3_DATASETS
23	SP1	3	SC001_E-MTAB-6653;SC002_E-MTAB-8410;SC004_E-MTAB-8559	3.6756675085321366	3.6756675085321366	5	0.0046867248602211	PASS	3_DATASETS
16	MAX	3	SC001_E-MTAB-6653;SC002_E-MTAB-8410;SC004_E-MTAB-8559	3.6681278600650096	3.6681278600650096	4	0.0047458456829189	PASS	3_DATASETS
17	NFYB	3	SC001_E-MTAB-6653;SC002_E-MTAB-8410;SC004_E-MTAB-8559	3.654731702249212	3.654731702249212	4	0.0051447451114654	PASS	3_DATASETS
14	USF1	3	SC001_E-MTAB-6653;SC002_E-MTAB-8410;SC004_E-MTAB-8559	3.593171098462147	3.5931710984621468	14	0.0022693810751661	PASS	3_DATASETS
24	NFYA	3	SC001_E-MTAB-6653;SC002_E-MTAB-8410;SC003_E-GEOD-75688	3.548619038314484	3.548619038314484	14	0.005661909468472	PASS	3_DATASETS
26	CEBPD	3	SC001_E-MTAB-6653;SC002_E-MTAB-8410;SC004_E-MTAB-8559	3.544723678531559	3.544723678531558	16	0.003342478070408	PASS	3_DATASETS
2	EGR1	3	SC001_E-MTAB-6653;SC002_E-MTAB-8410;SC003_E-GEOD-75688	3.499521369739921	3.499521369739921	14	0.018679117783904	PASS	3_DATASETS
0	RELA	3	SC001_E-MTAB-6653;SC002_E-MTAB-8410;SC003_E-GEOD-75688	3.498352105695969	3.498352105695969	12	0.0342629645019769	PASS	3_DATASETS
0	EGR1	3	SC001_E-MTAB-6653;SC002_E-MTAB-8410;SC003_E-GEOD-75688	3.478880670746958	3.478880670746958	13	0.01236934075132	PASS	3_DATASETS
2	HIF1A	3	SC001_E-MTAB-6653;SC002_E-MTAB-8410;SC003_E-GEOD-75688	3.46443215730363	3.46443215730363	13	0.0117614567279815	PASS	3_DATASETS
7	TFDP1	3	SC002_E-MTAB-8410;SC003_E-GEOD-75688;SC004_E-MTAB-8559	3.394671346093918	3.394671346093918	9	0.040384872816503	PASS	3_DATASETS
13	ELK1	3	SC001_E-MTAB-6653;SC002_E-MTAB-8410;SC003_E-GEOD-75688	3.38974744471467	3.38974744471467	7	0.0223243124783039	PASS	3_DATASETS
27	USF1	3	SC001_E-MTAB-6653;SC002_E-MTAB-8410;SC004_E-MTAB-8559	3.35260919270664	3.35260919270664	12	0.0097293201833963	PASS	3_DATASETS
18	EGR1	3	SC001_E-MTAB-6653;SC002_E-MTAB-8410;SC003_E-GEOD-75688	3.3447463590959665	3.3447463590959665	13	0.0416599363088607	PASS	3_DATASETS
18	RELA	3	SC001_E-MTAB-6653;SC002_E-MTAB-8410;SC003_E-GEOD-75688	3.3075490779366543	3.3075490779366543	15	0.0239291209727525	PASS	3_DATASETS
7	EGR1	3	SC002_E-MTAB-8410;SC003_E-GEOD-75688;SC004_E-MTAB-8559	3.278511671477597	3.278511671477597	8	0.0293964454904198	PASS	3_DATASETS
18	NFKB1	3	SC001_E-MTAB-6653;SC002_E-MTAB-8410;SC003_E-GEOD-75688	3.250504243353177	3.250504243353177	12	0.0155893517658114	PASS	3_DATASETS
17	USF1	3	SC001_E-MTAB-6653;SC002_E-MTAB-8410;SC004_E-MTAB-8559	3.23911655639056	3.23911655639056	6	0.0108130443841218	PASS	3_DATASETS
14	MAX	3	SC001_E-MTAB-6653;SC002_E-MTAB-8410;SC004_E-MTAB-8559	3.1842937664820354	3.1842937664820354	17	0.0063694433774798	PASS	3_DATASETS
16	NFYA	3	SC001_E-MTAB-6653;SC002_E-MTAB-8410;SC004_E-MTAB-8559	3.1680855032645123	3.1680855032645123	8	0.0099741928279399	PASS	3_DATASETS
2	NFKB1	3	SC001_E-MTAB-6653;SC002_E-MTAB-8410;SC003_E-GEOD-75688	3.1571583417706983	3.1571583417706983	17	0.0283467005938291	PASS	3_DATASETS
15	AR	3	SC002_E-MTAB-8410;SC003_E-GEOD-75688;SC004_E-MTAB-8559	3.1545434048301693	3.1545434048301693	4	0.1207745485007762	PASS	3_DATASETS
29	FOXM1	3	SC001_E-MTAB-6653;SC002_E-MTAB-8410;SC004_E-MTAB-8559	3.082088053574211	3.082088053574212	15	0.011980328708887	PASS	3_DATASETS
0	HIF1A	3	SC001_E-MTAB-6653;SC002_E-MTAB-8410;SC003_E-GEOD-75688	3.062747981311983	3.062747981311984	17	0.0258345296606421	PASS	3_DATASETS
16	SRF	3	SC001_E-MTAB-6653;SC002_E-MTAB-8410;SC004_E-MTAB-8559	3.0410813706133077	3.0410813706133077	10	0.0666004084050655	PASS	3_DATASETS
27	MAX	3	SC001_E-MTAB-6653;SC002_E-MTAB-8410;SC004_E-MTAB-8559	2.978060772236715	2.978060772236715	15	0.0300625078380107	PASS	3_DATASETS
13	SRF	3	SC001_E-MTAB-6653;SC002_E-MTAB-8410;SC003_E-GEOD-75688	2.9183984849722733	2.9183984849722733	12	0.1315202797632082	PASS	3_DATASETS
16	CEBPD	3	SC001_E-MTAB-6653;SC002_E-MTAB-8410;SC004_E-MTAB-8559	2.8563428201044148	2.8563428201044148	13	0.0808080360293388	PASS	3_DATASETS
15	ETS1	3	SC002_E-MTAB-8410;SC003_E-GEOD-75688;SC004_E-MTAB-8559	2.6728390574201235	2.6728390574201235	3	0.3765138983726501	PASS	3_DATASETS
15	NFE2L2	3	SC001_E-MTAB-6653;SC002_E-MTAB-8410;SC004_E-MTAB-8559	2.6517100177317148	2.6517100177317148	6	0.0945496931672095	PASS	3_DATASETS
7	SP1	3	SC001_E-MTAB-6653;SC002_E-MTAB-8410;SC004_E-MTAB-8559	2.5828402731976463	2.5828402731976463	11	0.1302694380283355	PASS	3_DATASETS
7	USF1	3	SC001_E-MTAB-6653;SC002_E-MTAB-8410;SC004_E-MTAB-8559	2.497993678475894	2.4979936784758943	10	0.0937421359121798	PASS	3_DATASETS
7	HIF1A	3	SC001_E-MTAB-6653;SC002_E-MTAB-8410;SC004_E-MTAB-8559	2.435506897214182	2.435506897214182	12	0.1232234612107276	PASS	3_DATASETS
7	TFAP2C	3	SC001_E-MTAB-6653;SC002_E-MTAB-8410;SC004_E-MTAB-8559	-2.3054536722061	2.3054536722061	14	0.1425463855266571	PASS	3_DATASETS
15	USF1	3	SC001_E-MTAB-6653;SC002_E-MTAB-8410;SC004_E-MTAB-8559	1.985790636178631	1.985790636178631	10	0.393515482544899	PASS	3_DATASETS
32	MYC	2	SC003_E-GEOD-75688;SC004_E-MTAB-8559	15.73470152346528	15.73470152346528	1	1.9956241755065797e-40	PASS	2_DATASETS
30	MYC	2	SC002_E-MTAB-8410;SC004_E-MTAB-8559	13.113599362445582	13.113599362445582	1	7.016433132930006e-39	PASS	2_DATASETS
6	MYC	2	SC001_E-MTAB-6653;SC002_E-MTAB-8410	13.0054686541975	13.0054686541975	1	3.329777238394021e-31	PASS	2_DATASETS
33	MYC	2	SC003_E-GEOD-75688;SC004_E-MTAB-8559	12.534643316617665	12.534643316617665	1	2.8912664485417447e-31	PASS	2_DATASETS
25	MYC	2	SC002_E-MTAB-8410;SC003_E-GEOD-75688	12.433318213355555	12.433318213355555	1	1.591339584030084e-32	PASS	2_DATASETS
20	MYC	2	SC001_E-MTAB-6653;SC002_E-MTAB-8410	12.303925425705014	12.303925425705014	1	2.504765860289792e-29	PASS	2_DATASETS
12	MYC	2	SC001_E-MTAB-6653;SC002_E-MTAB-8410	11.84964979460254	11.84964979460254	1	4.9441115124874814e-20	PASS	2_DATASETS
32	E2F4	2	SC003_E-GEOD-75688;SC004_E-MTAB-8559	11.821738500131046	11.821738500131046	2	6.151474351210067e-20	PASS	2_DATASETS
22	MYC	2	SC001_E-MTAB-6653;SC002_E-MTAB-8410	10.844913039126094	10.844913039126094	1	1.180582430580374e-21	PASS	2_DATASETS
1	MYC	2	SC001_E-MTAB-6653;SC002_E-MTAB-8410	10.59254109875145	10.59254109875145	1	6.227350804852319e-20	PASS	2_DATASETS
8	MYC	2	SC001_E-MTAB-6653;SC003_E-GEOD-75688	10.097773437053096	10.097773437053096	1	2.0266070538412604e-20	PASS	2_DATASETS
22	SRF	2	SC001_E-MTAB-6653;SC002_E-MTAB-8410	9.587014568427785	9.587014568427785	2	1.585185145446635e-14	PASS	2_DATASETS
33	E2F4	2	SC003_E-GEOD-75688;SC004_E-MTAB-8559	9.021853056830178	9.021853056830178	2	3.5129545111889705e-11	PASS	2_DATASETS
30	E2F4	2	SC002_E-MTAB-8410;SC004_E-MTAB-8559	8.506951011860307	8.506951011860307	2	3.4413286683596415e-12	PASS	2_DATASETS
30	ETS1	2	SC002_E-MTAB-8410;SC004_E-MTAB-8559	7.931346557859362	7.931346557859362	2	1.9489706872825964e-12	PASS	2_DATASETS
6	NFYB	2	SC001_E-MTAB-6653;SC002_E-MTAB-8410	7.506814264464946	7.506814264464946	3	7.589804327558236e-12	PASS	2_DATASETS
30	SRF	2	SC002_E-MTAB-8410;SC004_E-MTAB-8559	7.257148257079637	7.257148257079637	3	5.077509185909127e-12	PASS	2_DATASETS
6	RFX5	2	SC001_E-MTAB-6653;SC002_E-MTAB-8410	7.144709203637781	7.144709203637781	2	1.7476054816874337e-11	PASS	2_DATASETS
6	SPI1	2	SC001_E-MTAB-6653;SC002_E-MTAB-8410	6.976531182477208	6.976531182477208	2	3.697471076245139e-09	PASS	2_DATASETS
30	HIF1A	2	SC002_E-MTAB-8410;SC004_E-MTAB-8559	6.974079088899604	6.974079088899604	4	7.751535758884144e-09	PASS	2_DATASETS
32	ETS1	2	SC003_E-GEOD-75688;SC004_E-MTAB-8559	6.81235684734501	6.81235684734501	3	6.115001976135516e-09	PASS	2_DATASETS
33	STAT2	2	SC003_E-GEOD-75688;SC004_E-MTAB-8559	6.795707216827863	6.795707216827863	3	3.821721838903618e-05	PASS	2_DATASETS
6	ETS1	2	SC001_E-MTAB-6653;SC002_E-MTAB-8410	6.543679140438553	6.543679140438553	4	1.9495048603213053e-08	PASS	2_DATASETS
12	ETS1	2	SC001_E-MTAB-6653;SC002_E-MTAB-8410	6.526570134564247	6.526570134564247	2	1.8709307740213954e-09	PASS	2_DATASETS
30	SP1	2	SC002_E-MTAB-8410;SC004_E-MTAB-8559	6.500441438508271	6.500441438508271	5	5.040177969428682e-09	PASS	2_DATASETS
30	EGR1	2	SC002_E-MTAB-8410;SC004_E-MTAB-8559	6.2361810142815255	6.2361810142815255	6	1.647433127416331e-09	PASS	2_DATASETS
25	AR	2	SC002_E-MTAB-8410;SC003_E-GEOD-75688	6.114204824594247	6.114204824594247	2	5.6870962772404e-08	PASS	2_DATASETS
25	E2F4	2	SC002_E-MTAB-8410;SC003_E-GEOD-75688	6.101354494119766	6.101354494119766	3	1.97466327549016e-06	PASS	2_DATASETS
19	RELA	2	SC001_E-MTAB-6653;SC003_E-GEOD-75688	6.083031646711584	6.083031646711584	4	0.0023110143377237	PASS	2_DATASETS
33	ETS1	2	SC003_E-GEOD-75688;SC004_E-MTAB-8559	6.001625650881565	6.001625650881565	3	1.2141363114892556e-07	PASS	2_DATASETS
6	ESR2	2	SC001_E-MTAB-6653;SC002_E-MTAB-8410	5.998777323144993	5.998777323144993	4	2.0502448200288015e-07	PASS	2_DATASETS
6	SP1	2	SC001_E-MTAB-6653;SC002_E-MTAB-8410	5.935287282026726	5.935287282026726	7	1.2745984334650018e-07	PASS	2_DATASETS
6	STAT1	2	SC001_E-MTAB-6653;SC002_E-MTAB-8410	5.9190057427671015	5.9190057427671015	5	1.34615654617809e-06	PASS	2_DATASETS
8	E2F4	2	SC001_E-MTAB-6653;SC003_E-GEOD-75688	5.911930509766403	5.911930509766403	2	9.82908760634692e-05	PASS	2_DATASETS
21	STAT1	2	SC001_E-MTAB-6653;SC003_E-GEOD-75688	5.875190019554263	5.875190019554263	5	0.0025150808507048	PASS	2_DATASETS
25	VDR	2	SC002_E-MTAB-8410;SC003_E-GEOD-75688	5.815531043417344	5.815531043417344	4	2.3939533701743125e-06	PASS	2_DATASETS
32	VDR	2	SC003_E-GEOD-75688;SC004_E-MTAB-8559	5.807530620365982	5.807530620365982	4	1.0193458743756879e-07	PASS	2_DATASETS
1	NFYB	2	SC001_E-MTAB-6653;SC002_E-MTAB-8410	5.799540503557973	5.799540503557973	2	3.050931770554044e-07	PASS	2_DATASETS
7	E2F1	2	SC003_E-GEOD-75688;SC004_E-MTAB-8559	5.78789038453952	5.78789038453952	3	0.0015557345759621	PASS	2_DATASETS
19	E2F4	2	SC002_E-MTAB-8410;SC003_E-GEOD-75688	5.787381626670744	5.787381626670744	7	8.032713004188508e-06	PASS	2_DATASETS
6	NFKB1	2	SC001_E-MTAB-6653;SC002_E-MTAB-8410	5.744345119735735	5.744345119735735	8	3.559753523063592e-07	PASS	2_DATASETS
19	NFKB1	2	SC001_E-MTAB-6653;SC003_E-GEOD-75688	5.714212761610276	5.714212761610276	3	4.128952778261613e-05	PASS	2_DATASETS
32	EGR1	2	SC003_E-GEOD-75688;SC004_E-MTAB-8559	5.708317857775724	5.708317857775724	5	4.438716363353024e-06	PASS	2_DATASETS
5	HIF1A	2	SC002_E-MTAB-8410;SC003_E-GEOD-75688	5.706604879777295	5.706604879777295	8	0.0001237047621578	PASS	2_DATASETS
32	E2F1	2	SC003_E-GEOD-75688;SC004_E-MTAB-8559	5.695893337614222	5.695893337614222	4	0.0008023419068899	PASS	2_DATASETS
11	ATF2	2	SC002_E-MTAB-8410;SC003_E-GEOD-75688	5.695216987639917	5.695216987639917	4	5.515879936987984e-05	PASS	2_DATASETS
12	NFYB	2	SC001_E-MTAB-6653;SC002_E-MTAB-8410	5.622089158572807	5.622089158572807	3	3.153696045643528e-06	PASS	2_DATASETS
25	ETS1	2	SC002_E-MTAB-8410;SC003_E-GEOD-75688	5.621155800614503	5.621155800614503	5	2.413595134242996e-05	PASS	2_DATASETS
30	SMAD3	2	SC002_E-MTAB-8410;SC004_E-MTAB-8559	5.566506793876538	5.566506793876538	6	4.338799008962724e-06	PASS	2_DATASETS
6	E2F4	2	SC001_E-MTAB-6653;SC002_E-MTAB-8410	5.532245916867616	5.532245916867616	9	2.985337573591096e-06	PASS	2_DATASETS
19	VDR	2	SC002_E-MTAB-8410;SC003_E-GEOD-75688	5.531143627333298	5.531143627333298	6	0.0003469478246154	PASS	2_DATASETS
22	ETS1	2	SC001_E-MTAB-6653;SC002_E-MTAB-8410	5.5007117886620325	5.5007117886620325	3	0.0002154403573484	PASS	2_DATASETS
12	VDR	2	SC001_E-MTAB-6653;SC002_E-MTAB-8410	5.492514068269616	5.492514068269616	3	8.40365622423178e-07	PASS	2_DATASETS
19	SPI1	2	SC001_E-MTAB-6653;SC003_E-GEOD-75688	5.487049590179663	5.487049590179663	5	0.0071812993849531	PASS	2_DATASETS
33	STAT1	2	SC003_E-GEOD-75688;SC004_E-MTAB-8559	5.478521140177172	5.478521140177172	4	0.0117908045587481	PASS	2_DATASETS
6	USF2	2	SC001_E-MTAB-6653;SC002_E-MTAB-8410	5.463440687784601	5.463440687784601	7	1.2411848668847372e-06	PASS	2_DATASETS
10	STAT1	2	SC002_E-MTAB-8410;SC003_E-GEOD-75688	5.448791702310114	5.448791702310114	4	0.0014905475571101	PASS	2_DATASETS
5	ESR2	2	SC001_E-MTAB-6653;SC002_E-MTAB-8410	5.40115209867585	5.40115209867585	4	1.8564327319836595e-06	PASS	2_DATASETS
26	STAT3	2	SC001_E-MTAB-6653;SC003_E-GEOD-75688	5.3531508164827	5.3531508164827	8	0.001400976212843	PASS	2_DATASETS
26	CEBPA	2	SC003_E-GEOD-75688;SC004_E-MTAB-8559	5.327120419122798	5.327120419122798	9	0.0007233534417443	PASS	2_DATASETS
25	ATF6	2	SC002_E-MTAB-8410;SC003_E-GEOD-75688	5.324115441212104	5.324115441212104	2	0.006038928362508	PASS	2_DATASETS
5	RFX5	2	SC001_E-MTAB-6653;SC002_E-MTAB-8410	5.32105648125031	5.32105648125031	3	0.0002160062658458	PASS	2_DATASETS
33	ATF6	2	SC003_E-GEOD-75688;SC004_E-MTAB-8559	5.28145233202218	5.28145233202218	5	0.002088314623266	PASS	2_DATASETS
1	ETS1	2	SC001_E-MTAB-6653;SC002_E-MTAB-8410	5.251361818850006	5.251361818850006	3	6.637279852839129e-06	PASS	2_DATASETS
12	E2F4	2	SC001_E-MTAB-6653;SC002_E-MTAB-8410	5.235452944447022	5.235452944447022	5	7.429335028064088e-06	PASS	2_DATASETS
6	USF1	2	SC001_E-MTAB-6653;SC002_E-MTAB-8410	5.227813679159111	5.227813679159111	8	7.241631031718043e-06	PASS	2_DATASETS
24	SP1	2	SC001_E-MTAB-6653;SC002_E-MTAB-8410	5.17089020128881	5.17089020128881	2	3.66060459562334e-05	PASS	2_DATASETS
2	STAT1	2	SC002_E-MTAB-8410;SC003_E-GEOD-75688	5.168617937187932	5.168617937187932	5	0.0255154427142944	PASS	2_DATASETS
26	FOS	2	SC002_E-MTAB-8410;SC003_E-GEOD-75688	5.153699163326805	5.153699163326805	11	0.0009546587280863	PASS	2_DATASETS
5	SMAD1	2	SC002_E-MTAB-8410;SC003_E-GEOD-75688	5.144802702691304	5.144802702691304	11	6.616007084403464e-06	PASS	2_DATASETS
10	CEBPA	2	SC003_E-GEOD-75688;SC004_E-MTAB-8559	5.099966405780707	5.099966405780707	5	0.0196521859629841	PASS	2_DATASETS
8	VDR	2	SC001_E-MTAB-6653;SC003_E-GEOD-75688	5.07806542025896	5.07806542025896	5	0.0022219628207683	PASS	2_DATASETS
6	NFYA	2	SC001_E-MTAB-6653;SC002_E-MTAB-8410	5.0179789116796165	5.0179789116796165	13	3.552015357399796e-06	PASS	2_DATASETS
4	E2F4	2	SC001_E-MTAB-6653;SC002_E-MTAB-8410	5.016875145858661	5.016875145858661	10	5.476192200148944e-06	PASS	2_DATASETS
6	SRF	2	SC001_E-MTAB-6653;SC002_E-MTAB-8410	4.974953804518373	4.974953804518373	10	7.125503839230978e-05	PASS	2_DATASETS
30	VDR	2	SC002_E-MTAB-8410;SC004_E-MTAB-8559	4.912232999524242	4.912232999524242	10	4.394629741000244e-06	PASS	2_DATASETS
20	E2F4	2	SC001_E-MTAB-6653;SC002_E-MTAB-8410	4.895407808245313	4.895407808245313	2	6.045371446814088e-05	PASS	2_DATASETS
29	CEBPA	2	SC003_E-GEOD-75688;SC004_E-MTAB-8559	4.885186583223919	4.885186583223919	9	0.0012602961896356	PASS	2_DATASETS
8	ETS1	2	SC001_E-MTAB-6653;SC003_E-GEOD-75688	4.882051097198651	4.882051097198651	4	0.0128749095925619	PASS	2_DATASETS
4	USF1	2	SC001_E-MTAB-6653;SC002_E-MTAB-8410	4.87117918389594	4.87117918389594	11	9.42068936637952e-06	PASS	2_DATASETS
22	E2F4	2	SC001_E-MTAB-6653;SC002_E-MTAB-8410	4.870948534814869	4.870948534814869	4	0.0002486831671148	PASS	2_DATASETS
4	ESR2	2	SC001_E-MTAB-6653;SC002_E-MTAB-8410	4.867094095013474	4.867094095013474	12	8.604525646660477e-06	PASS	2_DATASETS
32	CEBPA	2	SC003_E-GEOD-75688;SC004_E-MTAB-8559	4.86364462039013	4.86364462039013	5	0.0106649653703056	PASS	2_DATASETS
5	USF1	2	SC001_E-MTAB-6653;SC002_E-MTAB-8410	4.845562847239084	4.845562847239084	6	1.172777899682842e-05	PASS	2_DATASETS
5	USF2	2	SC001_E-MTAB-6653;SC002_E-MTAB-8410	4.79696535792843	4.79696535792843	7	1.5537576018687105e-05	PASS	2_DATASETS
20	ETS1	2	SC001_E-MTAB-6653;SC002_E-MTAB-8410	4.782570252160001	4.782570252160001	3	6.267367234609437e-05	PASS	2_DATASETS
25	EGR1	2	SC002_E-MTAB-8410;SC003_E-GEOD-75688	4.778246740071731	4.778246740071731	8	0.0013961334652776	PASS	2_DATASETS
9	SPI1	2	SC002_E-MTAB-8410;SC003_E-GEOD-75688	4.76569023461892	4.76569023461892	9	0.0032557815854594	PASS	2_DATASETS
17	FOXA1	2	SC003_E-GEOD-75688;SC004_E-MTAB-8559	4.754991433325992	4.754991433325992	6	0.0122523829353725	PASS	2_DATASETS
4	JUN	2	SC002_E-MTAB-8410;SC003_E-GEOD-75688	4.730465845462855	4.730465845462855	17	0.0025958659525855	PASS	2_DATASETS
6	VDR	2	SC001_E-MTAB-6653;SC002_E-MTAB-8410	4.7303998197471735	4.7303998197471735	14	1.9643873201857787e-05	PASS	2_DATASETS
29	STAT3	2	SC001_E-MTAB-6653;SC003_E-GEOD-75688	4.716431626046696	4.716431626046696	13	0.0027677177339206	PASS	2_DATASETS
13	SPI1	2	SC002_E-MTAB-8410;SC003_E-GEOD-75688	4.712834570243874	4.712834570243874	3	0.0129894764560205	PASS	2_DATASETS
30	TCF4	2	SC002_E-MTAB-8410;SC004_E-MTAB-8559	4.7084117551784175	4.7084117551784175	11	0.0016862469749412	PASS	2_DATASETS
6	EGR1	2	SC001_E-MTAB-6653;SC002_E-MTAB-8410	4.702257684447243	4.702257684447243	15	6.261775251914514e-05	PASS	2_DATASETS
11	SP1	2	SC001_E-MTAB-6653;SC002_E-MTAB-8410	4.679283248633475	4.679283248633475	6	0.0003434876583358	PASS	2_DATASETS
19	SP1	2	SC001_E-MTAB-6653;SC002_E-MTAB-8410	4.678217254699062	4.678217254699062	4	0.0005989023563301	PASS	2_DATASETS
20	VDR	2	SC001_E-MTAB-6653;SC002_E-MTAB-8410	4.668156840936106	4.668156840936106	3	0.0001519918616849	PASS	2_DATASETS
12	SRF	2	SC001_E-MTAB-6653;SC002_E-MTAB-8410	4.66194095624941	4.66194095624941	5	0.0005928337326395	PASS	2_DATASETS
19	STAT3	2	SC001_E-MTAB-6653;SC002_E-MTAB-8410	4.654171478316921	4.654171478316921	5	1.0266944439951686e-05	PASS	2_DATASETS
30	JUN	2	SC002_E-MTAB-8410;SC004_E-MTAB-8559	4.6520067315929134	4.6520067315929134	12	3.810317753050185e-05	PASS	2_DATASETS
22	NFYB	2	SC001_E-MTAB-6653;SC002_E-MTAB-8410	4.632298392807231	4.632298392807231	3	6.740683784300927e-05	PASS	2_DATASETS
9	ERG	2	SC001_E-MTAB-6653;SC002_E-MTAB-8410	4.6118043662895225	4.6118043662895225	5	6.985428763070009e-05	PASS	2_DATASETS
33	SRF	2	SC003_E-GEOD-75688;SC004_E-MTAB-8559	4.60589979245914	4.60589979245914	6	0.0530025530911661	PASS	2_DATASETS
17	GATA3	2	SC003_E-GEOD-75688;SC004_E-MTAB-8559	4.594686984393135	4.594686984393135	8	0.0105292776511235	PASS	2_DATASETS
29	ATF2	2	SC003_E-GEOD-75688;SC004_E-MTAB-8559	4.571896554294316	4.571896554294316	12	0.0050204634088437	PASS	2_DATASETS
1	E2F4	2	SC001_E-MTAB-6653;SC002_E-MTAB-8410	4.562412611210739	4.562412611210739	4	0.0003393368851902	PASS	2_DATASETS
6	RELA	2	SC001_E-MTAB-6653;SC002_E-MTAB-8410	4.560343850265559	4.560343850265559	14	0.0002323717853868	PASS	2_DATASETS
11	HIF1A	2	SC001_E-MTAB-6653;SC003_E-GEOD-75688	4.537002207045663	4.537002207045663	17	0.0153004266149104	PASS	2_DATASETS
27	CEBPA	2	SC003_E-GEOD-75688;SC004_E-MTAB-8559	4.534390909862313	4.534390909862313	10	0.0016144824129753	PASS	2_DATASETS
6	HIF1A	2	SC001_E-MTAB-6653;SC002_E-MTAB-8410	4.531409714622578	4.531409714622578	15	9.733220940685616e-05	PASS	2_DATASETS
8	ATF6	2	SC001_E-MTAB-6653;SC003_E-GEOD-75688	4.530146346600418	4.530146346600418	6	0.0233047632227459	PASS	2_DATASETS
23	CEBPA	2	SC003_E-GEOD-75688;SC004_E-MTAB-8559	4.52275821067048	4.52275821067048	6	0.0636253435181773	PASS	2_DATASETS
33	SP1	2	SC003_E-GEOD-75688;SC004_E-MTAB-8559	4.515494631249863	4.515494631249863	5	0.000121720964671	PASS	2_DATASETS
32	SRF	2	SC003_E-GEOD-75688;SC004_E-MTAB-8559	4.490420009973162	4.490420009973162	7	0.0003838530674329	PASS	2_DATASETS
26	ATF2	2	SC002_E-MTAB-8410;SC004_E-MTAB-8559	4.467414344160591	4.467414344160591	12	0.0006394228464614	PASS	2_DATASETS
8	AR	2	SC001_E-MTAB-6653;SC003_E-GEOD-75688	4.46271773642177	4.46271773642177	6	0.0057847041553955	PASS	2_DATASETS
17	FOS	2	SC003_E-GEOD-75688;SC004_E-MTAB-8559	4.447593033367305	4.447593033367305	10	0.0218894387410202	PASS	2_DATASETS
21	E2F4	2	SC001_E-MTAB-6653;SC002_E-MTAB-8410	4.426815424541681	4.426815424541681	6	0.0004986146764167	PASS	2_DATASETS
32	AR	2	SC003_E-GEOD-75688;SC004_E-MTAB-8559	4.418643682007418	4.418643682007418	9	0.0009994514484787	PASS	2_DATASETS
33	HIF1A	2	SC003_E-GEOD-75688;SC004_E-MTAB-8559	4.41840431314396	4.41840431314396	9	0.000906438099264	PASS	2_DATASETS
3	SP1	2	SC001_E-MTAB-6653;SC002_E-MTAB-8410	4.404497252598191	4.404497252598191	12	0.0001585243771841	PASS	2_DATASETS
12	NFYA	2	SC001_E-MTAB-6653;SC002_E-MTAB-8410	4.397955059209838	4.397955059209838	7	0.0002459518850628	PASS	2_DATASETS
33	E2F1	2	SC003_E-GEOD-75688;SC004_E-MTAB-8559	4.391546786178644	4.391546786178644	9	0.0064028310321333	PASS	2_DATASETS
9	CEBPA	2	SC002_E-MTAB-8410;SC003_E-GEOD-75688	4.379699922189651	4.379699922189651	12	0.0051976741032918	PASS	2_DATASETS
30	AR	2	SC002_E-MTAB-8410;SC004_E-MTAB-8559	4.353914026278357	4.353914026278357	12	0.000756817939873	PASS	2_DATASETS
20	NFYB	2	SC001_E-MTAB-6653;SC002_E-MTAB-8410	4.349072146536337	4.349072146536337	5	0.000535301797754	PASS	2_DATASETS
10	STAT3	2	SC001_E-MTAB-6653;SC002_E-MTAB-8410	4.337544827750938	4.337544827750938	10	0.0011500272157718	PASS	2_DATASETS
33	VDR	2	SC003_E-GEOD-75688;SC004_E-MTAB-8559	4.337384941624645	4.337384941624645	11	0.0018379863705745	PASS	2_DATASETS
33	AR	2	SC003_E-GEOD-75688;SC004_E-MTAB-8559	4.334600935606381	4.334600935606381	11	0.0023668761491535	PASS	2_DATASETS
20	SP1	2	SC001_E-MTAB-6653;SC002_E-MTAB-8410	4.333916347330241	4.333916347330241	5	0.0007445722412739	PASS	2_DATASETS
1	VDR	2	SC001_E-MTAB-6653;SC002_E-MTAB-8410	4.325320165263112	4.325320165263112	5	0.0014099795625952	PASS	2_DATASETS
1	SPI1	2	SC001_E-MTAB-6653;SC002_E-MTAB-8410	4.318506707786281	4.318506707786281	4	0.000663402097416	PASS	2_DATASETS
25	SRF	2	SC002_E-MTAB-8410;SC003_E-GEOD-75688	4.296065438024298	4.296065438024298	7	0.0001705380927886	PASS	2_DATASETS
33	EGR1	2	SC003_E-GEOD-75688;SC004_E-MTAB-8559	4.262396653262909	4.262396653262909	6	0.0005507292735273	PASS	2_DATASETS
21	EGR1	2	SC001_E-MTAB-6653;SC002_E-MTAB-8410	4.25685636431054	4.25685636431054	8	0.000453003522125	PASS	2_DATASETS
24	ATF6	2	SC001_E-MTAB-6653;SC003_E-GEOD-75688	4.24268335757052	4.24268335757052	12	0.0050524849389858	PASS	2_DATASETS
8	NFYB	2	SC001_E-MTAB-6653;SC003_E-GEOD-75688	4.20903082235122	4.20903082235122	3	0.0004146106512052	PASS	2_DATASETS
22	VDR	2	SC001_E-MTAB-6653;SC002_E-MTAB-8410	4.2069973017703415	4.2069973017703415	5	0.0019923024383387	PASS	2_DATASETS
22	SP1	2	SC001_E-MTAB-6653;SC002_E-MTAB-8410	4.204938288748703	4.204938288748703	6	0.0009809163511817	PASS	2_DATASETS
30	TP53	2	SC002_E-MTAB-8410;SC004_E-MTAB-8559	4.20004074141344	4.20004074141344	13	0.000105236269519	PASS	2_DATASETS
21	SMAD3	2	SC001_E-MTAB-6653;SC002_E-MTAB-8410	4.184860028540093	4.184860028540093	7	0.0021010758500778	PASS	2_DATASETS
11	AR	2	SC001_E-MTAB-6653;SC002_E-MTAB-8410	4.1383018800729	4.1383018800729	6	0.0072282568625041	PASS	2_DATASETS
33	NFYB	2	SC003_E-GEOD-75688;SC004_E-MTAB-8559	4.137685320130645	4.137685320130645	8	0.0274670421756315	PASS	2_DATASETS
12	SPI1	2	SC001_E-MTAB-6653;SC002_E-MTAB-8410	4.119251139154261	4.119251139154261	6	0.0109226012964427	PASS	2_DATASETS
32	HIF1A	2	SC003_E-GEOD-75688;SC004_E-MTAB-8559	4.116469440355571	4.116469440355571	11	0.0023014361460127	PASS	2_DATASETS
30	ATF6	2	SC002_E-MTAB-8410;SC004_E-MTAB-8559	4.115422202557824	4.115422202557824	16	0.0006454378162743	PASS	2_DATASETS
23	E2F1	2	SC003_E-GEOD-75688;SC004_E-MTAB-8559	4.102503456264232	4.102503456264232	8	0.0028007765806705	PASS	2_DATASETS
3	CREM	2	SC001_E-MTAB-6653;SC002_E-MTAB-8410	-4.081350190431489	4.081350190431489	16	0.0001667490832914	PASS	2_DATASETS
1	NFYA	2	SC001_E-MTAB-6653;SC002_E-MTAB-8410	4.078026770756086	4.078026770756086	5	0.0013269248811411	PASS	2_DATASETS
9	NFKB1	2	SC001_E-MTAB-6653;SC002_E-MTAB-8410	4.0753701440969055	4.0753701440969055	4	0.0021176718728383	PASS	2_DATASETS
29	CEBPD	2	SC001_E-MTAB-6653;SC003_E-GEOD-75688	4.0651233401674185	4.0651233401674185	19	0.0064968896556365	PASS	2_DATASETS
21	CREM	2	SC001_E-MTAB-6653;SC002_E-MTAB-8410	-4.059166500374257	4.059166500374257	8	0.0007908066977506	PASS	2_DATASETS
3	STAT3	2	SC001_E-MTAB-6653;SC002_E-MTAB-8410	4.041418536655867	4.041418536655867	16	0.0007452050631399	PASS	2_DATASETS
3	USF2	2	SC001_E-MTAB-6653;SC002_E-MTAB-8410	4.021432050483472	4.021432050483472	17	0.0004599301028064	PASS	2_DATASETS
9	STAT3	2	SC001_E-MTAB-6653;SC002_E-MTAB-8410	4.016813782119763	4.016813782119763	11	0.0014752787683391	PASS	2_DATASETS
3	ELK1	2	SC001_E-MTAB-6653;SC002_E-MTAB-8410	4.013577826150497	4.013577826150497	18	0.0006066743299015	PASS	2_DATASETS
25	HIF1A	2	SC002_E-MTAB-8410;SC003_E-GEOD-75688	4.003164602349594	4.003164602349594	11	0.0088976302195078	PASS	2_DATASETS
23	FOS	2	SC003_E-GEOD-75688;SC004_E-MTAB-8559	3.996321377694052	3.996321377694052	9	0.0962515896846447	PASS	2_DATASETS
2	SRF	2	SC001_E-MTAB-6653;SC002_E-MTAB-8410	3.982114684910525	3.982114684910525	6	0.0009540539176668	PASS	2_DATASETS
25	NFYB	2	SC002_E-MTAB-8410;SC003_E-GEOD-75688	3.958798351199542	3.958798351199542	12	0.0015525493654422	PASS	2_DATASETS
20	EGR1	2	SC001_E-MTAB-6653;SC002_E-MTAB-8410	3.956602339371367	3.956602339371367	7	0.0023701546233496	PASS	2_DATASETS
21	NFYB	2	SC001_E-MTAB-6653;SC002_E-MTAB-8410	3.9533855231554513	3.9533855231554513	9	0.0005381688752094	PASS	2_DATASETS
12	EGR1	2	SC001_E-MTAB-6653;SC002_E-MTAB-8410	3.9379157922987256	3.9379157922987256	8	0.0016450747352791	PASS	2_DATASETS
30	USF1	2	SC002_E-MTAB-8410;SC004_E-MTAB-8559	3.933350555305977	3.933350555305977	15	0.0029231382068246	PASS	2_DATASETS
11	ELK1	2	SC001_E-MTAB-6653;SC002_E-MTAB-8410	3.93073545476854	3.93073545476854	7	0.0548727972969223	PASS	2_DATASETS
12	CREM	2	SC001_E-MTAB-6653;SC002_E-MTAB-8410	-3.925407973491392	3.925407973491392	7	0.0033593852749617	PASS	2_DATASETS
9	HIF1A	2	SC001_E-MTAB-6653;SC002_E-MTAB-8410	3.91971923638392	3.91971923638392	12	0.0010679710976546	PASS	2_DATASETS
21	VDR	2	SC001_E-MTAB-6653;SC002_E-MTAB-8410	3.916062325154062	3.916062325154062	10	0.0014003683536429	PASS	2_DATASETS
9	NFYA	2	SC001_E-MTAB-6653;SC002_E-MTAB-8410	3.907736105998501	3.907736105998501	10	0.0010044455557362	PASS	2_DATASETS
21	TBP	2	SC001_E-MTAB-6653;SC002_E-MTAB-8410	3.889925576229981	3.889925576229981	11	0.000888049326022	PASS	2_DATASETS
14	ESR2	2	SC001_E-MTAB-6653;SC002_E-MTAB-8410	3.8075301976011513	3.8075301976011513	13	0.0013493526785168	PASS	2_DATASETS
33	CEBPA	2	SC003_E-GEOD-75688;SC004_E-MTAB-8559	3.801457265464479	3.801457265464479	10	0.0407191782351219	PASS	2_DATASETS
14	CEBPA	2	SC003_E-GEOD-75688;SC004_E-MTAB-8559	3.792518617165978	3.792518617165978	12	0.0152964062845057	PASS	2_DATASETS
32	ATF6	2	SC003_E-GEOD-75688;SC004_E-MTAB-8559	3.758451334188521	3.758451334188521	13	0.041490250020729	PASS	2_DATASETS
8	EGR1	2	SC001_E-MTAB-6653;SC003_E-GEOD-75688	3.7408895762872234	3.7408895762872234	13	0.0736549319015011	PASS	2_DATASETS
2	CREM	2	SC001_E-MTAB-6653;SC002_E-MTAB-8410	-3.7384237455375375	3.7384237455375375	6	0.0034038185112876	PASS	2_DATASETS
20	SRF	2	SC001_E-MTAB-6653;SC002_E-MTAB-8410	3.728382394399244	3.728382394399244	7	0.0021984966588206	PASS	2_DATASETS
24	TP53	2	SC001_E-MTAB-6653;SC002_E-MTAB-8410	3.7089369692640553	3.7089369692640553	7	0.0142251446868612	PASS	2_DATASETS
12	USF1	2	SC001_E-MTAB-6653;SC002_E-MTAB-8410	3.7031432941617535	3.7031432941617535	11	0.0029950688476673	PASS	2_DATASETS
19	CEBPA	2	SC001_E-MTAB-6653;SC002_E-MTAB-8410	3.6910214079466543	3.6910214079466543	7	0.0041484998655505	PASS	2_DATASETS
2	ELK1	2	SC001_E-MTAB-6653;SC002_E-MTAB-8410	3.6864905168478286	3.6864905168478286	7	0.0050875698507297	PASS	2_DATASETS
1	USF1	2	SC001_E-MTAB-6653;SC002_E-MTAB-8410	3.655727759170212	3.655727759170212	8	0.0046333427890203	PASS	2_DATASETS
26	USF2	2	SC001_E-MTAB-6653;SC002_E-MTAB-8410	3.65141832749974	3.65141832749974	16	0.0117969651910243	PASS	2_DATASETS
22	STAT3	2	SC001_E-MTAB-6653;SC002_E-MTAB-8410	3.649527328465215	3.649527328465215	9	0.0155816696278634	PASS	2_DATASETS
7	ESR2	2	SC001_E-MTAB-6653;SC002_E-MTAB-8410	3.637143924790859	3.637143924790859	7	0.0196868383791297	PASS	2_DATASETS
21	ELK1	2	SC001_E-MTAB-6653;SC002_E-MTAB-8410	3.634513208686082	3.634513208686082	12	0.0049318368546664	PASS	2_DATASETS
14	CREM	2	SC001_E-MTAB-6653;SC002_E-MTAB-8410	-3.629707443823432	3.629707443823432	12	0.0046666784328408	PASS	2_DATASETS
20	ESR2	2	SC001_E-MTAB-6653;SC002_E-MTAB-8410	3.623378226468431	3.623378226468431	8	0.0041715579282026	PASS	2_DATASETS
14	AR	2	SC002_E-MTAB-8410;SC004_E-MTAB-8559	3.6173946448298673	3.6173946448298673	13	0.0037066845106891	PASS	2_DATASETS
21	JUN	2	SC001_E-MTAB-6653;SC002_E-MTAB-8410	3.6139811849886425	3.6139811849886425	14	0.0046213641762733	PASS	2_DATASETS
13	MAX	2	SC001_E-MTAB-6653;SC002_E-MTAB-8410	3.589835557847388	3.589835557847388	7	0.0039317626506089	PASS	2_DATASETS
19	EGR1	2	SC001_E-MTAB-6653;SC002_E-MTAB-8410	3.571192391083456	3.571192391083456	9	0.009804626177356	PASS	2_DATASETS
0	ESR2	2	SC001_E-MTAB-6653;SC002_E-MTAB-8410	3.570862189003932	3.570862189003932	9	0.0042837543296627	PASS	2_DATASETS
12	USF2	2	SC001_E-MTAB-6653;SC002_E-MTAB-8410	3.548958771940343	3.548958771940343	9	0.0436016634630504	PASS	2_DATASETS
32	NFYB	2	SC003_E-GEOD-75688;SC004_E-MTAB-8559	3.528408698577909	3.528408698577909	14	0.0223356071146553	PASS	2_DATASETS
19	TP53	2	SC001_E-MTAB-6653;SC002_E-MTAB-8410	3.523037525942418	3.523037525942418	12	0.0362188151921145	PASS	2_DATASETS
10	TCF4	2	SC002_E-MTAB-8410;SC004_E-MTAB-8559	3.5163876203017965	3.5163876203017965	11	0.0031796363182365	PASS	2_DATASETS
22	EGR1	2	SC001_E-MTAB-6653;SC002_E-MTAB-8410	3.51282169915332	3.51282169915332	8	0.0250110479246358	PASS	2_DATASETS
27	TFDP1	2	SC002_E-MTAB-8410;SC004_E-MTAB-8559	3.4864935903145198	3.4864935903145198	12	0.0168562194448895	PASS	2_DATASETS
20	ELK1	2	SC001_E-MTAB-6653;SC002_E-MTAB-8410	3.4822537029355423	3.4822537029355423	12	0.0057611375814303	PASS	2_DATASETS
12	SP1	2	SC001_E-MTAB-6653;SC002_E-MTAB-8410	3.475392406737181	3.475392406737181	10	0.0028870501555502	PASS	2_DATASETS
29	USF1	2	SC001_E-MTAB-6653;SC002_E-MTAB-8410	3.4739180677512143	3.4739180677512143	8	0.0050900226924568	PASS	2_DATASETS
22	TP53	2	SC001_E-MTAB-6653;SC002_E-MTAB-8410	3.4657529255328043	3.4657529255328043	9	0.0115311523259151	PASS	2_DATASETS
12	NFKB1	2	SC001_E-MTAB-6653;SC002_E-MTAB-8410	3.457406790822577	3.457406790822577	12	0.0162544916965998	PASS	2_DATASETS
29	MAX	2	SC001_E-MTAB-6653;SC002_E-MTAB-8410	3.449726318136221	3.449726318136221	12	0.0188538093352689	PASS	2_DATASETS
1	ESR2	2	SC001_E-MTAB-6653;SC002_E-MTAB-8410	3.4314118017315214	3.4314118017315214	9	0.0066881933016702	PASS	2_DATASETS
1	USF2	2	SC001_E-MTAB-6653;SC002_E-MTAB-8410	3.428219452450799	3.428219452450799	10	0.0079690242419018	PASS	2_DATASETS
20	CEBPD	2	SC001_E-MTAB-6653;SC002_E-MTAB-8410	3.418514713291376	3.418514713291376	11	0.0052356810192576	PASS	2_DATASETS
12	ELK1	2	SC001_E-MTAB-6653;SC002_E-MTAB-8410	3.4117735002743124	3.4117735002743124	13	0.0681727949995547	PASS	2_DATASETS
1	STAT4	2	SC001_E-MTAB-6653;SC002_E-MTAB-8410	3.407135057504316	3.407135057504316	8	0.0141911130194784	PASS	2_DATASETS
25	NFYA	2	SC002_E-MTAB-8410;SC003_E-GEOD-75688	3.388603158586569	3.388603158586569	20	0.0104463833849876	PASS	2_DATASETS
1	SRF	2	SC001_E-MTAB-6653;SC002_E-MTAB-8410	3.387827268252778	3.387827268252778	9	0.0105652544880285	PASS	2_DATASETS
0	USF2	2	SC001_E-MTAB-6653;SC002_E-MTAB-8410	3.3876514235286086	3.3876514235286086	10	0.0077056611189618	PASS	2_DATASETS
14	STAT4	2	SC001_E-MTAB-6653;SC002_E-MTAB-8410	3.37990540245319	3.37990540245319	16	0.0054647401848341	PASS	2_DATASETS
29	TFDP1	2	SC002_E-MTAB-8410;SC004_E-MTAB-8559	3.378429831727283	3.378429831727283	13	0.0051998151247971	PASS	2_DATASETS
19	JUN	2	SC001_E-MTAB-6653;SC002_E-MTAB-8410	3.3537642665153524	3.3537642665153524	13	0.0517801756504923	PASS	2_DATASETS
0	REL	2	SC002_E-MTAB-8410;SC003_E-GEOD-75688	3.345147717108849	3.345147717108849	16	0.0205193469882942	PASS	2_DATASETS
14	USF2	2	SC001_E-MTAB-6653;SC002_E-MTAB-8410	3.3011307116510524	3.3011307116510524	18	0.0074573878664522	PASS	2_DATASETS
0	USF1	2	SC001_E-MTAB-6653;SC002_E-MTAB-8410	3.299623717748778	3.299623717748778	11	0.0096279956633224	PASS	2_DATASETS
2	ESR2	2	SC001_E-MTAB-6653;SC002_E-MTAB-8410	3.284556927594724	3.284556927594724	11	0.0104826614260673	PASS	2_DATASETS
20	TCF4	2	SC001_E-MTAB-6653;SC002_E-MTAB-8410	3.28174190482137	3.28174190482137	10	0.0082129299989901	PASS	2_DATASETS
19	ELK1	2	SC001_E-MTAB-6653;SC002_E-MTAB-8410	3.2779721357976648	3.2779721357976648	14	0.0144804966403171	PASS	2_DATASETS
20	USF2	2	SC001_E-MTAB-6653;SC002_E-MTAB-8410	3.2740879399984086	3.2740879399984086	13	0.008347894065082	PASS	2_DATASETS
9	ATF2	2	SC001_E-MTAB-6653;SC002_E-MTAB-8410	3.2734116972699603	3.2734116972699603	16	0.0102214395301416	PASS	2_DATASETS
0	CREM	2	SC001_E-MTAB-6653;SC002_E-MTAB-8410	-3.2480268609372818	3.2480268609372818	12	0.0176725763594731	PASS	2_DATASETS
20	STAT3	2	SC001_E-MTAB-6653;SC002_E-MTAB-8410	3.2364968074755494	3.2364968074755494	15	0.0105523520614951	PASS	2_DATASETS
18	USF2	2	SC001_E-MTAB-6653;SC002_E-MTAB-8410	3.232796153212877	3.232796153212877	9	0.0145111447200178	PASS	2_DATASETS
2	USF2	2	SC001_E-MTAB-6653;SC002_E-MTAB-8410	3.232479156055221	3.232479156055221	12	0.0119439330883323	PASS	2_DATASETS
20	NFKB1	2	SC001_E-MTAB-6653;SC002_E-MTAB-8410	3.23191743203177	3.23191743203177	11	0.015241547487676	PASS	2_DATASETS
12	ESR2	2	SC001_E-MTAB-6653;SC002_E-MTAB-8410	3.228181906051838	3.228181906051838	15	0.0133072873577475	PASS	2_DATASETS
24	MAX	2	SC001_E-MTAB-6653;SC002_E-MTAB-8410	3.2127212212236422	3.2127212212236422	11	0.0174002459971233	PASS	2_DATASETS
20	SPI1	2	SC001_E-MTAB-6653;SC002_E-MTAB-8410	3.197729653708291	3.197729653708291	17	0.0129036132711916	PASS	2_DATASETS
22	NFYA	2	SC001_E-MTAB-6653;SC002_E-MTAB-8410	3.191848915637886	3.191848915637886	8	0.0119290237780659	PASS	2_DATASETS
22	SMAD3	2	SC001_E-MTAB-6653;SC002_E-MTAB-8410	3.189612994313212	3.189612994313212	11	0.0625981427729129	PASS	2_DATASETS
24	USF1	2	SC001_E-MTAB-6653;SC002_E-MTAB-8410	3.1883906053996034	3.1883906053996034	12	0.0134769791038706	PASS	2_DATASETS
1	NFKB1	2	SC001_E-MTAB-6653;SC002_E-MTAB-8410	3.1773062064563207	3.1773062064563207	11	0.0215266412124037	PASS	2_DATASETS
0	ELK1	2	SC001_E-MTAB-6653;SC002_E-MTAB-8410	3.1752665132168043	3.1752665132168043	11	0.0240268550114705	PASS	2_DATASETS
22	HIF1A	2	SC001_E-MTAB-6653;SC002_E-MTAB-8410	3.173241018384431	3.173241018384431	11	0.0142357891891151	PASS	2_DATASETS
15	ATF6	2	SC003_E-GEOD-75688;SC004_E-MTAB-8559	3.1547626006738927	3.1547626006738927	6	0.1725828353087308	PASS	2_DATASETS
17	MAX	2	SC001_E-MTAB-6653;SC002_E-MTAB-8410	3.1405815565882933	3.1405815565882933	9	0.0763991228304803	PASS	2_DATASETS
24	STAT3	2	SC001_E-MTAB-6653;SC002_E-MTAB-8410	3.14040813491928	3.14040813491928	10	0.0610929375980049	PASS	2_DATASETS
29	ZNF263	2	SC001_E-MTAB-6653;SC002_E-MTAB-8410	-3.128847735261432	3.128847735261432	13	0.0112934703938662	PASS	2_DATASETS
10	AR	2	SC001_E-MTAB-6653;SC004_E-MTAB-8559	3.090018890301968	3.090018890301968	13	0.0224175923503934	PASS	2_DATASETS
2	USF1	2	SC001_E-MTAB-6653;SC002_E-MTAB-8410	3.087045000302856	3.087045000302856	13	0.0172639824450015	PASS	2_DATASETS
10	USF1	2	SC001_E-MTAB-6653;SC002_E-MTAB-8410	3.066248731844314	3.066248731844314	18	0.021815480547957	PASS	2_DATASETS
20	USF1	2	SC001_E-MTAB-6653;SC002_E-MTAB-8410	3.0544058287364506	3.0544058287364506	19	0.0154596278443932	PASS	2_DATASETS
22	TBP	2	SC001_E-MTAB-6653;SC002_E-MTAB-8410	3.051940361823112	3.051940361823112	13	0.025783568038605	PASS	2_DATASETS
27	TP53	2	SC001_E-MTAB-6653;SC004_E-MTAB-8559	3.0227538806885024	3.0227538806885024	13	0.0230327770113944	PASS	2_DATASETS
22	MAX	2	SC001_E-MTAB-6653;SC002_E-MTAB-8410	3.016174462902171	3.016174462902171	10	0.0157003323547541	PASS	2_DATASETS
22	TCF4	2	SC001_E-MTAB-6653;SC002_E-MTAB-8410	3.016130997245344	3.016130997245344	14	0.0232585864141582	PASS	2_DATASETS
23	USF1	2	SC001_E-MTAB-6653;SC002_E-MTAB-8410	3.0073401597845626	3.0073401597845626	8	0.1377832359721651	PASS	2_DATASETS
10	MAX	2	SC001_E-MTAB-6653;SC004_E-MTAB-8559	3.004007664679821	3.004007664679821	13	0.0163097196491434	PASS	2_DATASETS
18	USF1	2	SC001_E-MTAB-6653;SC002_E-MTAB-8410	2.9671622402854525	2.9671622402854525	11	0.0300107859075069	PASS	2_DATASETS
1	SP1	2	SC001_E-MTAB-6653;SC002_E-MTAB-8410	2.9537801345547057	2.9537801345547057	14	0.0282340697012841	PASS	2_DATASETS
18	MAX	2	SC001_E-MTAB-6653;SC002_E-MTAB-8410	2.94102293707937	2.94102293707937	13	0.0288439532741904	PASS	2_DATASETS
18	ESR2	2	SC001_E-MTAB-6653;SC002_E-MTAB-8410	2.937272565464677	2.937272565464677	12	0.0392551906406879	PASS	2_DATASETS
0	MAX	2	SC001_E-MTAB-6653;SC002_E-MTAB-8410	2.921436313106315	2.921436313106315	16	0.0185847156681119	PASS	2_DATASETS
10	CEBPD	2	SC001_E-MTAB-6653;SC004_E-MTAB-8559	2.8909993217675805	2.8909993217675805	15	0.0281431190669536	PASS	2_DATASETS
24	ESR2	2	SC001_E-MTAB-6653;SC002_E-MTAB-8410	2.861837437463209	2.861837437463209	15	0.0525068319402634	PASS	2_DATASETS
1	RELA	2	SC001_E-MTAB-6653;SC002_E-MTAB-8410	2.860939246005948	2.860939246005948	15	0.0732860800344496	PASS	2_DATASETS
15	EGR1	2	SC003_E-GEOD-75688;SC004_E-MTAB-8559	2.8468415958383497	2.8468415958383497	5	0.2616176956762501	PASS	2_DATASETS
2	ATF2	2	SC001_E-MTAB-6653;SC002_E-MTAB-8410	2.845945578311979	2.845945578311979	16	0.0382404718548059	PASS	2_DATASETS
16	USF1	2	SC001_E-MTAB-6653;SC002_E-MTAB-8410	2.8310611583588683	2.8310611583588683	15	0.046708878071513	PASS	2_DATASETS
1	STAT1	2	SC001_E-MTAB-6653;SC002_E-MTAB-8410	2.816379489394293	2.816379489394293	16	0.0322036566212772	PASS	2_DATASETS
23	MAX	2	SC001_E-MTAB-6653;SC002_E-MTAB-8410	2.79921649524148	2.79921649524148	10	0.0590125808957963	PASS	2_DATASETS
13	USF1	2	SC001_E-MTAB-6653;SC002_E-MTAB-8410	2.798031689482242	2.798031689482242	10	0.0627764649689197	PASS	2_DATASETS
18	ELK1	2	SC001_E-MTAB-6653;SC002_E-MTAB-8410	2.7979545972619544	2.7979545972619544	11	0.1029772171750664	PASS	2_DATASETS
23	ESR2	2	SC001_E-MTAB-6653;SC002_E-MTAB-8410	2.795040826523312	2.795040826523312	8	0.0557675189338624	PASS	2_DATASETS
13	ZNF263	2	SC001_E-MTAB-6653;SC003_E-GEOD-75688	-2.7944802479797204	2.7944802479797204	16	0.0490651796571909	PASS	2_DATASETS
2	MAX	2	SC001_E-MTAB-6653;SC002_E-MTAB-8410	2.7901518835563124	2.7901518835563124	16	0.0255837831646203	PASS	2_DATASETS
22	AR	2	SC001_E-MTAB-6653;SC002_E-MTAB-8410	2.781435340099112	2.781435340099112	17	0.0537111103767528	PASS	2_DATASETS
27	RELA	2	SC001_E-MTAB-6653;SC002_E-MTAB-8410	2.7786043980663675	2.7786043980663675	19	0.1294043879024684	PASS	2_DATASETS
13	ESR2	2	SC001_E-MTAB-6653;SC002_E-MTAB-8410	2.766278123163854	2.766278123163854	13	0.0527612222358584	PASS	2_DATASETS
1	EGR1	2	SC001_E-MTAB-6653;SC002_E-MTAB-8410	2.76452776555507	2.76452776555507	18	0.039018073119223	PASS	2_DATASETS
0	STAT4	2	SC001_E-MTAB-6653;SC002_E-MTAB-8410	2.7588083758123494	2.7588083758123494	18	0.0417857039719819	PASS	2_DATASETS
23	NFE2L2	2	SC002_E-MTAB-8410;SC004_E-MTAB-8559	2.7503573901955307	2.7503573901955307	12	0.0471661677584051	PASS	2_DATASETS
24	JUN	2	SC001_E-MTAB-6653;SC002_E-MTAB-8410	2.705195440834043	2.705195440834043	16	0.0607283888384699	PASS	2_DATASETS
7	CEBPD	2	SC001_E-MTAB-6653;SC002_E-MTAB-8410	2.692139073379081	2.692139073379081	11	0.0739459879696368	PASS	2_DATASETS
13	SP1	2	SC001_E-MTAB-6653;SC002_E-MTAB-8410	2.6835927220227505	2.6835927220227505	14	0.0515265446156262	PASS	2_DATASETS
17	CEBPD	2	SC001_E-MTAB-6653;SC002_E-MTAB-8410	2.618888371191568	2.618888371191568	6	0.0768963880836963	PASS	2_DATASETS
13	NFKB1	2	SC001_E-MTAB-6653;SC003_E-GEOD-75688	2.6105941714976133	2.6105941714976133	20	0.104715728200972	PASS	2_DATASETS
1	HIF1A	2	SC001_E-MTAB-6653;SC002_E-MTAB-8410	2.5987740448927816	2.5987740448927816	20	0.0471525182947516	PASS	2_DATASETS
23	RELA	2	SC001_E-MTAB-6653;SC002_E-MTAB-8410	2.558040336301427	2.558040336301427	9	0.0818497240543364	PASS	2_DATASETS
7	TCF4	2	SC001_E-MTAB-6653;SC004_E-MTAB-8559	2.5537041105918634	2.5537041105918634	11	0.2355503598228096	PASS	2_DATASETS
24	ELK1	2	SC001_E-MTAB-6653;SC002_E-MTAB-8410	2.541520553302898	2.541520553302898	18	0.1099661998450755	PASS	2_DATASETS
16	TP53	2	SC002_E-MTAB-8410;SC004_E-MTAB-8559	2.487679425340115	2.487679425340115	20	0.1365728951059281	PASS	2_DATASETS
18	ATF2	2	SC001_E-MTAB-6653;SC002_E-MTAB-8410	2.4696338439359256	2.4696338439359256	17	0.1715311706066131	PASS	2_DATASETS
18	CREM	2	SC001_E-MTAB-6653;SC002_E-MTAB-8410	-2.4500938413387456	2.4500938413387456	18	0.1799908513203263	PASS	2_DATASETS
7	USF2	2	SC001_E-MTAB-6653;SC002_E-MTAB-8410	2.365528454169177	2.365528454169177	15	0.1595886684954166	PASS	2_DATASETS
23	USF2	2	SC001_E-MTAB-6653;SC002_E-MTAB-8410	2.3519635012227087	2.3519635012227087	16	0.2101522129960358	PASS	2_DATASETS
16	RELA	2	SC001_E-MTAB-6653;SC004_E-MTAB-8559	2.342869197643715	2.342869197643715	18	0.2093791738152503	PASS	2_DATASETS
17	TBP	2	SC001_E-MTAB-6653;SC004_E-MTAB-8559	2.2555600823876167	2.2555600823876167	19	0.4096747199073434	PASS	2_DATASETS
15	RUNX2	2	SC002_E-MTAB-8410;SC003_E-GEOD-75688	0.4556380360182116	2.239861985281291	6	0.2612344273366034	PASS	2_DATASETS
17	TP53	2	SC001_E-MTAB-6653;SC002_E-MTAB-8410	2.1963711415324205	2.1963711415324205	16	0.1612765304744243	PASS	2_DATASETS
7	ZNF263	2	SC002_E-MTAB-8410;SC004_E-MTAB-8559	-2.1634336697007424	2.1634336697007424	17	0.2141061536967754	PASS	2_DATASETS
15	TFAP2C	2	SC001_E-MTAB-6653;SC002_E-MTAB-8410	-2.090620102640367	2.090620102640367	11	0.2573206797242164	PASS	2_DATASETS
15	TAL1	2	SC001_E-MTAB-6653;SC002_E-MTAB-8410	-1.792177959813669	1.792177959813669	16	0.3962729796767235	PASS	2_DATASETS
15	MITF	2	SC001_E-MTAB-6653;SC002_E-MTAB-8410	-1.7619193370226804	1.7619193370226804	19	0.4143479466438293	PASS	2_DATASETS
