dataset_id	individual	total_cells	cells_below_300	percent_below_300
SC001	6	11250	10	0.0889
SC001	7	6518	163	2.5008
SC001	8	14573	4	0.0274
SC002	SC001 (KUL01)	8809	17	0.193
SC002	SC019 (KUL19)	10176	21	0.2064
SC002	SC021 (KUL21)	6559	60	0.9148
SC002	SC024	9520	64	0.6723
SC002	SC027	5834	47	0.8056
SC002	SC028 (KUL28)	1964	26	1.3238
SC002	SC029	2773	93	3.3538
SC002	SC030 (KUL30)	3238	4	0.1235
SC002	SC031 (KUL31)	3714	7	0.1885
SC003	BC01	22	0	0.0
SC003	BC02	53	0	0.0
SC003	BC03	36	0	0.0
SC003	BC03LN	54	0	0.0
SC003	BC04	48	0	0.0
SC003	BC05	77	0	0.0
SC003	BC06	23	0	0.0
SC003	BC07	51	0	0.0
SC003	BC07LN	53	0	0.0
SC003	BC08	22	0	0.0
SC003	BC09	27	0	0.0
SC003	BC09_Re	30	0	0.0
SC003	BC10	13	0	0.0
SC003	BC11	11	0	0.0
SC004	38b	5395	0	0.0
SC004	59	3883	0	0.0
SC004	74-1	6246	0	0.0
SC004	79	4356	0	0.0
