dataset_id	case_id	os_event	os_time_days	os_time_source	os_endpoint_status	vital_status_values	followup_death_present	death_time_candidates	os_time_days_num	anomaly	days_to_death_consistency	days_to_death_numeric_n	days_to_death_min	days_to_death_max	days_to_last_followup_numeric_n	days_to_last_followup_min	days_to_last_followup_max
SC001	03c3409a-9d16-41d0-9e26-f9fc2547a4c8	1		NO_DAYS_TO_DEATH	MISSING_DEATH_TIME	Dead	False			DEATH_WITHOUT_TIME	CONSISTENT	2	38	38	0		
SC001	0780eb43-d5b5-4c3d-9825-beacba5cc723	1		NO_DAYS_TO_DEATH	MISSING_DEATH_TIME	Dead	False			DEATH_WITHOUT_TIME	CONSISTENT	2	1421	1421	0		
SC001	088edf89-d2b5-40c7-b066-df3bd383f7ea	1		NO_DAYS_TO_DEATH	MISSING_DEATH_TIME	Dead	False			DEATH_WITHOUT_TIME	CONSISTENT	2	428	428	0		
SC001	09918b81-4696-4cba-a45a-5fe7407c2337	1		NO_DAYS_TO_DEATH	MISSING_DEATH_TIME	Dead	False			DEATH_WITHOUT_TIME	CONSISTENT	2	777	777	0		
SC001	0a45f302-5748-48f3-9dc9-66c01843a68e	1		NO_DAYS_TO_DEATH	MISSING_DEATH_TIME	Dead	False			DEATH_WITHOUT_TIME	CONSISTENT	2	1379	1379	0		
SC001	0c59ff96-5e4a-4664-a0b1-d057b4725483	1		NO_DAYS_TO_DEATH	MISSING_DEATH_TIME	Dead	False			DEATH_WITHOUT_TIME	CONSISTENT	1	594	594	0		
SC001	100430c8-1446-45c8-af36-b6dbb3ddd0c1	1		NO_DAYS_TO_DEATH	MISSING_DEATH_TIME	Dead	False			DEATH_WITHOUT_TIME	CONSISTENT	2	653	653	1	653.0	653.0
SC001	114a34c0-983b-4d90-9181-1823c9637a63	1		NO_DAYS_TO_DEATH	MISSING_DEATH_TIME	Dead	False			DEATH_WITHOUT_TIME	CONSISTENT	2	1288	1288	0		
SC001	127bf818-f7e5-46b5-a9de-39f6d96b8b83	1		NO_DAYS_TO_DEATH	MISSING_DEATH_TIME	Dead	False			DEATH_WITHOUT_TIME	CONSISTENT	2	864	864	0		
SC001	12b79b4f-c28c-418e-a1e7-e622f33fdcc2	1		NO_DAYS_TO_DEATH	MISSING_DEATH_TIME	Dead	False			DEATH_WITHOUT_TIME	CONSISTENT	2	460	460	0		
SC001	12ccd581-a921-41bc-bcee-4e9be54532cc	1		NO_DAYS_TO_DEATH	MISSING_DEATH_TIME	Dead	False			DEATH_WITHOUT_TIME	CONSISTENT	2	434	434	0		
SC001	1427cd18-5ad3-491a-9981-908e31ae49db	1		NO_DAYS_TO_DEATH	MISSING_DEATH_TIME	Dead	False			DEATH_WITHOUT_TIME	CONSISTENT	2	1258	1258	0		
SC001	15f12d2c-b834-4bfc-b526-f03bf85bfe96	1		NO_DAYS_TO_DEATH	MISSING_DEATH_TIME	Dead	False			DEATH_WITHOUT_TIME	CONSISTENT	1	1778	1778	0		
SC001	16cd58db-d52c-403e-9e9c-6da2e99f6bad	1		NO_DAYS_TO_DEATH	MISSING_DEATH_TIME	Dead	False			DEATH_WITHOUT_TIME	CONSISTENT	3	3169	3169	0		
SC001	16e64a1e-08b0-4c27-8c69-fa64551f8ca4	1		NO_DAYS_TO_DEATH	MISSING_DEATH_TIME	Dead	False			DEATH_WITHOUT_TIME	CONSISTENT	1	3361	3361	0		
SC001	193201a3-1447-47b1-bdf1-11ae0eb3b2f3	1		NO_DAYS_TO_DEATH	MISSING_DEATH_TIME	Dead	False			DEATH_WITHOUT_TIME	CONSISTENT	2	87	87	0		
SC001	2483621a-4db3-41ab-aa33-b9427ea8a0af	1		NO_DAYS_TO_DEATH	MISSING_DEATH_TIME	Dead	False			DEATH_WITHOUT_TIME	CONSISTENT	2	354	354	0		
SC001	2a43e61e-2151-4c5a-b062-74ce9dfd8d4a	1		NO_DAYS_TO_DEATH	MISSING_DEATH_TIME	Dead	False			DEATH_WITHOUT_TIME	CONSISTENT	1	58	58	0		
SC001	2c03141e-a0bd-4e8d-91e4-9744d139ccce	1		NO_DAYS_TO_DEATH	MISSING_DEATH_TIME	Dead	False			DEATH_WITHOUT_TIME	CONSISTENT	2	4	4	0		
SC001	2db08267-d346-4d42-aac0-b76831903253	1		NO_DAYS_TO_DEATH	MISSING_DEATH_TIME	Dead	True			DEATH_WITHOUT_TIME	MISSING	0			0		
SC001	2fabeb98-05e3-4f55-97f5-fbc675e25a3d	1		NO_DAYS_TO_DEATH	MISSING_DEATH_TIME	Dead	False			DEATH_WITHOUT_TIME	CONSISTENT	1	444	444	0		
SC001	301ca6e8-7981-4264-b4ae-38f56f7f9225	1		NO_DAYS_TO_DEATH	MISSING_DEATH_TIME	Dead	False			DEATH_WITHOUT_TIME	CONSISTENT	1	2617	2617	0		
SC001	34040b83-7e8a-4264-a551-b16621843e28	0	0.0	MAX_DAYS_TO_LAST_FOLLOWUP	VALID_CENSORED_TIME	Alive	False		0.0	ZERO_OS_TIME	MISSING	0			1	0	0
SC001	349e6f38-2c67-4a69-a777-b9173a2a27cf	1		NO_DAYS_TO_DEATH	MISSING_DEATH_TIME	Dead	False			DEATH_WITHOUT_TIME	CONSISTENT	2	987	987	0		
SC001	35cb7841-9b09-465a-90c5-e3b8a9faad49	1		NO_DAYS_TO_DEATH	MISSING_DEATH_TIME	Dead	False			DEATH_WITHOUT_TIME	CONSISTENT	2	995	995	0		
SC001	368e23f0-e573-4547-bf5a-14080baf737b	1		NO_DAYS_TO_DEATH	MISSING_DEATH_TIME	Dead	False			DEATH_WITHOUT_TIME	CONSISTENT	2	282	282	0		
SC001	383d1253-349f-43b3-bebd-9f1d1cf14b3d	1		NO_DAYS_TO_DEATH	MISSING_DEATH_TIME	Dead	False			DEATH_WITHOUT_TIME	CONSISTENT	1	307	307	0		
SC001	3daebe75-c6df-478e-8a4c-11186fd5ead9	1		NO_DAYS_TO_DEATH	MISSING_DEATH_TIME	Dead	False			DEATH_WITHOUT_TIME	CONSISTENT	1	33	33	0		
SC001	42432463-8e92-4f25-b72a-f03953527aa5	1		NO_DAYS_TO_DEATH	MISSING_DEATH_TIME	Dead	False			DEATH_WITHOUT_TIME	CONSISTENT	1	1798	1798	0		
SC001	46592b7b-6968-42a6-83af-0917c9f4a9a5	1		NO_DAYS_TO_DEATH	MISSING_DEATH_TIME	Dead	False			DEATH_WITHOUT_TIME	CONSISTENT	2	949	949	0		
SC001	47062ad2-ba82-45c8-a871-bdea84f0c405	1		NO_DAYS_TO_DEATH	MISSING_DEATH_TIME	Dead	False			DEATH_WITHOUT_TIME	CONSISTENT	1	167	167	0		
SC001	47b749e6-e060-4aa1-8f29-976e489ba789	1		NO_DAYS_TO_DEATH	MISSING_DEATH_TIME	Dead	False			DEATH_WITHOUT_TIME	CONSISTENT	1	260	260	0		
SC001	4b22ad71-c585-4077-ad3c-c6e026d0c7fa	1		NO_DAYS_TO_DEATH	MISSING_DEATH_TIME	Dead	False			DEATH_WITHOUT_TIME	CONSISTENT	4	574	574	0		
SC001	4ef872e1-82c9-4939-9248-41ed9d3085b2	1		NO_DAYS_TO_DEATH	MISSING_DEATH_TIME	Dead	False			DEATH_WITHOUT_TIME	CONSISTENT	2	826	826	0		
SC001	4efc2dac-6330-4b7a-a529-a27285f5fc23	0		NO_LAST_FOLLOWUP	MISSING_CENSOR_TIME	Alive	False			ALIVE_WITHOUT_CENSOR_TIME	MISSING	0			0		
SC001	501c987e-d1eb-48a9-89eb-72a5062c90b4	1		NO_DAYS_TO_DEATH	MISSING_DEATH_TIME	Dead	False			DEATH_WITHOUT_TIME	CONSISTENT	2	179	179	0		
SC001	50b2c647-aecd-4c81-af22-0d8116593552	1		NO_DAYS_TO_DEATH	MISSING_DEATH_TIME	Dead	False			DEATH_WITHOUT_TIME	CONSISTENT	2	268	268	0		
SC001	5134c56f-8286-4ec8-8348-237cee7dad5e	1		NO_DAYS_TO_DEATH	MISSING_DEATH_TIME	Dead	False			DEATH_WITHOUT_TIME	CONSISTENT	2	176	176	0		
SC001	54254f5a-50e8-4150-a9b7-56a0470d2a56	1		NO_DAYS_TO_DEATH	MISSING_DEATH_TIME	Dead	False			DEATH_WITHOUT_TIME	CONSISTENT	3	4961	4961	0		
SC001	54a9cc9e-3eee-4caa-9f33-4ea64a2999ba	1		NO_DAYS_TO_DEATH	MISSING_DEATH_TIME	Dead	False			DEATH_WITHOUT_TIME	CONSISTENT	2	1043	1043	0		
SC001	562a562b-ca03-44ac-b282-b51b457d8dae	1		NO_DAYS_TO_DEATH	MISSING_DEATH_TIME	Dead	False			DEATH_WITHOUT_TIME	CONSISTENT	1	414	414	0		
SC001	58babefe-7e81-4594-ba29-50d1de92a5ab	1		NO_DAYS_TO_DEATH	MISSING_DEATH_TIME	Dead	True			DEATH_WITHOUT_TIME	MISSING	0			0		
SC001	591c068f-bbb1-4df2-9abb-d1a2e4a58372	1		NO_DAYS_TO_DEATH	MISSING_DEATH_TIME	Dead	False			DEATH_WITHOUT_TIME	CONSISTENT	2	1499	1499	1	1499.0	1499.0
SC001	5ace9608-d38a-42f2-a877-ec7c9d211808	1		NO_DAYS_TO_DEATH	MISSING_DEATH_TIME	Dead	False			DEATH_WITHOUT_TIME	CONSISTENT	1	1209	1209	0		
SC001	5af499be-d2b9-4eaf-9a9f-435dccb51917	1		NO_DAYS_TO_DEATH	MISSING_DEATH_TIME	Dead	False			DEATH_WITHOUT_TIME	CONSISTENT	2	237	237	0		
SC001	5d7ec32a-049f-4997-9882-1b3ac157e02d	0	0.0	MAX_DAYS_TO_LAST_FOLLOWUP	VALID_CENSORED_TIME	Alive	False		0.0	ZERO_OS_TIME	MISSING	0			1	0.0	0.0
SC001	5f4934be-eee3-40e1-8838-38103badc898	1		NO_DAYS_TO_DEATH	MISSING_DEATH_TIME	Dead	False			DEATH_WITHOUT_TIME	CONSISTENT	1	1790	1790	0		
SC001	61c655ec-52b5-453f-a6cc-b2aba445b027	1		NO_DAYS_TO_DEATH	MISSING_DEATH_TIME	Dead	False			DEATH_WITHOUT_TIME	CONSISTENT	2	2318	2318	0		
SC001	645903b5-ba37-48a1-985b-a019b8db3236	0		NO_LAST_FOLLOWUP	MISSING_CENSOR_TIME	Alive	False			ALIVE_WITHOUT_CENSOR_TIME	MISSING	0			0		
SC001	67a2bc21-7c87-4678-997d-a434de672436	1		NO_DAYS_TO_DEATH	MISSING_DEATH_TIME	Dead	False			DEATH_WITHOUT_TIME	CONSISTENT	2	1622	1622	0		
SC001	6c3655ca-8ae7-4ad7-b3e4-0c3ec293fba7	1		NO_DAYS_TO_DEATH	MISSING_DEATH_TIME	Dead	False			DEATH_WITHOUT_TIME	CONSISTENT	2	385	385	0		
SC001	6dfd47d2-831a-4386-9051-f78199a16bb5	1		NO_DAYS_TO_DEATH	MISSING_DEATH_TIME	Dead	False			DEATH_WITHOUT_TIME	CONSISTENT	1	731	731	0		
SC001	70081320-540f-41d2-8687-ee6d011f8eb0	1		NO_DAYS_TO_DEATH	MISSING_DEATH_TIME	Dead	False			DEATH_WITHOUT_TIME	CONSISTENT	4	1265	1265	0		
SC001	706420c4-8820-4b41-80d9-f3efd1d2a4f0	1		NO_DAYS_TO_DEATH	MISSING_DEATH_TIME	Dead	False			DEATH_WITHOUT_TIME	CONSISTENT	1	2620	2620	0		
SC001	722d6818-f1cb-49f4-b68a-fd0a31304681	1		NO_DAYS_TO_DEATH	MISSING_DEATH_TIME	Dead	False			DEATH_WITHOUT_TIME	CONSISTENT	2	244	244	0		
SC001	742e0e32-25b5-4d41-8bf5-364b571cfd93	1		NO_DAYS_TO_DEATH	MISSING_DEATH_TIME	Dead	False			DEATH_WITHOUT_TIME	CONSISTENT	1	139	139	0		
SC001	762dea8a-5b41-4058-979a-b7876ed13d7e	1		NO_DAYS_TO_DEATH	MISSING_DEATH_TIME	Dead	False			DEATH_WITHOUT_TIME	CONSISTENT	1	0	0	0		
SC001	765ad5a5-134b-4680-a6d4-1dd113dc47cc	1		NO_DAYS_TO_DEATH	MISSING_DEATH_TIME	Dead	False			DEATH_WITHOUT_TIME	CONSISTENT	1	879	879	0		
SC001	781f40c9-c099-4c96-8269-ebe2a449c93d	1		NO_DAYS_TO_DEATH	MISSING_DEATH_TIME	Dead	False			DEATH_WITHOUT_TIME	CONSISTENT	1	321	321	0		
SC001	78ae716b-0ca5-4c01-a053-d41288385fcd	1		NO_DAYS_TO_DEATH	MISSING_DEATH_TIME	Dead	True			DEATH_WITHOUT_TIME	MISSING	0			0		
SC001	7a0ea814-f0de-4bc4-a81a-daa000559369	1		NO_DAYS_TO_DEATH	MISSING_DEATH_TIME	Dead	False			DEATH_WITHOUT_TIME	CONSISTENT	2	2393	2393	1	2370.0	2370.0
SC001	7b0622ab-63ea-483f-ae40-d3ea587bdbba	1		NO_DAYS_TO_DEATH	MISSING_DEATH_TIME	Dead	False			DEATH_WITHOUT_TIME	CONSISTENT	2	976	976	0		
SC001	7c4ed533-ee66-48be-a84b-ff8607742818	1		NO_DAYS_TO_DEATH	MISSING_DEATH_TIME	Dead	False			DEATH_WITHOUT_TIME	CONSISTENT	1	161	161	0		
SC001	7cce924f-12a1-4895-9866-5d4b1869dde6	1		NO_DAYS_TO_DEATH	MISSING_DEATH_TIME	Dead	False			DEATH_WITHOUT_TIME	CONSISTENT	2	464	464	0		
SC001	8214a0d1-5e2d-4a7a-acb1-e5580755db83	1		NO_DAYS_TO_DEATH	MISSING_DEATH_TIME	Dead	False			DEATH_WITHOUT_TIME	CONSISTENT	4	800	800	0		
SC001	82476d2d-e403-4f6b-8dd6-cc84e3329478	1		NO_DAYS_TO_DEATH	MISSING_DEATH_TIME	Dead	False			DEATH_WITHOUT_TIME	CONSISTENT	2	189	189	0		
SC001	83a6ed20-b3cf-48b9-8ed3-a080cd4951fa	1		NO_DAYS_TO_DEATH	MISSING_DEATH_TIME	Dead	False			DEATH_WITHOUT_TIME	CONSISTENT	2	1293	1293	0		
SC001	8504fd86-a70a-4cba-9ec8-25c9e60ca549	1		NO_DAYS_TO_DEATH	MISSING_DEATH_TIME	Dead	False			DEATH_WITHOUT_TIME	CONSISTENT	2	370	370	0		
SC001	86dac334-f30e-438e-810a-8e45f69dbb7e	1		NO_DAYS_TO_DEATH	MISSING_DEATH_TIME	Dead	False			DEATH_WITHOUT_TIME	CONSISTENT	1	336	336	0		
SC001	875333ab-9048-462d-aaa2-693ad127e3cc	1		NO_DAYS_TO_DEATH	MISSING_DEATH_TIME	Dead	False			DEATH_WITHOUT_TIME	CONSISTENT	3	1357	1357	0		
SC001	8a16ddb3-4861-4128-bed9-0b1f94fe8cf7	1		NO_DAYS_TO_DEATH	MISSING_DEATH_TIME	Dead	False			DEATH_WITHOUT_TIME	CONSISTENT	2	628	628	0		
SC001	8c695c24-e7f9-449a-9258-a1bc8a33bf9a	1		NO_DAYS_TO_DEATH	MISSING_DEATH_TIME	Dead	False			DEATH_WITHOUT_TIME	CONSISTENT	1	164	164	0		
SC001	8cc6bcec-65df-46a9-a88c-09762a132857	1		NO_DAYS_TO_DEATH	MISSING_DEATH_TIME	Dead	False			DEATH_WITHOUT_TIME	CONSISTENT	1	1501	1501	0		
SC001	8f52cccd-5709-4753-9670-31a573ee27ab	1		NO_DAYS_TO_DEATH	MISSING_DEATH_TIME	Dead	False			DEATH_WITHOUT_TIME	CONSISTENT	1	339	339	0		
SC001	93766482-2f20-4c8f-bbd8-bdd203c37d5a	0		NO_LAST_FOLLOWUP	MISSING_CENSOR_TIME	Alive	False			ALIVE_WITHOUT_CENSOR_TIME	MISSING	0			0		
SC001	96dfa373-4597-49a5-942e-d9b4dc5d28fc	1		NO_DAYS_TO_DEATH	MISSING_DEATH_TIME	Dead	False			DEATH_WITHOUT_TIME	CONSISTENT	1	677	677	0		
SC001	98ee294a-46ed-4572-bdd4-a932c3498a25	1		NO_DAYS_TO_DEATH	MISSING_DEATH_TIME	Dead	False			DEATH_WITHOUT_TIME	CONSISTENT	1	950	950	0		
SC001	98ef41fa-3015-445a-bbdc-984361c911f7	1		NO_DAYS_TO_DEATH	MISSING_DEATH_TIME	Dead	False			DEATH_WITHOUT_TIME	CONSISTENT	1	1135	1135	0		
SC001	99c35245-e1c8-4805-b7a5-f703bb506030	1		NO_DAYS_TO_DEATH	MISSING_DEATH_TIME	Dead	False			DEATH_WITHOUT_TIME	CONSISTENT	1	74	74	0		
SC001	9a63f744-4ed4-4b4d-aac6-f9bda66aa563	1		NO_DAYS_TO_DEATH	MISSING_DEATH_TIME	Dead	True			DEATH_WITHOUT_TIME	MISSING	0			0		
SC001	9b132e4f-7e35-4cc5-8711-43ad62b906d0	1		NO_DAYS_TO_DEATH	MISSING_DEATH_TIME	Dead	False			DEATH_WITHOUT_TIME	CONSISTENT	2	119	119	0		
SC001	9ee20c0d-a1c3-47f3-abda-131b3f190f52	1		NO_DAYS_TO_DEATH	MISSING_DEATH_TIME	Dead	False			DEATH_WITHOUT_TIME	CONSISTENT	2	2174	2174	0		
SC001	9f81c602-8afa-4588-b0b6-6e5a1a128d5a	1		NO_DAYS_TO_DEATH	MISSING_DEATH_TIME	Dead	False			DEATH_WITHOUT_TIME	CONSISTENT	1	303	303	0		
SC001	a046888c-f153-4f35-a1b6-23dd1691a91a	1		NO_DAYS_TO_DEATH	MISSING_DEATH_TIME	Dead	False			DEATH_WITHOUT_TIME	CONSISTENT	2	118	118	0		
SC001	a0e57b39-960e-4e46-8aa0-d0ee2fd9a7cc	1		NO_DAYS_TO_DEATH	MISSING_DEATH_TIME	Dead	False			DEATH_WITHOUT_TIME	CONSISTENT	2	666	666	0		
SC001	a1e65587-24c1-4b41-92a7-4e1f15fffd78	1		NO_DAYS_TO_DEATH	MISSING_DEATH_TIME	Dead	False			DEATH_WITHOUT_TIME	CONSISTENT	2	905	905	1	157.0	157.0
SC001	a41c46da-7ed4-4192-bd16-b3cbb94a5133	1		NO_DAYS_TO_DEATH	MISSING_DEATH_TIME	Dead	False			DEATH_WITHOUT_TIME	CONSISTENT	2	701	701	0		
SC001	a8d6694c-a213-4544-ac0b-63bce16d8f4e	0		NO_LAST_FOLLOWUP	MISSING_CENSOR_TIME	Alive	False			ALIVE_WITHOUT_CENSOR_TIME	MISSING	0			0		
SC001	ab8d7f84-dd71-42c7-9471-4db967a9c89c	1		NO_DAYS_TO_DEATH	MISSING_DEATH_TIME	Dead	False			DEATH_WITHOUT_TIME	CONSISTENT	2	22	22	0		
SC001	afb91740-2668-46d7-ba01-bb26153ad1c7	1		NO_DAYS_TO_DEATH	MISSING_DEATH_TIME	Dead	False			DEATH_WITHOUT_TIME	CONSISTENT	2	1600	1600	2	1600	1600
SC001	b40d0849-f4ef-4a14-9732-9beb708cb46b	1		NO_DAYS_TO_DEATH	MISSING_DEATH_TIME	Dead	False			DEATH_WITHOUT_TIME	CONSISTENT	2	258	258	0		
SC001	b61abdfd-b7a0-4e1a-b570-d1eaecad3a9e	1		NO_DAYS_TO_DEATH	MISSING_DEATH_TIME	Dead	False			DEATH_WITHOUT_TIME	CONSISTENT	2	999	999	0		
SC001	bd4e9a9f-17f3-4d33-92fc-fcc45dd0e7b4	1		NO_DAYS_TO_DEATH	MISSING_DEATH_TIME	Dead	False			DEATH_WITHOUT_TIME	CONSISTENT	2	855	855	0		
SC001	bebd0025-74e2-451b-93b3-86f82df43573	1		NO_DAYS_TO_DEATH	MISSING_DEATH_TIME	Dead	False			DEATH_WITHOUT_TIME	CONSISTENT	3	896	896	0		
SC001	c497f8c7-2fb5-44d9-bc7c-69cfd0b51b54	1		NO_DAYS_TO_DEATH	MISSING_DEATH_TIME	Dead	False			DEATH_WITHOUT_TIME	CONSISTENT	1	1725	1725	0		
SC001	c583fdd1-8cd2-4c15-a23e-0644261f65da	1		NO_DAYS_TO_DEATH	MISSING_DEATH_TIME	Dead	False			DEATH_WITHOUT_TIME	CONSISTENT	2	1167	1167	0		
SC001	c6d78e27-e510-4f57-abae-19efa6105a8d	1		NO_DAYS_TO_DEATH	MISSING_DEATH_TIME	Dead	False			DEATH_WITHOUT_TIME	CONSISTENT	2	1081	1081	0		
SC001	c8544fb3-b26e-4672-bb81-a271db724b04	1		NO_DAYS_TO_DEATH	MISSING_DEATH_TIME	Dead	False			DEATH_WITHOUT_TIME	CONSISTENT	2	62	62	0		
SC001	cbbea9f1-396a-4bf3-b67c-2cac3394dceb	1		NO_DAYS_TO_DEATH	MISSING_DEATH_TIME	Dead	False			DEATH_WITHOUT_TIME	CONSISTENT	2	500	500	0		
SC001	cc4bd56a-25c5-4c48-b583-ac3aeb778ca6	1		NO_DAYS_TO_DEATH	MISSING_DEATH_TIME	Dead	False			DEATH_WITHOUT_TIME	CONSISTENT	2	1492	1492	0		
SC001	cd0dc947-b708-464e-beb7-954c9d4583e7	1		NO_DAYS_TO_DEATH	MISSING_DEATH_TIME	Dead	False			DEATH_WITHOUT_TIME	CONSISTENT	4	711	711	2	711.0	711.0
SC001	cd9e70e4-8622-4a07-8646-63f8275c1737	1		NO_DAYS_TO_DEATH	MISSING_DEATH_TIME	Dead	False			DEATH_WITHOUT_TIME	CONSISTENT	1	1229	1229	0		
SC001	d15b7b29-c5c5-41d8-b83b-7cc12fe92820	1		NO_DAYS_TO_DEATH	MISSING_DEATH_TIME	Dead	False			DEATH_WITHOUT_TIME	CONSISTENT	2	91	91	0		
SC001	d288b69f-1e79-4429-8646-9994b7c54f8f	1		NO_DAYS_TO_DEATH	MISSING_DEATH_TIME	Dead	False			DEATH_WITHOUT_TIME	CONSISTENT	2	593	593	0		
SC001	d28e465c-e553-4c53-8bb7-3d8199b9a8a5	0	0.0	MAX_DAYS_TO_LAST_FOLLOWUP	VALID_CENSORED_TIME	Alive	False		0.0	ZERO_OS_TIME	MISSING	0			1	0	0
SC001	d2c1e896-6886-4122-bb48-5fbcd3f641f4	1		NO_DAYS_TO_DEATH	MISSING_DEATH_TIME	Dead	False			DEATH_WITHOUT_TIME	CONSISTENT	1	274	274	0		
SC001	d3ff328c-2488-47bd-8663-366b6812c7b5	1		NO_DAYS_TO_DEATH	MISSING_DEATH_TIME	Dead	False			DEATH_WITHOUT_TIME	CONSISTENT	2	929	929	0		
SC001	d717fa33-3c91-4ced-89c6-79ff5542f04c	1		NO_DAYS_TO_DEATH	MISSING_DEATH_TIME	Dead	False			DEATH_WITHOUT_TIME	CONSISTENT	2	1147	1147	0		
SC001	d721bfe0-90e3-415e-b9f3-1a270efa5fbb	1		NO_DAYS_TO_DEATH	MISSING_DEATH_TIME	Dead	False			DEATH_WITHOUT_TIME	CONSISTENT	2	869	869	0		
SC001	d7ae8efb-aa4d-4807-9772-55b0a28ccd5c	1		NO_DAYS_TO_DEATH	MISSING_DEATH_TIME	Dead	False			DEATH_WITHOUT_TIME	CONSISTENT	1	1454	1454	0		
SC001	d94fe32f-bedd-4f4c-9feb-fcb60d40f4bb	1		NO_DAYS_TO_DEATH	MISSING_DEATH_TIME	Dead	False			DEATH_WITHOUT_TIME	CONSISTENT	1	457	457	0		
SC001	daf0e08e-1738-43f8-874a-b37d79cbe3a7	1		NO_DAYS_TO_DEATH	MISSING_DEATH_TIME	Dead	False			DEATH_WITHOUT_TIME	CONSISTENT	2	244	244	0		
SC001	e00a60d7-4253-443d-a187-680ad0931349	1		NO_DAYS_TO_DEATH	MISSING_DEATH_TIME	Dead	False			DEATH_WITHOUT_TIME	CONSISTENT	1	1653	1653	0		
SC001	e10568fe-0436-43f2-9f0f-48f9903868c4	1		NO_DAYS_TO_DEATH	MISSING_DEATH_TIME	Dead	False			DEATH_WITHOUT_TIME	CONSISTENT	2	336	336	0		
SC001	e60a8f8a-0fe6-40e5-9f30-bcff48ac73f4	1		NO_DAYS_TO_DEATH	MISSING_DEATH_TIME	Dead	False			DEATH_WITHOUT_TIME	CONSISTENT	1	1194	1194	0		
SC001	e64f76e4-f748-4d9e-ba71-53e2818a7920	1		NO_DAYS_TO_DEATH	MISSING_DEATH_TIME	Dead	False			DEATH_WITHOUT_TIME	CONSISTENT	2	321	321	0		
SC001	e6e75590-9520-4b1c-8a28-4a1d2b2218fc	1		NO_DAYS_TO_DEATH	MISSING_DEATH_TIME	Dead	False			DEATH_WITHOUT_TIME	CONSISTENT	2	18	18	0		
SC001	e7d30bc2-42e8-49c5-a5b3-9f58411b007a	1		NO_DAYS_TO_DEATH	MISSING_DEATH_TIME	Dead	False			DEATH_WITHOUT_TIME	CONSISTENT	2	586	586	0		
SC001	e8060c45-451d-4779-9584-f284db47e63e	1		NO_DAYS_TO_DEATH	MISSING_DEATH_TIME	Dead	False			DEATH_WITHOUT_TIME	CONSISTENT	2	626	626	0		
SC001	ebcba7f2-ce13-4bae-97cd-91a6b1dcd465	1		NO_DAYS_TO_DEATH	MISSING_DEATH_TIME	Dead	False			DEATH_WITHOUT_TIME	CONSISTENT	2	1235	1235	1	1091.0	1091.0
SC001	ef42ae4c-a108-468e-beed-437cf3cf2962	1		NO_DAYS_TO_DEATH	MISSING_DEATH_TIME	Dead	False			DEATH_WITHOUT_TIME	CONSISTENT	2	257	257	0		
SC001	f063ddbb-1668-40df-9ec2-b0a23ca2c389	1		NO_DAYS_TO_DEATH	MISSING_DEATH_TIME	Dead	False			DEATH_WITHOUT_TIME	CONSISTENT	2	760	760	0		
SC001	f1985735-a188-4567-a88a-530f9b80291b	1		NO_DAYS_TO_DEATH	MISSING_DEATH_TIME	Dead	False			DEATH_WITHOUT_TIME	CONSISTENT	4	1073	1073	0		
SC001	f327dea0-2d30-482f-809c-76a148a749b7	1		NO_DAYS_TO_DEATH	MISSING_DEATH_TIME	Dead	False			DEATH_WITHOUT_TIME	CONSISTENT	1	429	429	0		
SC001	f77b6930-a1ce-446e-a15d-c018cbbecfee	1		NO_DAYS_TO_DEATH	MISSING_DEATH_TIME	Dead	False			DEATH_WITHOUT_TIME	CONSISTENT	2	896	896	0		
SC001	f7f9f522-de88-4f9c-8ba4-7be3726faaf8	1		NO_DAYS_TO_DEATH	MISSING_DEATH_TIME	Dead	False			DEATH_WITHOUT_TIME	CONSISTENT	2	582	582	0		
SC001	f98ecd8a-b878-4f53-b911-20cd8e17281c	1		NO_DAYS_TO_DEATH	MISSING_DEATH_TIME	Dead	False			DEATH_WITHOUT_TIME	CONSISTENT	1	121	121	0		
SC001	fa0c7392-d485-41ac-bf7e-244a528209ae	1		NO_DAYS_TO_DEATH	MISSING_DEATH_TIME	Dead	False			DEATH_WITHOUT_TIME	CONSISTENT	2	624	624	0		
SC001	fc79086c-af9a-4c27-b074-f7050b6f3381	1		NO_DAYS_TO_DEATH	MISSING_DEATH_TIME	Dead	False			DEATH_WITHOUT_TIME	CONSISTENT	2	1171	1171	0		
SC001	fd5c44ef-ea50-4fba-9e8d-e371cf34ebdb	1		NO_DAYS_TO_DEATH	MISSING_DEATH_TIME	Dead	False			DEATH_WITHOUT_TIME	CONSISTENT	2	807	807	0		
SC001	fe3eeeb6-0db4-46d7-a020-55604d474c12	1		NO_DAYS_TO_DEATH	MISSING_DEATH_TIME	Dead	False			DEATH_WITHOUT_TIME	CONSISTENT	2	2681	2681	0		
SC002	022f39e9-57ee-4b2b-8b3a-8929e3d69a37	1		NO_DAYS_TO_DEATH	MISSING_DEATH_TIME	Dead	False			DEATH_WITHOUT_TIME	CONSISTENT	2	1094	1094	2	1094	1094
SC002	1136dd50-242a-4659-aad4-c53f9e759bb3	1		NO_DAYS_TO_DEATH	MISSING_DEATH_TIME	Dead	False			DEATH_WITHOUT_TIME	CONSISTENT	2	49	49	0		
SC002	143f2dd6-a280-41c5-9242-442ef91b73ec	1		NO_DAYS_TO_DEATH	MISSING_DEATH_TIME	Dead	False			DEATH_WITHOUT_TIME	CONSISTENT	3	427	427	3	427	427
SC002	20ccd267-74e5-4574-a8e1-028bcd74aaeb	0	0.0	MAX_DAYS_TO_LAST_FOLLOWUP	VALID_CENSORED_TIME	Alive	False		0.0	ZERO_OS_TIME	MISSING	0			1	0	0
SC002	21bdad0d-c6a2-428c-b2b4-0de282b34abc	1		NO_DAYS_TO_DEATH	MISSING_DEATH_TIME	Dead	False			DEATH_WITHOUT_TIME	CONSISTENT	1	0	0	0		
SC002	23d0681a-912a-408f-b19a-0bbcf5ffc2f3	0	0.0	MAX_DAYS_TO_LAST_FOLLOWUP	VALID_CENSORED_TIME	Alive	False		0.0	ZERO_OS_TIME	MISSING	0			1	0	0
SC002	269e8ca8-722d-449b-ace1-6545bd72bdd6	0	0.0	MAX_DAYS_TO_LAST_FOLLOWUP	VALID_CENSORED_TIME	Alive	False		0.0	ZERO_OS_TIME	MISSING	0			1	0	0
SC002	2a971e32-b0e7-4a3f-8c40-62d69c0307d8	1	0.0	FOLLOWUP_DAYS_TO_DEATH	VALID_DEATH_TIME	Alive|Dead	True	0	0.0	ZERO_OS_TIME	CONSISTENT	1	0.0	0.0	1	0.0	0.0
SC002	2b94070a-21ec-457b-88af-3d2a89b97ac6	0	0.0	MAX_DAYS_TO_LAST_FOLLOWUP	VALID_CENSORED_TIME	Alive	False		0.0	ZERO_OS_TIME	MISSING	0			1	0	0
SC002	315ef7f6-ca21-4d87-8f19-40bd455885ec	1		NO_DAYS_TO_DEATH	MISSING_DEATH_TIME	Dead	False			DEATH_WITHOUT_TIME	CONSISTENT	2	29	29	0		
SC002	3334201d-a3c0-45ec-a9ed-cf48cc8c38e8	1		NO_DAYS_TO_DEATH	MISSING_DEATH_TIME	Dead	False			DEATH_WITHOUT_TIME	CONSISTENT	2	172	172	0		
SC002	33522271-b2ca-4da4-a942-501ab9117c51	0	0.0	MAX_DAYS_TO_LAST_FOLLOWUP	VALID_CENSORED_TIME	Alive	False		0.0	ZERO_OS_TIME	MISSING	0			1	0	0
SC002	35620be9-3ba5-4be7-9e00-83103e6a92e6	1		NO_DAYS_TO_DEATH	MISSING_DEATH_TIME	Dead	False			DEATH_WITHOUT_TIME	CONSISTENT	1	90	90	0		
SC002	38d65618-4857-490e-86b3-0a3f772a9f60	1		NO_DAYS_TO_DEATH	MISSING_DEATH_TIME	Dead	False			DEATH_WITHOUT_TIME	CONSISTENT	2	643	643	0		
SC002	3aae5316-6a5d-4b83-9020-ad691d4edf99	1		NO_DAYS_TO_DEATH	MISSING_DEATH_TIME	Dead	False			DEATH_WITHOUT_TIME	CONSISTENT	2	1	1	0		
SC002	41f8c9fd-ae52-4458-886b-faf37de77dd0	1		NO_DAYS_TO_DEATH	MISSING_DEATH_TIME	Dead	False			DEATH_WITHOUT_TIME	CONSISTENT	2	858	858	0		
SC002	56d5b0b9-9093-4286-a2c6-7faa9a1680f5	1		NO_DAYS_TO_DEATH	MISSING_DEATH_TIME	Dead	False			DEATH_WITHOUT_TIME	CONSISTENT	2	899	899	0		
SC002	613aa3e8-a70b-45a9-9c08-0c2346c8bf00	0	0.0	MAX_DAYS_TO_LAST_FOLLOWUP	VALID_CENSORED_TIME	Alive	False		0.0	ZERO_OS_TIME	MISSING	0			1	0	0
SC002	64dcf1a5-c78c-4d3f-852c-15865b3b6189	1		NO_DAYS_TO_DEATH	MISSING_DEATH_TIME	Dead	False			DEATH_WITHOUT_TIME	CONSISTENT	2	97	97	0		
SC002	6775ce57-b4cf-425c-a898-061bb9a8a1a8	1		NO_DAYS_TO_DEATH	MISSING_DEATH_TIME	Dead	False			DEATH_WITHOUT_TIME	CONSISTENT	2	236	236	2	236	236
SC002	69fb431f-0caf-4cdd-9085-eda5b18ed15d	1		NO_DAYS_TO_DEATH	MISSING_DEATH_TIME	Dead	False			DEATH_WITHOUT_TIME	CONSISTENT	1	61	61	0		
SC002	6baf61b6-ae5b-42f0-adc9-0d26fda231f7	1		NO_DAYS_TO_DEATH	MISSING_DEATH_TIME	Dead	False			DEATH_WITHOUT_TIME	CONSISTENT	2	496	496	0		
SC002	6e9e0c2f-2ddb-40f1-8e8c-618119e62ec1	1		NO_DAYS_TO_DEATH	MISSING_DEATH_TIME	Dead	False			DEATH_WITHOUT_TIME	CONSISTENT	1	153	153	0		
SC002	6fc5e56a-1f5e-4ff1-948e-5ef636ebb48d	1		NO_DAYS_TO_DEATH	MISSING_DEATH_TIME	Dead	False			DEATH_WITHOUT_TIME	CONSISTENT	1	0	0	0		
SC002	7144a65f-a63f-4b79-8fe2-cfe48696de03	1	0.0	FOLLOWUP_DAYS_TO_DEATH	VALID_DEATH_TIME	Alive|Dead	True	0	0.0	ZERO_OS_TIME	CONSISTENT	1	0.0	0.0	1	0.0	0.0
SC002	73a142e1-8ac2-4cfe-b8cf-7e9dea64f488	1		NO_DAYS_TO_DEATH	MISSING_DEATH_TIME	Dead	False			DEATH_WITHOUT_TIME	CONSISTENT	1	153	153	0		
SC002	764c97c9-01d3-45cb-86bd-f8a52b5468da	1		NO_DAYS_TO_DEATH	MISSING_DEATH_TIME	Dead	False			DEATH_WITHOUT_TIME	CONSISTENT	1	670	670	0		
SC002	77a44132-af22-4115-9fa2-78f2f74bf687	1		NO_DAYS_TO_DEATH	MISSING_DEATH_TIME	Dead	False			DEATH_WITHOUT_TIME	CONSISTENT	2	424	424	0		
SC002	790266bc-c252-43f4-85d1-1b06ee529cf8	1		NO_DAYS_TO_DEATH	MISSING_DEATH_TIME	Dead	False			DEATH_WITHOUT_TIME	CONSISTENT	2	758	758	0		
SC002	7a481097-14a3-4916-9632-d899c25fd284	0	0.0	MAX_DAYS_TO_LAST_FOLLOWUP	VALID_CENSORED_TIME	Alive	False		0.0	ZERO_OS_TIME	MISSING	0			1	0	0
SC002	7ad0617e-bc4a-4869-8419-744f04d9b7a3	1		NO_DAYS_TO_DEATH	MISSING_DEATH_TIME	Dead	False			DEATH_WITHOUT_TIME	CONSISTENT	2	3042	3042	0		
SC002	849031de-ac8a-4012-9362-d192512997f1	1		NO_DAYS_TO_DEATH	MISSING_DEATH_TIME	Dead	False			DEATH_WITHOUT_TIME	CONSISTENT	2	159	159	0		
SC002	849442d3-eb82-416e-9d36-2fc15dfac67a	1		NO_DAYS_TO_DEATH	MISSING_DEATH_TIME	Dead	False			DEATH_WITHOUT_TIME	CONSISTENT	2	2821	2821	2	2821	2821
SC002	857a5889-19e7-4208-8362-f1377c408037	1		NO_DAYS_TO_DEATH	MISSING_DEATH_TIME	Dead	False			DEATH_WITHOUT_TIME	CONSISTENT	2	1881	1881	0		
SC002	85a57cfe-f1c9-44d9-8b50-022c0d3438d1	1		NO_DAYS_TO_DEATH	MISSING_DEATH_TIME	Dead	False			DEATH_WITHOUT_TIME	CONSISTENT	2	1910	1910	0		
SC002	92c043b6-8d53-4c1c-808a-c4be5e2926e6	1		NO_DAYS_TO_DEATH	MISSING_DEATH_TIME	Dead	False			DEATH_WITHOUT_TIME	CONSISTENT	2	383	383	2	383	383
SC002	95d4f0c4-5997-4ffb-b876-0ddfeee972bb	1		NO_DAYS_TO_DEATH	MISSING_DEATH_TIME	Dead	False			DEATH_WITHOUT_TIME	CONSISTENT	2	442	442	0		
SC002	99c532b0-6b42-4925-a344-fc7262c415ee	1		NO_DAYS_TO_DEATH	MISSING_DEATH_TIME	Dead	False			DEATH_WITHOUT_TIME	CONSISTENT	2	179	179	0		
SC002	9b2c325c-1f03-43c7-ad5c-b49c6d205635	1		NO_DAYS_TO_DEATH	MISSING_DEATH_TIME	Dead	False			DEATH_WITHOUT_TIME	CONSISTENT	2	805	805	2	805	805
SC002	9d68516e-7e5c-403e-8aca-ea1abe0d6014	1		NO_DAYS_TO_DEATH	MISSING_DEATH_TIME	Dead	False			DEATH_WITHOUT_TIME	CONSISTENT	1	334	334	0		
SC002	a19cd9f8-482b-4b70-b7d7-06d6bb1b0260	1		NO_DAYS_TO_DEATH	MISSING_DEATH_TIME	Dead	False			DEATH_WITHOUT_TIME	CONSISTENT	3	153	153	0		
SC002	a512701f-88bb-4b05-8c94-fd285b9dd13e	1		NO_DAYS_TO_DEATH	MISSING_DEATH_TIME	Dead	False			DEATH_WITHOUT_TIME	CONSISTENT	1	61	61	0		
SC002	a56f6562-d2af-47b9-bf81-94b3b4893173	1		NO_DAYS_TO_DEATH	MISSING_DEATH_TIME	Dead	False			DEATH_WITHOUT_TIME	CONSISTENT	4	743	743	0		
SC002	a6f98ee5-9638-4ebe-804b-fba54aea9f90	0	0.0	MAX_DAYS_TO_LAST_FOLLOWUP	VALID_CENSORED_TIME	Alive	False		0.0	ZERO_OS_TIME	MISSING	0			2	0.0	0.0
SC002	a8b4284d-cbbb-43e3-897b-d04af4bfba74	1		NO_DAYS_TO_DEATH	MISSING_DEATH_TIME	Dead	False			DEATH_WITHOUT_TIME	CONSISTENT	2	1503	1503	0		
SC002	ab9cc98a-86ae-4913-bcb2-cc3aeff8abb1	1		NO_DAYS_TO_DEATH	MISSING_DEATH_TIME	Dead	False			DEATH_WITHOUT_TIME	CONSISTENT	2	0	0	0		
SC002	ad440651-a2de-4bb1-90da-1e5e8975ab59	0		NO_LAST_FOLLOWUP	MISSING_CENSOR_TIME	Alive	False			ALIVE_WITHOUT_CENSOR_TIME	MISSING	0			0		
SC002	aee20b98-df51-4ead-86cc-0d5f60a74b90	1		NO_DAYS_TO_DEATH	MISSING_DEATH_TIME	Dead	False			DEATH_WITHOUT_TIME	CONSISTENT	1	368.0	368.0	0		
SC002	b823d6e5-54b0-43d3-95e2-9be33dc6f734	1		NO_DAYS_TO_DEATH	MISSING_DEATH_TIME	Dead	False			DEATH_WITHOUT_TIME	CONSISTENT	2	1162	1162	0		
SC002	bc02f801-081b-489b-87cb-d275c70299d5	1		NO_DAYS_TO_DEATH	MISSING_DEATH_TIME	Dead	False			DEATH_WITHOUT_TIME	CONSISTENT	1	0	0	0		
SC002	bfb07784-693b-4c25-874e-4ad6e04a5d46	1		NO_DAYS_TO_DEATH	MISSING_DEATH_TIME	Dead	False			DEATH_WITHOUT_TIME	CONSISTENT	1	0	0	0		
SC002	c1e141af-bdd1-4176-8c0e-cf1ab0c1d9d3	1		NO_DAYS_TO_DEATH	MISSING_DEATH_TIME	Dead	False			DEATH_WITHOUT_TIME	CONSISTENT	1	61	61	0		
SC002	c46971a1-cbac-425d-bac2-f4142c92522e	0	0.0	MAX_DAYS_TO_LAST_FOLLOWUP	VALID_CENSORED_TIME	Alive	False		0.0	ZERO_OS_TIME	MISSING	0			2	0	0
SC002	c59d90a6-9cda-426d-b8ea-41f0a87033d5	1		NO_DAYS_TO_DEATH	MISSING_DEATH_TIME	Dead	False			DEATH_WITHOUT_TIME	CONSISTENT	2	43	43	0		
SC002	c658f35d-ceeb-4189-8e3d-03e3b9706667	0	0.0	MAX_DAYS_TO_LAST_FOLLOWUP	VALID_CENSORED_TIME	Alive	False		0.0	ZERO_OS_TIME	MISSING	0			2	0	0
SC002	c8d6fe73-3504-42a5-9723-e1916fba8208	1		NO_DAYS_TO_DEATH	MISSING_DEATH_TIME	Dead	False			DEATH_WITHOUT_TIME	CONSISTENT	2	357	357	0		
SC002	cc22913d-2dda-48bb-82aa-9960b73f3e44	0	0.0	MAX_DAYS_TO_LAST_FOLLOWUP	VALID_CENSORED_TIME	Alive	False		0.0	ZERO_OS_TIME	MISSING	0			2	0	0
SC002	ce00896a-f7d2-4123-bb95-24cb6e53fc32	1		NO_DAYS_TO_DEATH	MISSING_DEATH_TIME	Dead	False			DEATH_WITHOUT_TIME	CONSISTENT	2	290	290	0		
SC002	d71ae66e-2c8a-4fd8-8b4b-a5a2d456a21d	1		NO_DAYS_TO_DEATH	MISSING_DEATH_TIME	Dead	False			DEATH_WITHOUT_TIME	CONSISTENT	2	1348	1348	2	1348	1348
SC002	d761bc06-dee8-478a-be99-8af9c504e49c	0	0.0	MAX_DAYS_TO_LAST_FOLLOWUP	VALID_CENSORED_TIME	Alive	False		0.0	ZERO_OS_TIME	MISSING	0			1	0	0
SC002	db246424-3979-4f23-b316-8d30c449ee15	0	0.0	MAX_DAYS_TO_LAST_FOLLOWUP	VALID_CENSORED_TIME	Alive	False		0.0	ZERO_OS_TIME	MISSING	0			1	0	0
SC002	dd7a53ee-cb08-40c4-9935-51d1ca17e9e8	1		NO_DAYS_TO_DEATH	MISSING_DEATH_TIME	Dead	False			DEATH_WITHOUT_TIME	CONSISTENT	2	494	494	0		
SC002	e457344d-76fb-46bf-b362-61a6e811d131	1		NO_DAYS_TO_DEATH	MISSING_DEATH_TIME	Dead	False			DEATH_WITHOUT_TIME	CONSISTENT	1	122	122	0		
SC002	e588714a-7753-4c3c-abb6-eaf1aab53ab3	1		NO_DAYS_TO_DEATH	MISSING_DEATH_TIME	Dead	False			DEATH_WITHOUT_TIME	CONSISTENT	2	680	680	0		
SC002	e703af88-c05f-4d7b-b225-d640e4d1a2a5	1		NO_DAYS_TO_DEATH	MISSING_DEATH_TIME	Dead	False			DEATH_WITHOUT_TIME	CONSISTENT	2	156	156	0		
SC002	eb191e71-4b6e-4c8d-8348-519be5a1e657	1		NO_DAYS_TO_DEATH	MISSING_DEATH_TIME	Dead	False			DEATH_WITHOUT_TIME	CONSISTENT	2	570	570	2	570	570
SC002	f1e6ce83-b4a0-4643-8e8e-a1ef8a158a27	1		NO_DAYS_TO_DEATH	MISSING_DEATH_TIME	Dead	False			DEATH_WITHOUT_TIME	CONSISTENT	2	59	59	0		
SC002	f38d49b7-6cad-4460-abd0-3685a3b2d941	0	0.0	MAX_DAYS_TO_LAST_FOLLOWUP	VALID_CENSORED_TIME	Alive	False		0.0	ZERO_OS_TIME	MISSING	0			1	0	0
SC002	f4a804d3-b5c4-4da5-800f-6e5757ecfa1c	1		NO_DAYS_TO_DEATH	MISSING_DEATH_TIME	Dead	False			DEATH_WITHOUT_TIME	CONSISTENT	2	228	228	2	228	228
SC002	f83b909c-da90-41ed-b532-a2ef9371cff9	1		NO_DAYS_TO_DEATH	MISSING_DEATH_TIME	Dead	False			DEATH_WITHOUT_TIME	CONSISTENT	2	2475	2475	2	2475	2475
SC002	fac2c617-8149-45bb-b766-fbe13dc3c425	1		NO_DAYS_TO_DEATH	MISSING_DEATH_TIME	Dead	False			DEATH_WITHOUT_TIME	CONSISTENT	3	405.0	405.0	3	405.0	405.0
SC002	fbb69964-f962-4b89-b59b-dd05f8faf61a	1		NO_DAYS_TO_DEATH	MISSING_DEATH_TIME	Dead	False			DEATH_WITHOUT_TIME	CONSISTENT	2	206	206	0		
SC002	fdffda5f-72b2-4153-b7f1-d7043b7ca898	1		NO_DAYS_TO_DEATH	MISSING_DEATH_TIME	Dead	False			DEATH_WITHOUT_TIME	CONSISTENT	1	30	30	0		
SC002	ffa7e03a-4a3c-41f0-937a-4fb862fd2194	1		NO_DAYS_TO_DEATH	MISSING_DEATH_TIME	Dead	False			DEATH_WITHOUT_TIME	CONSISTENT	2	1849	1849	2	1849	1849
SC003	045c13ef-3db7-4adf-b0a3-23338f0479f3	1		NO_DAYS_TO_DEATH	MISSING_DEATH_TIME	Dead	False			DEATH_WITHOUT_TIME	CONSISTENT	2	991	991	0		
SC003	0491063c-14a7-4104-8002-1459126332f3	1		NO_DAYS_TO_DEATH	MISSING_DEATH_TIME	Dead	False			DEATH_WITHOUT_TIME	CONSISTENT	2	571	571	0		
SC003	05135396-df5c-49db-b34e-f4add5b65a2b	1		NO_DAYS_TO_DEATH	MISSING_DEATH_TIME	Dead	False			DEATH_WITHOUT_TIME	CONSISTENT	1	2534	2534	0		
SC003	0685edd2-ce1c-4e0e-8dda-393139af4223	1		NO_DAYS_TO_DEATH	MISSING_DEATH_TIME	Dead	False			DEATH_WITHOUT_TIME	CONSISTENT	3	1793	1793	0		
SC003	0741b5db-4405-42ba-b63a-c6ee4f341480	1		NO_DAYS_TO_DEATH	MISSING_DEATH_TIME	Dead	False			DEATH_WITHOUT_TIME	CONSISTENT	2	538	538	0		
SC003	1111fb30-46ce-4722-98da-ec9ba2323d90	1		NO_DAYS_TO_DEATH	MISSING_DEATH_TIME	Dead	False			DEATH_WITHOUT_TIME	CONSISTENT	2	2483	2483	0		
SC003	1133b8a9-6b11-4511-b70a-f200e3b8b5db	1		NO_DAYS_TO_DEATH	MISSING_DEATH_TIME	Dead	False			DEATH_WITHOUT_TIME	CONSISTENT	2	1812	1812	0		
SC003	128d198e-9b22-427c-90db-3714455f3a17	1		NO_DAYS_TO_DEATH	MISSING_DEATH_TIME	Dead	False			DEATH_WITHOUT_TIME	CONSISTENT	2	255	255	0		
SC003	14b95463-2108-4921-afc2-e29eef52b18f	1		NO_DAYS_TO_DEATH	MISSING_DEATH_TIME	Dead	False			DEATH_WITHOUT_TIME	CONSISTENT	2	723	723	0		
SC003	14d1d84e-99e1-41ad-8892-3b4da3d4f948	1		NO_DAYS_TO_DEATH	MISSING_DEATH_TIME	Dead	False			DEATH_WITHOUT_TIME	CONSISTENT	1	1673	1673	0		
SC003	151f3677-6854-4265-9126-d92c646c67ae	1		NO_DAYS_TO_DEATH	MISSING_DEATH_TIME	Dead	False			DEATH_WITHOUT_TIME	CONSISTENT	2	2373	2373	0		
SC003	157ec9e0-ca6e-4da1-9233-f976cf0db433	1		NO_DAYS_TO_DEATH	MISSING_DEATH_TIME	Dead	False			DEATH_WITHOUT_TIME	CONSISTENT	2	3941	3941	0		
SC003	16a8d916-ad46-4690-b1a5-3b2b323f4336	1		NO_DAYS_TO_DEATH	MISSING_DEATH_TIME	Dead	False			DEATH_WITHOUT_TIME	CONSISTENT	2	2573	2573	0		
SC003	1783cac1-253a-40af-a9ac-48dfb20e1ab8	1		NO_DAYS_TO_DEATH	MISSING_DEATH_TIME	Dead	False			DEATH_WITHOUT_TIME	CONSISTENT	1	1034	1034	0		
SC003	197741de-a098-4f04-bb37-8ea8b3bb39bc	1		NO_DAYS_TO_DEATH	MISSING_DEATH_TIME	Dead	False			DEATH_WITHOUT_TIME	CONSISTENT	2	2965	2965	0		
SC003	1b4cfad1-e353-4411-97b6-2b7b9309e95e	0	0.0	MAX_DAYS_TO_LAST_FOLLOWUP	VALID_CENSORED_TIME	Alive	False		0.0	ZERO_OS_TIME	MISSING	0			2	0	0
SC003	1d27253f-b036-44e7-a04d-8da5bbf57419	1		NO_DAYS_TO_DEATH	MISSING_DEATH_TIME	Dead	False			DEATH_WITHOUT_TIME	CONSISTENT	2	266	266	0		
SC003	1e68e760-a4cf-4100-bf9c-e50fa8d126f6	1		NO_DAYS_TO_DEATH	MISSING_DEATH_TIME	Dead	False			DEATH_WITHOUT_TIME	CONSISTENT	2	3945	3945	0		
SC003	1f601832-eee3-48fb-acf5-80c4a454f26e	1		NO_DAYS_TO_DEATH	MISSING_DEATH_TIME	Dead	False			DEATH_WITHOUT_TIME	CONSISTENT	2	991	991	0		
SC003	21ef1730-e5a7-47ce-b419-d000bb59ae15	1		NO_DAYS_TO_DEATH	MISSING_DEATH_TIME	Dead	False			DEATH_WITHOUT_TIME	CONSISTENT	1	785	785	0		
SC003	233b02f3-c4f0-4a67-9db5-e68d5cdaccb6	1		NO_DAYS_TO_DEATH	MISSING_DEATH_TIME	Dead	False			DEATH_WITHOUT_TIME	CONSISTENT	1	1563	1563	0		
SC003	2476dda9-da2a-4242-9642-b92b8b9b1c79	1		NO_DAYS_TO_DEATH	MISSING_DEATH_TIME	Dead	False			DEATH_WITHOUT_TIME	CONSISTENT	2	2965	2965	0		
SC003	27b05b15-a44b-45ed-a6e3-e7d1ca488ea9	1		NO_DAYS_TO_DEATH	MISSING_DEATH_TIME	Dead	False			DEATH_WITHOUT_TIME	CONSISTENT	1	426	426	0		
SC003	30ec8b1f-28c4-4f46-8a1b-a8d51e558c7d	1		NO_DAYS_TO_DEATH	MISSING_DEATH_TIME	Dead	False			DEATH_WITHOUT_TIME	CONSISTENT	1	224	224	0		
SC003	332423a7-8866-4ee3-b08f-3c8d7c16af80	1		NO_DAYS_TO_DEATH	MISSING_DEATH_TIME	Dead	False			DEATH_WITHOUT_TIME	CONSISTENT	2	158	158	0		
SC003	34ab0cb8-bf19-4cbb-b4eb-3c45ee5aa60b	1		NO_DAYS_TO_DEATH	MISSING_DEATH_TIME	Dead	False			DEATH_WITHOUT_TIME	CONSISTENT	2	4456	4456	0		
SC003	359f12f9-5c41-48a4-85bc-fd7e307bf7d8	1		NO_DAYS_TO_DEATH	MISSING_DEATH_TIME	Dead	False			DEATH_WITHOUT_TIME	CONSISTENT	2	239	239	0		
SC003	376ffe63-efd7-42af-90e1-261255b28bb7	1		NO_DAYS_TO_DEATH	MISSING_DEATH_TIME	Dead	False			DEATH_WITHOUT_TIME	CONSISTENT	2	616	616	0		
SC003	389e5b18-8f89-41a9-9fa5-efd4172836e2	0	-7.0	MAX_DAYS_TO_LAST_FOLLOWUP	VALID_CENSORED_TIME	Alive	False		-7.0	NEGATIVE_OS_TIME	MISSING	0			2	-7	-7
SC003	3927f736-3b5c-48c8-9d9e-83669ec44770	0	0.0	MAX_DAYS_TO_LAST_FOLLOWUP	VALID_CENSORED_TIME	Alive	False		0.0	ZERO_OS_TIME	MISSING	0			1	0	0
SC003	3a711140-1b89-4611-9992-3861e3d0e01a	0	0.0	MAX_DAYS_TO_LAST_FOLLOWUP	VALID_CENSORED_TIME	Alive	False		0.0	ZERO_OS_TIME	MISSING	0			1	0	0
SC003	3af31fcf-ad0c-4fd9-a8e3-10f9176b5e9d	1		NO_DAYS_TO_DEATH	MISSING_DEATH_TIME	Dead	False			DEATH_WITHOUT_TIME	CONSISTENT	2	322	322	0		
SC003	3b963d72-ba5c-467b-83c9-fbdb462510a3	0	0.0	MAX_DAYS_TO_LAST_FOLLOWUP	VALID_CENSORED_TIME	Alive	False		0.0	ZERO_OS_TIME	MISSING	0			2	0	0
SC003	3c8b5af9-c34d-43c2-b8c9-39ea11e44fa6	1		NO_DAYS_TO_DEATH	MISSING_DEATH_TIME	Dead	False			DEATH_WITHOUT_TIME	CONSISTENT	1	1009	1009	0		
SC003	3f834fa7-6d7b-4b85-98c0-5c55d55b6c95	1		NO_DAYS_TO_DEATH	MISSING_DEATH_TIME	Dead	False			DEATH_WITHOUT_TIME	CONSISTENT	2	1993	1993	0		
SC003	417dea5f-f68e-4dab-940e-43ae8c67e5e6	1		NO_DAYS_TO_DEATH	MISSING_DEATH_TIME	Dead	False			DEATH_WITHOUT_TIME	CONSISTENT	2	365	365	0		
SC003	433427a1-bacf-4381-91ba-5fec8a0953f9	1		NO_DAYS_TO_DEATH	MISSING_DEATH_TIME	Dead	False			DEATH_WITHOUT_TIME	CONSISTENT	1	2009	2009	0		
SC003	44954053-0b93-4577-a436-42777e442300	1		NO_DAYS_TO_DEATH	MISSING_DEATH_TIME	Dead	False			DEATH_WITHOUT_TIME	CONSISTENT	2	362	362	0		
SC003	45013972-2dfd-4f82-a076-e3e4af1b43b8	1		NO_DAYS_TO_DEATH	MISSING_DEATH_TIME	Dead	False			DEATH_WITHOUT_TIME	CONSISTENT	1	116	116	0		
SC003	4510295e-8aa7-4ef1-b2b7-91cc902f8200	1		NO_DAYS_TO_DEATH	MISSING_DEATH_TIME	Dead	False			DEATH_WITHOUT_TIME	CONSISTENT	1	2798	2798	0		
SC003	451e1a67-47e6-4738-99d7-fb7771ef61a3	1		NO_DAYS_TO_DEATH	MISSING_DEATH_TIME	Dead	False			DEATH_WITHOUT_TIME	CONSISTENT	2	3126	3126	0		
SC003	4aa68586-6331-4795-b40c-859386640df6	1		NO_DAYS_TO_DEATH	MISSING_DEATH_TIME	Dead	False			DEATH_WITHOUT_TIME	CONSISTENT	1	2273	2273	0		
SC003	4d51159f-ab2f-40e3-a363-847c3654431e	0	0.0	MAX_DAYS_TO_LAST_FOLLOWUP	VALID_CENSORED_TIME	Alive	False		0.0	ZERO_OS_TIME	MISSING	0			2	0	0
SC003	4e42fdc5-2a8b-49e9-87ef-6db7a6692d08	1		NO_DAYS_TO_DEATH	MISSING_DEATH_TIME	Dead	False			DEATH_WITHOUT_TIME	CONSISTENT	2	860	860	0		
SC003	4e6edfe6-adcb-4c12-8ff4-38a79f5887e8	1		NO_DAYS_TO_DEATH	MISSING_DEATH_TIME	Dead	False			DEATH_WITHOUT_TIME	CONSISTENT	2	2097	2097	0		
SC003	50619f8c-10aa-464a-a227-90a7aa6ffd43	1		NO_DAYS_TO_DEATH	MISSING_DEATH_TIME	Dead	False			DEATH_WITHOUT_TIME	CONSISTENT	1	2763	2763	0		
SC003	51ccbf1b-7cae-44ba-991a-11eda8b8c404	1		NO_DAYS_TO_DEATH	MISSING_DEATH_TIME	Dead	False			DEATH_WITHOUT_TIME	CONSISTENT	1	3462	3462	0		
SC003	5258294f-ef5b-4091-9183-6bcc545d54b2	1		NO_DAYS_TO_DEATH	MISSING_DEATH_TIME	Dead	False			DEATH_WITHOUT_TIME	CONSISTENT	1	3959	3959	0		
SC003	5362cbc4-cd28-4afd-a8ac-1a4c2c33cad2	1		NO_DAYS_TO_DEATH	MISSING_DEATH_TIME	Dead	False			DEATH_WITHOUT_TIME	CONSISTENT	1	573	573	0		
SC003	5562455d-bbb8-46eb-a510-e8c6e1e26789	1		NO_DAYS_TO_DEATH	MISSING_DEATH_TIME	Dead	False			DEATH_WITHOUT_TIME	CONSISTENT	2	2469	2469	0		
SC003	557cb0a3-6f1b-4faf-8296-0a15c24158f9	1		NO_DAYS_TO_DEATH	MISSING_DEATH_TIME	Dead	False			DEATH_WITHOUT_TIME	CONSISTENT	1	921	921	0		
SC003	56203436-8634-4fd0-96b5-ba6be9d87857	0	0.0	MAX_DAYS_TO_LAST_FOLLOWUP	VALID_CENSORED_TIME	Alive	False		0.0	ZERO_OS_TIME	MISSING	0			2	0	0
SC003	5b9a5cd2-5ec8-48a0-b9f2-da9bede0b089	1		NO_DAYS_TO_DEATH	MISSING_DEATH_TIME	Dead	False			DEATH_WITHOUT_TIME	CONSISTENT	2	1781	1781	0		
SC003	5c9d8163-a68e-43ce-9cba-effb7405761e	0	0.0	MAX_DAYS_TO_LAST_FOLLOWUP	VALID_CENSORED_TIME	Alive	False		0.0	ZERO_OS_TIME	MISSING	0			2	0	0
SC003	5dd423e8-feaa-4568-a750-500948c41d6c	1		NO_DAYS_TO_DEATH	MISSING_DEATH_TIME	Dead	False			DEATH_WITHOUT_TIME	CONSISTENT	2	2361	2361	0		
SC003	5f4d16aa-9cc4-4edb-b714-394e2661439a	1		NO_DAYS_TO_DEATH	MISSING_DEATH_TIME	Dead	False			DEATH_WITHOUT_TIME	CONSISTENT	1	295	295	0		
SC003	64f67506-f2df-4f0a-b7be-29b4949e986a	1		NO_DAYS_TO_DEATH	MISSING_DEATH_TIME	Dead	False			DEATH_WITHOUT_TIME	CONSISTENT	2	1920	1920	0		
SC003	665dd3d3-779c-4abd-b5d7-13342340451d	1		NO_DAYS_TO_DEATH	MISSING_DEATH_TIME	Dead	False			DEATH_WITHOUT_TIME	CONSISTENT	2	468	468	0		
SC003	68177e92-4784-45d9-af14-4ce0c00eae74	1		NO_DAYS_TO_DEATH	MISSING_DEATH_TIME	Dead	False			DEATH_WITHOUT_TIME	CONSISTENT	2	1127	1127	0		
SC003	6a2972e3-cca9-47e5-aac0-b770f2399eeb	1		NO_DAYS_TO_DEATH	MISSING_DEATH_TIME	Dead	False			DEATH_WITHOUT_TIME	CONSISTENT	1	959	959	0		
SC003	6b923e30-2ddc-407f-91b1-c202f1373fbb	0	0.0	MAX_DAYS_TO_LAST_FOLLOWUP	VALID_CENSORED_TIME	Alive	False		0.0	ZERO_OS_TIME	MISSING	0			1	0	0
SC003	6b960b58-28e1-41c6-bd6e-7e669c6aa4ef	1		NO_DAYS_TO_DEATH	MISSING_DEATH_TIME	Dead	False			DEATH_WITHOUT_TIME	CONSISTENT	1	1556	1556	0		
SC003	6bc4c56d-aac5-49a2-9913-9538d06d898f	1		NO_DAYS_TO_DEATH	MISSING_DEATH_TIME	Dead	False			DEATH_WITHOUT_TIME	CONSISTENT	2	883	883	0		
SC003	6dd0dd7b-62ff-4fd1-a99a-b265f1a91dca	1		NO_DAYS_TO_DEATH	MISSING_DEATH_TIME	Dead	False			DEATH_WITHOUT_TIME	CONSISTENT	1	2192	2192	0		
SC003	6f18f96e-c0c9-4cc4-9fb2-cba8949d5402	0	0.0	MAX_DAYS_TO_LAST_FOLLOWUP	VALID_CENSORED_TIME	Alive	False		0.0	ZERO_OS_TIME	MISSING	0			3	0	0
SC003	70931617-b3df-4a12-8e3f-2b2307602f48	1		NO_DAYS_TO_DEATH	MISSING_DEATH_TIME	Dead	False			DEATH_WITHOUT_TIME	CONSISTENT	2	943	943	0		
SC003	71229981-97c2-4ae1-a130-fe5de336b37d	0	0.0	MAX_DAYS_TO_LAST_FOLLOWUP	VALID_CENSORED_TIME	Alive	False		0.0	ZERO_OS_TIME	MISSING	0			1	0	0
SC003	7317e605-93ba-49a9-8743-20613b02767a	1		NO_DAYS_TO_DEATH	MISSING_DEATH_TIME	Dead	False			DEATH_WITHOUT_TIME	CONSISTENT	2	879	879	0		
SC003	7588a286-6935-424a-bc5f-92e24c83eb37	1		NO_DAYS_TO_DEATH	MISSING_DEATH_TIME	Dead	False			DEATH_WITHOUT_TIME	CONSISTENT	2	2417	2417	0		
SC003	7b892055-c59d-4550-8688-ad039790af3d	1		NO_DAYS_TO_DEATH	MISSING_DEATH_TIME	Dead	False			DEATH_WITHOUT_TIME	CONSISTENT	1	1508	1508	0		
SC003	7dcf550c-90ce-4f63-aecd-0e46897e2a3e	1	0.0	FOLLOWUP_DAYS_TO_DEATH	VALID_DEATH_TIME	Alive|Dead	True	0	0.0	ZERO_OS_TIME	CONSISTENT	1	0.0	0.0	1	0.0	0.0
SC003	7eb18190-5a41-4637-9783-f81bbde499e4	1		NO_DAYS_TO_DEATH	MISSING_DEATH_TIME	Dead	False			DEATH_WITHOUT_TIME	CONSISTENT	1	1388	1388	0		
SC003	81e7a3d3-be70-4834-8018-4d2cc077a4e6	0	0.0	MAX_DAYS_TO_LAST_FOLLOWUP	VALID_CENSORED_TIME	Alive	False		0.0	ZERO_OS_TIME	MISSING	0			1	0	0
SC003	8218119a-f68b-4ea7-9ee4-5e2edc2ae342	1		NO_DAYS_TO_DEATH	MISSING_DEATH_TIME	Alive|Dead	True			DEATH_WITHOUT_TIME	MISSING	0			1	26.0	26.0
SC003	858652b8-c4c2-41d8-be32-fdc88e1a7bb0	1		NO_DAYS_TO_DEATH	MISSING_DEATH_TIME	Dead	False			DEATH_WITHOUT_TIME	CONSISTENT	1	2127	2127	0		
SC003	8bd68696-5eeb-46d7-9dc6-c39c849029a4	1		NO_DAYS_TO_DEATH	MISSING_DEATH_TIME	Dead	False			DEATH_WITHOUT_TIME	CONSISTENT	2	30	30	0		
SC003	9416ff9b-6f29-4554-b04d-b537a3ae3969	1		NO_DAYS_TO_DEATH	MISSING_DEATH_TIME	Dead	False			DEATH_WITHOUT_TIME	CONSISTENT	2	3063	3063	0		
SC003	991e1427-3c01-423d-abfd-4584302ca72c	1		NO_DAYS_TO_DEATH	MISSING_DEATH_TIME	Dead	False			DEATH_WITHOUT_TIME	CONSISTENT	2	1365	1365	0		
SC003	993103b1-e5a1-4c33-8629-be53ebc41d64	0	0.0	MAX_DAYS_TO_LAST_FOLLOWUP	VALID_CENSORED_TIME	Alive	False		0.0	ZERO_OS_TIME	MISSING	0			1	0	0
SC003	9ad603dc-3fd0-44f5-ae4e-64eeb1ae8d6d	1		NO_DAYS_TO_DEATH	MISSING_DEATH_TIME	Dead	False			DEATH_WITHOUT_TIME	CONSISTENT	2	2551	2551	0		
SC003	9d166970-07c8-4ca3-9cfa-ed0049df9ecc	1		NO_DAYS_TO_DEATH	MISSING_DEATH_TIME	Dead	False			DEATH_WITHOUT_TIME	CONSISTENT	1	1694	1694	0		
SC003	9d876f05-5080-4c4e-9bf5-45f631d381e5	0	0.0	MAX_DAYS_TO_LAST_FOLLOWUP	VALID_CENSORED_TIME	Alive	False		0.0	ZERO_OS_TIME	MISSING	0			1	0	0
SC003	9ddc3e7b-8b54-4a83-8335-8053940f56c1	1		NO_DAYS_TO_DEATH	MISSING_DEATH_TIME	Dead	False			DEATH_WITHOUT_TIME	CONSISTENT	1	811	811	0		
SC003	a1093598-d3a8-4ffe-83fc-bc7d1faff7e5	1		NO_DAYS_TO_DEATH	MISSING_DEATH_TIME	Dead	False			DEATH_WITHOUT_TIME	CONSISTENT	1	1286	1286	0		
SC003	a482fc4c-ff1d-46a0-a968-7df06422cc4b	1		NO_DAYS_TO_DEATH	MISSING_DEATH_TIME	Dead	False			DEATH_WITHOUT_TIME	CONSISTENT	2	639	639	0		
SC003	a5b44d66-c162-46b5-9df2-86305f0385c5	1		NO_DAYS_TO_DEATH	MISSING_DEATH_TIME	Dead	False			DEATH_WITHOUT_TIME	CONSISTENT	2	967	967	0		
SC003	a78b04b4-2380-4803-963e-e4e633cd69ab	1		NO_DAYS_TO_DEATH	MISSING_DEATH_TIME	Dead	False			DEATH_WITHOUT_TIME	CONSISTENT	2	1032	1032	0		
SC003	a8e7d8a4-bbf0-496b-b387-8e014cfdcea6	1		NO_DAYS_TO_DEATH	MISSING_DEATH_TIME	Dead	False			DEATH_WITHOUT_TIME	CONSISTENT	2	912	912	0		
SC003	ad01259b-d858-40bc-a6ba-0bb06e996afb	1		NO_DAYS_TO_DEATH	MISSING_DEATH_TIME	Dead	False			DEATH_WITHOUT_TIME	CONSISTENT	2	825	825	0		
SC003	ad18820b-a804-49c0-ba8a-86c09fa6bce2	1		NO_DAYS_TO_DEATH	MISSING_DEATH_TIME	Dead	False			DEATH_WITHOUT_TIME	CONSISTENT	1	2965	2965	0		
SC003	afb9418e-91eb-4db1-aacf-12bd946c9ba0	0	0.0	MAX_DAYS_TO_LAST_FOLLOWUP	VALID_CENSORED_TIME	Alive	False		0.0	ZERO_OS_TIME	MISSING	0			1	0	0
SC003	b3264748-947a-43aa-b227-b294fbcc8447	1		NO_DAYS_TO_DEATH	MISSING_DEATH_TIME	Dead	False			DEATH_WITHOUT_TIME	CONSISTENT	1	1174	1174	0		
SC003	b804f7ae-da8f-4414-be11-f880f1859160	1		NO_DAYS_TO_DEATH	MISSING_DEATH_TIME	Dead	False			DEATH_WITHOUT_TIME	CONSISTENT	2	0	0	0		
SC003	b8b6cebc-26dc-43ae-a94a-20da6018f7ae	0	0.0	MAX_DAYS_TO_LAST_FOLLOWUP	VALID_CENSORED_TIME	Alive	False		0.0	ZERO_OS_TIME	MISSING	0			1	0	0
SC003	b97bf89a-7a85-4eef-ae7e-f787aead1f0a	1		NO_DAYS_TO_DEATH	MISSING_DEATH_TIME	Dead	False			DEATH_WITHOUT_TIME	CONSISTENT	1	3472	3472	0		
SC003	bf3b1481-ae31-4406-b084-b6cc1d7163e3	1		NO_DAYS_TO_DEATH	MISSING_DEATH_TIME	Dead	False			DEATH_WITHOUT_TIME	CONSISTENT	1	1642	1642	0		
SC003	c348a9b3-c901-4384-a222-144387bac0c5	1		NO_DAYS_TO_DEATH	MISSING_DEATH_TIME	Dead	False			DEATH_WITHOUT_TIME	CONSISTENT	1	1688	1688	0		
SC003	cc074b7f-d3b2-4880-902e-bf10e667b665	1		NO_DAYS_TO_DEATH	MISSING_DEATH_TIME	Dead	False			DEATH_WITHOUT_TIME	CONSISTENT	1	612	612	0		
SC003	ccd4a24b-d8cc-4686-9dee-c98b0c5a8d21	1		NO_DAYS_TO_DEATH	MISSING_DEATH_TIME	Dead	False			DEATH_WITHOUT_TIME	CONSISTENT	4	548	548	0		
SC003	d0b78f3f-a198-437a-ab8c-204345d3b75d	1		NO_DAYS_TO_DEATH	MISSING_DEATH_TIME	Dead	False			DEATH_WITHOUT_TIME	CONSISTENT	2	172	172	0		
SC003	d1703dbd-5c93-4cf2-a4d1-0d90640882bd	1		NO_DAYS_TO_DEATH	MISSING_DEATH_TIME	Dead	False			DEATH_WITHOUT_TIME	CONSISTENT	2	160	160	0		
SC003	d3d545b3-457f-4389-821f-704cb24aff7f	1		NO_DAYS_TO_DEATH	MISSING_DEATH_TIME	Dead	False			DEATH_WITHOUT_TIME	CONSISTENT	2	2854	2854	0		
SC003	d4e7426c-9739-4585-9114-e564b13c7c02	1		NO_DAYS_TO_DEATH	MISSING_DEATH_TIME	Dead	False			DEATH_WITHOUT_TIME	CONSISTENT	1	577	577	0		
SC003	d7cac141-9269-4733-83ce-e1bc0b503254	0	0.0	MAX_DAYS_TO_LAST_FOLLOWUP	VALID_CENSORED_TIME	Alive	False		0.0	ZERO_OS_TIME	MISSING	0			1	0	0
SC003	da1c58a7-c6bd-47d9-95c2-8d2ac70e20e4	1		NO_DAYS_TO_DEATH	MISSING_DEATH_TIME	Dead	False			DEATH_WITHOUT_TIME	CONSISTENT	2	1699	1699	0		
SC003	db4bc6aa-2e7d-4bcb-8519-a455f624d33b	1		NO_DAYS_TO_DEATH	MISSING_DEATH_TIME	Dead	False			DEATH_WITHOUT_TIME	CONSISTENT	1	1692	1692	0		
SC003	db8d38ab-cc61-49ee-863d-40060112f2af	0	0.0	MAX_DAYS_TO_LAST_FOLLOWUP	VALID_CENSORED_TIME	Alive	False		0.0	ZERO_OS_TIME	MISSING	0			1	0	0
SC003	ddcbdac6-9e43-4146-a611-d033125eba14	1		NO_DAYS_TO_DEATH	MISSING_DEATH_TIME	Dead	False			DEATH_WITHOUT_TIME	CONSISTENT	1	1759	1759	0		
SC003	e663954c-05a8-479a-a623-400c1eb5efc6	1		NO_DAYS_TO_DEATH	MISSING_DEATH_TIME	Dead	False			DEATH_WITHOUT_TIME	CONSISTENT	1	2712	2712	0		
SC003	eb2dbb4f-66b6-4525-8323-431970f7a64e	1		NO_DAYS_TO_DEATH	MISSING_DEATH_TIME	Dead	False			DEATH_WITHOUT_TIME	CONSISTENT	2	754	754	0		
SC003	eda6d2d5-4199-4f76-a45b-1d0401b4e54c	1		NO_DAYS_TO_DEATH	MISSING_DEATH_TIME	Dead	False			DEATH_WITHOUT_TIME	CONSISTENT	3	524	524	0		
SC003	ee554215-bea2-4268-aaf9-784e68cdb969	1		NO_DAYS_TO_DEATH	MISSING_DEATH_TIME	Dead	False			DEATH_WITHOUT_TIME	CONSISTENT	1	1	1	0		
SC003	f02931f8-d72a-481d-b532-8b141dab115f	1		NO_DAYS_TO_DEATH	MISSING_DEATH_TIME	Dead	False			DEATH_WITHOUT_TIME	CONSISTENT	2	558	558	0		
SC003	f475d460-75cd-4fe9-aa54-c90be12b4ef8	1		NO_DAYS_TO_DEATH	MISSING_DEATH_TIME	Dead	False			DEATH_WITHOUT_TIME	CONSISTENT	2	3461	3461	0		
SC003	f63722c1-a0bb-4bf9-8a10-1d76a8e1a0ba	1		NO_DAYS_TO_DEATH	MISSING_DEATH_TIME	Dead	False			DEATH_WITHOUT_TIME	CONSISTENT	1	2207	2207	0		
SC003	f6e1ec78-5ad9-4879-9b7e-262d17b166ad	1		NO_DAYS_TO_DEATH	MISSING_DEATH_TIME	Dead	False			DEATH_WITHOUT_TIME	CONSISTENT	1	1142	1142	0		
SC004	005a6517-2e5a-4ea3-ab36-531522723607	1		NO_DAYS_TO_DEATH	MISSING_DEATH_TIME	Dead	False			DEATH_WITHOUT_TIME	CONSISTENT	2	74	74	2	74	74
SC004	01ea6354-137b-47f3-9021-a01a382b1147	1		NO_DAYS_TO_DEATH	MISSING_DEATH_TIME	Dead	False			DEATH_WITHOUT_TIME	CONSISTENT	2	1199	1199	2	1190	1190
SC004	05019013-7ea5-4905-ac79-901146ba2ee2	1		NO_DAYS_TO_DEATH	MISSING_DEATH_TIME	Dead	False			DEATH_WITHOUT_TIME	CONSISTENT	2	2400	2400	2	2400	2400
SC004	05ba5839-e00a-4a9e-8ba3-ecb490781e62	1		NO_DAYS_TO_DEATH	MISSING_DEATH_TIME	Dead	False			DEATH_WITHOUT_TIME	CONSISTENT	2	23	23	2	23	23
SC004	062982f8-9f49-425a-99e9-008af5ed9040	1		NO_DAYS_TO_DEATH	MISSING_DEATH_TIME	Dead	False			DEATH_WITHOUT_TIME	CONSISTENT	2	857	857	2	857	857
SC004	0724f800-e873-45d0-bc56-809d0ec4f6e9	1		NO_DAYS_TO_DEATH	MISSING_DEATH_TIME	Dead	False			DEATH_WITHOUT_TIME	CONSISTENT	1	1058	1058	1	1058	1058
SC004	077079c3-6877-467b-b9cc-5c650aae4f07	1		NO_DAYS_TO_DEATH	MISSING_DEATH_TIME	Dead	False			DEATH_WITHOUT_TIME	CONSISTENT	2	730	730	2	549	549
SC004	08c64000-d320-4e4d-974b-da503d48890c	1		NO_DAYS_TO_DEATH	MISSING_DEATH_TIME	Dead	False			DEATH_WITHOUT_TIME	CONSISTENT	2	1767	1767	2	1767	1767
SC004	09820a33-80b1-42d0-8366-a0ddaf94b122	1		NO_DAYS_TO_DEATH	MISSING_DEATH_TIME	Dead	False			DEATH_WITHOUT_TIME	CONSISTENT	2	1158	1158	2	1158	1158
SC004	0a2d29de-869a-4dc8-ad11-6ee0d0a3a895	1		NO_DAYS_TO_DEATH	MISSING_DEATH_TIME	Dead	False			DEATH_WITHOUT_TIME	CONSISTENT	2	1484	1484	2	1484	1484
SC004	0a48873a-092a-4b25-822b-b0b3c18c08a8	1		NO_DAYS_TO_DEATH	MISSING_DEATH_TIME	Dead	False			DEATH_WITHOUT_TIME	CONSISTENT	2	1769	1769	2	1769	1769
SC004	0b2ea4b7-98bb-4190-b682-2c75b447c90a	1		NO_DAYS_TO_DEATH	MISSING_DEATH_TIME	Dead	False			DEATH_WITHOUT_TIME	CONSISTENT	2	1004	1004	2	974	974
SC004	0c1a2e7d-e7e4-481e-a012-ef214c444497	1		NO_DAYS_TO_DEATH	MISSING_DEATH_TIME	Dead	False			DEATH_WITHOUT_TIME	CONSISTENT	2	2561	2561	0		
SC004	0e1598d8-cbe5-4113-95f1-4bcda061239b	1		NO_DAYS_TO_DEATH	MISSING_DEATH_TIME	Dead	False			DEATH_WITHOUT_TIME	CONSISTENT	2	728	728	2	568	568
SC004	12581634-eebb-4841-8498-71dc9d78c546	1		NO_DAYS_TO_DEATH	MISSING_DEATH_TIME	Dead	False			DEATH_WITHOUT_TIME	CONSISTENT	2	695	695	2	695	695
SC004	13319c20-02f6-4b5f-b24f-3d8f4084094c	1		NO_DAYS_TO_DEATH	MISSING_DEATH_TIME	Dead	False			DEATH_WITHOUT_TIME	CONSISTENT	2	1064	1064	2	1064	1064
SC004	13f5814c-1f99-4ffa-84a4-3bbd8979faae	1		NO_DAYS_TO_DEATH	MISSING_DEATH_TIME	Dead	False			DEATH_WITHOUT_TIME	CONSISTENT	2	1662	1662	2	1662	1662
SC004	14c58def-60ee-48e0-a74b-da4eb77ef344	1		NO_DAYS_TO_DEATH	MISSING_DEATH_TIME	Dead	False			DEATH_WITHOUT_TIME	CONSISTENT	2	2028	2028	2	2028	2028
SC004	15170c7f-5880-4fb6-82ce-68d3df0dfb68	1		NO_DAYS_TO_DEATH	MISSING_DEATH_TIME	Dead	False			DEATH_WITHOUT_TIME	CONSISTENT	2	1319	1319	2	1319	1319
SC004	15f1a992-0724-4d76-a71a-702ac7753a41	1		NO_DAYS_TO_DEATH	MISSING_DEATH_TIME	Dead	False			DEATH_WITHOUT_TIME	CONSISTENT	2	455	455	2	455	455
SC004	16ced1b8-64d5-4498-82df-4d37bfe5b310	1		NO_DAYS_TO_DEATH	MISSING_DEATH_TIME	Dead	False			DEATH_WITHOUT_TIME	CONSISTENT	2	1024	1024	2	1024	1024
SC004	17181157-c9e2-4bd6-8653-f5dce56f9053	1		NO_DAYS_TO_DEATH	MISSING_DEATH_TIME	Dead	False			DEATH_WITHOUT_TIME	CONSISTENT	2	1354	1354	2	1354	1354
SC004	171f7917-69eb-4a3f-9cc0-0e1dffd412c1	1		NO_DAYS_TO_DEATH	MISSING_DEATH_TIME	Dead	False			DEATH_WITHOUT_TIME	CONSISTENT	2	2218	2218	2	2218	2218
SC004	184aac07-44c1-47f1-8adf-50acbcc1762c	1		NO_DAYS_TO_DEATH	MISSING_DEATH_TIME	Dead	False			DEATH_WITHOUT_TIME	CONSISTENT	2	138	138	0		
SC004	1858b58f-fdf4-413c-9c29-96ae85b88a74	1		NO_DAYS_TO_DEATH	MISSING_DEATH_TIME	Dead	False			DEATH_WITHOUT_TIME	CONSISTENT	2	1249	1249	2	1249	1249
SC004	19427350-619b-4b9c-a3ba-37f667bb2843	1		NO_DAYS_TO_DEATH	MISSING_DEATH_TIME	Dead	False			DEATH_WITHOUT_TIME	CONSISTENT	2	2742	2742	2	2742	2742
SC004	1aea3c25-d2bc-4ff5-bc27-32e939944e9d	1		NO_DAYS_TO_DEATH	MISSING_DEATH_TIME	Dead	False			DEATH_WITHOUT_TIME	CONSISTENT	2	1104	1104	2	1053	1053
SC004	1d0225b5-f515-4197-bba7-3dc17e502b88	1		NO_DAYS_TO_DEATH	MISSING_DEATH_TIME	Dead	False			DEATH_WITHOUT_TIME	CONSISTENT	2	11	11	2	11	11
SC004	1d192835-524e-429d-bf74-3c4727acb446	1		NO_DAYS_TO_DEATH	MISSING_DEATH_TIME	Dead	False			DEATH_WITHOUT_TIME	CONSISTENT	2	1348	1348	0		
SC004	1d9893c8-0de3-4b07-b0ba-a53019b23eb4	1		NO_DAYS_TO_DEATH	MISSING_DEATH_TIME	Dead	False			DEATH_WITHOUT_TIME	CONSISTENT	2	1082	1082	0		
SC004	1db60f09-7f5a-4f21-8003-06a6abc781db	1		NO_DAYS_TO_DEATH	MISSING_DEATH_TIME	Dead	False			DEATH_WITHOUT_TIME	CONSISTENT	2	1187	1187	0		
SC004	1e14f098-17b2-4f54-8e4f-e38088008df7	1		NO_DAYS_TO_DEATH	MISSING_DEATH_TIME	Dead	False			DEATH_WITHOUT_TIME	CONSISTENT	2	189	189	2	189	189
SC004	20336269-5a5b-4ba7-8fe8-665a1f9af738	1		NO_DAYS_TO_DEATH	MISSING_DEATH_TIME	Dead	False			DEATH_WITHOUT_TIME	CONSISTENT	2	1891	1891	2	1843	1843
SC004	206ce0ed-36a4-47ab-ac8e-f6fca6ac5c18	1		NO_DAYS_TO_DEATH	MISSING_DEATH_TIME	Dead	False			DEATH_WITHOUT_TIME	CONSISTENT	2	679	679	2	679	679
SC004	219f54ef-4235-482d-b799-f2fa9930105c	1		NO_DAYS_TO_DEATH	MISSING_DEATH_TIME	Dead	False			DEATH_WITHOUT_TIME	CONSISTENT	2	3337	3337	2	3337	3337
SC004	21f6bf91-dfc6-4a59-8b76-88a0f95c7b47	1		NO_DAYS_TO_DEATH	MISSING_DEATH_TIME	Dead	False			DEATH_WITHOUT_TIME	CONSISTENT	2	820	820	2	820	820
SC004	22178c3c-6b04-46d8-8041-dc83fa195029	1		NO_DAYS_TO_DEATH	MISSING_DEATH_TIME	Dead	False			DEATH_WITHOUT_TIME	CONSISTENT	2	883	883	2	883	883
SC004	23771dab-2aab-4d2b-95e2-9af7092cee6b	1		NO_DAYS_TO_DEATH	MISSING_DEATH_TIME	Dead	False			DEATH_WITHOUT_TIME	CONSISTENT	2	1757	1757	0		
SC004	2517ca7a-6057-4c19-b7e1-f6d078e9881a	1		NO_DAYS_TO_DEATH	MISSING_DEATH_TIME	Dead	False			DEATH_WITHOUT_TIME	CONSISTENT	2	1059	1059	2	1059	1059
SC004	26558703-a659-43f2-86cb-0695989bc14e	1		NO_DAYS_TO_DEATH	MISSING_DEATH_TIME	Dead	False			DEATH_WITHOUT_TIME	CONSISTENT	2	919	919	2	919	919
SC004	28ed2d42-5b4c-4bca-b2b2-6b2a6d3c42cf	1		NO_DAYS_TO_DEATH	MISSING_DEATH_TIME	Dead	False			DEATH_WITHOUT_TIME	CONSISTENT	2	25	25	2	25	25
SC004	29d26e7e-f4ae-4476-9a3f-27d5ec2ccb8a	1		NO_DAYS_TO_DEATH	MISSING_DEATH_TIME	Dead	False			DEATH_WITHOUT_TIME	CONSISTENT	2	563	563	2	563	563
SC004	2b14123b-8fcd-402c-9399-4e7c47f20252	1		NO_DAYS_TO_DEATH	MISSING_DEATH_TIME	Dead	False			DEATH_WITHOUT_TIME	CONSISTENT	2	1102	1102	2	1102	1102
SC004	2cb50c2d-e749-4172-b101-d975507435c5	1		NO_DAYS_TO_DEATH	MISSING_DEATH_TIME	Dead	False			DEATH_WITHOUT_TIME	CONSISTENT	2	524	524	2	524	524
SC004	2cb82948-7cbe-4b6c-8414-c02f662de2d0	1		NO_DAYS_TO_DEATH	MISSING_DEATH_TIME	Dead	False			DEATH_WITHOUT_TIME	CONSISTENT	2	1516	1516	0		
SC004	2ebb738c-4829-4720-931a-96c0fd117e2a	1		NO_DAYS_TO_DEATH	MISSING_DEATH_TIME	Dead	False			DEATH_WITHOUT_TIME	CONSISTENT	2	542	542	0		
SC004	2ee36d9d-128b-4761-aa1a-a637da106f3d	1		NO_DAYS_TO_DEATH	MISSING_DEATH_TIME	Dead	False			DEATH_WITHOUT_TIME	CONSISTENT	2	395	395	2	365	365
SC004	3018efe7-13a1-47ae-a726-8fc967c73841	1		NO_DAYS_TO_DEATH	MISSING_DEATH_TIME	Dead	False			DEATH_WITHOUT_TIME	CONSISTENT	2	863	863	2	863	863
SC004	32960bc7-839a-42c5-9460-3917fa578ffc	1		NO_DAYS_TO_DEATH	MISSING_DEATH_TIME	Dead	False			DEATH_WITHOUT_TIME	CONSISTENT	2	949	949	2	946	946
SC004	33d36b64-4688-40a7-9a4f-7cd3d4cc683d	1		NO_DAYS_TO_DEATH	MISSING_DEATH_TIME	Dead	False			DEATH_WITHOUT_TIME	CONSISTENT	2	1229	1229	1	24.0	24.0
SC004	34f285ab-6c31-4865-a0a7-a57af3567df0	1		NO_DAYS_TO_DEATH	MISSING_DEATH_TIME	Dead	False			DEATH_WITHOUT_TIME	CONSISTENT	2	701	701	0		
SC004	34f545ab-d420-4dd2-8db4-3159896efd23	1		NO_DAYS_TO_DEATH	MISSING_DEATH_TIME	Dead	False			DEATH_WITHOUT_TIME	CONSISTENT	2	3224	3224	2	3224	3224
SC004	374ea8df-ecc4-44b0-b519-33efa5078018	1		NO_DAYS_TO_DEATH	MISSING_DEATH_TIME	Dead	False			DEATH_WITHOUT_TIME	CONSISTENT	2	528	528	2	517	517
SC004	3768d34f-1527-40db-b116-cd80cee5ec3a	1		NO_DAYS_TO_DEATH	MISSING_DEATH_TIME	Dead	False			DEATH_WITHOUT_TIME	CONSISTENT	2	1069	1069	0		
SC004	3b81ec7c-0934-4649-9231-9919dd26dd15	1		NO_DAYS_TO_DEATH	MISSING_DEATH_TIME	Dead	False			DEATH_WITHOUT_TIME	CONSISTENT	2	1721	1721	2	1721	1721
SC004	3bc8a74f-49bd-46b6-a3a4-68ca838e83c6	1		NO_DAYS_TO_DEATH	MISSING_DEATH_TIME	Dead	False			DEATH_WITHOUT_TIME	CONSISTENT	2	90	90	2	90	90
SC004	3f917550-89a6-404b-94df-938c99121411	1		NO_DAYS_TO_DEATH	MISSING_DEATH_TIME	Dead	False			DEATH_WITHOUT_TIME	CONSISTENT	2	627	627	2	627	627
SC004	41178cbc-db73-4007-b5d8-febebf7f578d	1		NO_DAYS_TO_DEATH	MISSING_DEATH_TIME	Dead	False			DEATH_WITHOUT_TIME	CONSISTENT	2	2342	2342	0		
SC004	4160e048-f0b0-40f5-805b-e277a5893a3b	1		NO_DAYS_TO_DEATH	MISSING_DEATH_TIME	Dead	False			DEATH_WITHOUT_TIME	CONSISTENT	2	379	379	2	379	379
SC004	4261267c-7042-4c6e-83ed-12fb401003fc	1		NO_DAYS_TO_DEATH	MISSING_DEATH_TIME	Dead	False			DEATH_WITHOUT_TIME	CONSISTENT	2	951	951	2	889	889
SC004	42b3dfa3-152f-4ab7-ac9f-988c7f473bea	1		NO_DAYS_TO_DEATH	MISSING_DEATH_TIME	Dead	False			DEATH_WITHOUT_TIME	CONSISTENT	2	3622	3622	0		
SC004	42ebd30b-175e-4ece-a806-e55cb7e40e96	1		NO_DAYS_TO_DEATH	MISSING_DEATH_TIME	Dead	False			DEATH_WITHOUT_TIME	CONSISTENT	2	949	949	2	949	949
SC004	446ce2a3-d328-443c-a419-3344baad0e16	1		NO_DAYS_TO_DEATH	MISSING_DEATH_TIME	Dead	False			DEATH_WITHOUT_TIME	CONSISTENT	2	377	377	2	377	377
SC004	45baebac-32ae-4093-9eba-488b95c1a58d	1		NO_DAYS_TO_DEATH	MISSING_DEATH_TIME	Dead	False			DEATH_WITHOUT_TIME	CONSISTENT	2	8	8	2	8	8
SC004	46395c3d-5e51-477f-946e-e58b87cc7baa	1		NO_DAYS_TO_DEATH	MISSING_DEATH_TIME	Dead	False			DEATH_WITHOUT_TIME	CONSISTENT	2	1155	1155	2	1124	1124
SC004	499a9b57-ee1a-4012-bbab-c6ad955b5e0a	1		NO_DAYS_TO_DEATH	MISSING_DEATH_TIME	Dead	False			DEATH_WITHOUT_TIME	CONSISTENT	2	1579	1579	2	1579	1579
SC004	49bfd0fe-48ce-49db-9f76-ce2310410950	1		NO_DAYS_TO_DEATH	MISSING_DEATH_TIME	Dead	False			DEATH_WITHOUT_TIME	CONSISTENT	2	629	629	2	629	629
SC004	49d2c0cf-a3f3-4519-a755-0a5f769df2ea	1		NO_DAYS_TO_DEATH	MISSING_DEATH_TIME	Dead	False			DEATH_WITHOUT_TIME	CONSISTENT	2	1324	1324	2	1324	1324
SC004	4a2ca7b8-729d-4fab-a6f3-a5d1e5d1f4f3	1		NO_DAYS_TO_DEATH	MISSING_DEATH_TIME	Dead	False			DEATH_WITHOUT_TIME	CONSISTENT	2	914	914	2	914	914
SC004	4c099644-047c-42a3-8187-bfcbfe6662e4	1		NO_DAYS_TO_DEATH	MISSING_DEATH_TIME	Dead	False			DEATH_WITHOUT_TIME	CONSISTENT	2	365	365	2	365	365
SC004	4c18d9cf-4af4-4a86-8b1c-f78795fbbd7e	1		NO_DAYS_TO_DEATH	MISSING_DEATH_TIME	Dead	False			DEATH_WITHOUT_TIME	CONSISTENT	2	1384	1384	2	1384	1384
SC004	512de609-757b-42be-8b30-c414f71af422	1		NO_DAYS_TO_DEATH	MISSING_DEATH_TIME	Dead	False			DEATH_WITHOUT_TIME	CONSISTENT	2	36	36	0		
SC004	52386f66-2877-4c75-894e-5c1dc03e6ef4	1		NO_DAYS_TO_DEATH	MISSING_DEATH_TIME	Dead	False			DEATH_WITHOUT_TIME	CONSISTENT	2	1451	1451	2	1451	1451
SC004	533f5ff9-466c-4cdb-9c46-b841c2626775	1		NO_DAYS_TO_DEATH	MISSING_DEATH_TIME	Dead	False			DEATH_WITHOUT_TIME	CONSISTENT	2	737	737	2	737	737
SC004	5495b18a-10ec-427b-83b8-03ef4b587b13	1		NO_DAYS_TO_DEATH	MISSING_DEATH_TIME	Dead	False			DEATH_WITHOUT_TIME	CONSISTENT	2	2634	2634	2	2606	2606
SC004	5503b3a1-7d03-41b2-9ec8-e478c5414d67	1		NO_DAYS_TO_DEATH	MISSING_DEATH_TIME	Dead	False			DEATH_WITHOUT_TIME	CONSISTENT	2	568	568	2	568	568
SC004	55153632-1673-487a-85c0-f156377db1fc	1		NO_DAYS_TO_DEATH	MISSING_DEATH_TIME	Dead	False			DEATH_WITHOUT_TIME	CONSISTENT	2	1102	1102	0		
SC004	58427bce-6b81-4083-aeda-25f59e292bbc	1		NO_DAYS_TO_DEATH	MISSING_DEATH_TIME	Dead	False			DEATH_WITHOUT_TIME	CONSISTENT	2	1279	1279	2	1126	1126
SC004	58f5a54e-de50-4cca-afa1-cc331d8b3479	1		NO_DAYS_TO_DEATH	MISSING_DEATH_TIME	Dead	False			DEATH_WITHOUT_TIME	CONSISTENT	2	186	186	2	186	186
SC004	5c127332-5ca0-45f1-a5ac-4876ad94e491	1		NO_DAYS_TO_DEATH	MISSING_DEATH_TIME	Dead	False			DEATH_WITHOUT_TIME	CONSISTENT	2	1278	1278	2	1278	1278
SC004	5c159ab5-8475-4d93-89b8-b6befed4a5b3	1		NO_DAYS_TO_DEATH	MISSING_DEATH_TIME	Dead	False			DEATH_WITHOUT_TIME	CONSISTENT	2	2097	2097	2	2097	2097
SC004	5d1a54fe-e0df-4c17-b623-b649a136dc82	1		NO_DAYS_TO_DEATH	MISSING_DEATH_TIME	Dead	False			DEATH_WITHOUT_TIME	CONSISTENT	2	1688	1688	0		
SC004	5d36676e-4140-44b5-aa0e-b2af092b7dc0	1		NO_DAYS_TO_DEATH	MISSING_DEATH_TIME	Dead	False			DEATH_WITHOUT_TIME	CONSISTENT	2	2692	2692	2	2692	2692
SC004	5d603bba-62e6-48fb-b8fc-401109abcaee	1		NO_DAYS_TO_DEATH	MISSING_DEATH_TIME	Dead	False			DEATH_WITHOUT_TIME	CONSISTENT	2	1103	1103	2	1103	1103
SC004	5d7027f5-60a0-47ab-a79d-667c9acc0e54	1		NO_DAYS_TO_DEATH	MISSING_DEATH_TIME	Dead	False			DEATH_WITHOUT_TIME	CONSISTENT	2	1163	1163	2	1163	1163
SC004	60cce7ac-d27d-44a6-9873-ecf91da5e906	1		NO_DAYS_TO_DEATH	MISSING_DEATH_TIME	Dead	False			DEATH_WITHOUT_TIME	CONSISTENT	2	1018	1018	0		
SC004	611600a6-43ec-4029-9682-cd6d6a3312ec	1		NO_DAYS_TO_DEATH	MISSING_DEATH_TIME	Dead	False			DEATH_WITHOUT_TIME	CONSISTENT	2	895	895	2	895	895
SC004	6209e80d-a115-4f8e-bf0d-18461401a1c6	1		NO_DAYS_TO_DEATH	MISSING_DEATH_TIME	Dead	False			DEATH_WITHOUT_TIME	CONSISTENT	2	949	949	0		
SC004	62379be5-13f0-474b-94d3-6f944ec4ee96	1		NO_DAYS_TO_DEATH	MISSING_DEATH_TIME	Dead	False			DEATH_WITHOUT_TIME	CONSISTENT	2	1259	1259	2	1259	1259
SC004	6264e699-d40b-4ebc-b443-0a0edcb220dc	1		NO_DAYS_TO_DEATH	MISSING_DEATH_TIME	Dead	False			DEATH_WITHOUT_TIME	CONSISTENT	2	92	92	2	92	92
SC004	635f5335-b008-428e-b005-615776a6643f	1		NO_DAYS_TO_DEATH	MISSING_DEATH_TIME	Dead	False			DEATH_WITHOUT_TIME	CONSISTENT	2	1583	1583	2	1553	1553
SC004	63a75e0b-9241-4f0e-9236-01a2e2c05b7e	1		NO_DAYS_TO_DEATH	MISSING_DEATH_TIME	Dead	False			DEATH_WITHOUT_TIME	CONSISTENT	2	3260	3260	2	3260	3260
SC004	644a88a7-dc56-468a-af5c-60278aab7642	1		NO_DAYS_TO_DEATH	MISSING_DEATH_TIME	Dead	False			DEATH_WITHOUT_TIME	CONSISTENT	2	304	304	0		
SC004	65435f50-a35d-49e3-a36e-b95d9e274ca0	1		NO_DAYS_TO_DEATH	MISSING_DEATH_TIME	Dead	False			DEATH_WITHOUT_TIME	CONSISTENT	2	2688	2688	2	2688	2688
SC004	65ddccd2-70a7-48b3-88e1-9d6fd1dcd11b	1		NO_DAYS_TO_DEATH	MISSING_DEATH_TIME	Dead	False			DEATH_WITHOUT_TIME	CONSISTENT	2	204	204	2	119	119
SC004	662d77d1-1a43-427a-813b-e11edd30868e	1		NO_DAYS_TO_DEATH	MISSING_DEATH_TIME	Dead	False			DEATH_WITHOUT_TIME	CONSISTENT	2	518	518	2	481	481
SC004	66c92b9e-de3c-4d1a-bb69-46ffbc6caf33	1		NO_DAYS_TO_DEATH	MISSING_DEATH_TIME	Dead	False			DEATH_WITHOUT_TIME	CONSISTENT	2	493	493	2	493	493
SC004	66face4a-f35c-4364-90e5-8f28e6372606	1		NO_DAYS_TO_DEATH	MISSING_DEATH_TIME	Dead	False			DEATH_WITHOUT_TIME	CONSISTENT	2	31	31	2	31	31
SC004	6746533a-8d0b-4ebc-87ec-49c8738121a8	1		NO_DAYS_TO_DEATH	MISSING_DEATH_TIME	Dead	False			DEATH_WITHOUT_TIME	CONSISTENT	2	887	887	0		
SC004	6a1be87b-c4e0-4fd4-b050-50a245b22038	1		NO_DAYS_TO_DEATH	MISSING_DEATH_TIME	Dead	False			DEATH_WITHOUT_TIME	CONSISTENT	2	9	9	2	9	9
SC004	6ad8bc89-d8e9-48c2-bc25-c8e51f972b4d	1		NO_DAYS_TO_DEATH	MISSING_DEATH_TIME	Dead	False			DEATH_WITHOUT_TIME	CONSISTENT	2	1033	1033	2	1033	1033
SC004	6b06281b-d3a9-440e-a86c-ee7db003352a	1		NO_DAYS_TO_DEATH	MISSING_DEATH_TIME	Dead	False			DEATH_WITHOUT_TIME	CONSISTENT	2	1448	1448	2	1360	1360
SC004	6d10d4ee-6331-4bba-93bc-a7b64cc0b22a	1		NO_DAYS_TO_DEATH	MISSING_DEATH_TIME	Dead	False			DEATH_WITHOUT_TIME	CONSISTENT	2	1336	1336	2	1224	1224
SC004	6e84e89d-4f35-43b8-b47d-b1343b8c1ab9	1		NO_DAYS_TO_DEATH	MISSING_DEATH_TIME	Dead	False			DEATH_WITHOUT_TIME	CONSISTENT	2	260	260	2	260	260
SC004	708eec28-2348-4e15-b98c-8c6f9d057b1e	1		NO_DAYS_TO_DEATH	MISSING_DEATH_TIME	Dead	False			DEATH_WITHOUT_TIME	CONSISTENT	2	65	65	0		
SC004	71faa2c1-0d5b-4dcc-bdf9-f2405f29907c	1		NO_DAYS_TO_DEATH	MISSING_DEATH_TIME	Dead	False			DEATH_WITHOUT_TIME	CONSISTENT	2	676	676	2	676	676
SC004	72c40fba-f502-489b-ad87-843f52655894	1		NO_DAYS_TO_DEATH	MISSING_DEATH_TIME	Dead	False			DEATH_WITHOUT_TIME	CONSISTENT	2	1089	1089	2	1089	1089
SC004	7413c891-f74e-456f-bc70-69c83fb53c70	1		NO_DAYS_TO_DEATH	MISSING_DEATH_TIME	Dead	False			DEATH_WITHOUT_TIME	CONSISTENT	2	31	31	2	31	31
SC004	758e6b52-062e-4ca0-84d1-ea38477414ac	1		NO_DAYS_TO_DEATH	MISSING_DEATH_TIME	Dead	False			DEATH_WITHOUT_TIME	CONSISTENT	1	286	286	0		
SC004	7592a659-7175-486f-a16e-24a4b4365a36	1		NO_DAYS_TO_DEATH	MISSING_DEATH_TIME	Dead	False			DEATH_WITHOUT_TIME	CONSISTENT	2	2148	2148	2	2148	2148
SC004	778ce436-a825-4689-81c1-b7c965404163	1		NO_DAYS_TO_DEATH	MISSING_DEATH_TIME	Dead	False			DEATH_WITHOUT_TIME	CONSISTENT	2	1875	1875	0		
SC004	78777a80-cc6c-46c9-a14a-837ac7943719	1		NO_DAYS_TO_DEATH	MISSING_DEATH_TIME	Dead	False			DEATH_WITHOUT_TIME	CONSISTENT	2	61	61	0		
SC004	7a08efd0-f984-430e-a8eb-1881047214b6	1		NO_DAYS_TO_DEATH	MISSING_DEATH_TIME	Dead	False			DEATH_WITHOUT_TIME	CONSISTENT	2	197	197	2	197	197
SC004	7c466a5f-a6b4-4d1a-a0f5-ddcd7ef90ff1	1		NO_DAYS_TO_DEATH	MISSING_DEATH_TIME	Dead	False			DEATH_WITHOUT_TIME	CONSISTENT	2	1562	1562	2	1562	1562
SC004	7d1e9451-7a6a-4086-af7f-3ed57505daf0	1		NO_DAYS_TO_DEATH	MISSING_DEATH_TIME	Dead	False			DEATH_WITHOUT_TIME	CONSISTENT	2	75	75	2	75	75
SC004	7e34d3c1-1fab-4326-9a69-4260d2bac558	1		NO_DAYS_TO_DEATH	MISSING_DEATH_TIME	Dead	False			DEATH_WITHOUT_TIME	CONSISTENT	2	1073	1073	2	1073	1073
SC004	7e4e7914-ec23-4c55-98d6-3c5eecffa8e4	1		NO_DAYS_TO_DEATH	MISSING_DEATH_TIME	Dead	False			DEATH_WITHOUT_TIME	CONSISTENT	2	1620	1620	2	1620	1620
SC004	7ebc776e-bde1-4563-adb1-8bd441872733	1		NO_DAYS_TO_DEATH	MISSING_DEATH_TIME	Dead	False			DEATH_WITHOUT_TIME	CONSISTENT	1	624	624	0		
SC004	808eb134-9c7d-43bb-b86c-2f3259193954	1		NO_DAYS_TO_DEATH	MISSING_DEATH_TIME	Dead	False			DEATH_WITHOUT_TIME	CONSISTENT	2	565	565	2	565	565
SC004	80f85c54-e12f-4afa-8fa5-5f3e083b6f95	1		NO_DAYS_TO_DEATH	MISSING_DEATH_TIME	Dead	False			DEATH_WITHOUT_TIME	CONSISTENT	2	1024	1024	0		
SC004	818dc159-aba4-46bc-a4ed-68ee0f8c4461	1		NO_DAYS_TO_DEATH	MISSING_DEATH_TIME	Dead	False			DEATH_WITHOUT_TIME	CONSISTENT	2	396	396	2	396	396
SC004	838693d5-1ae0-4d75-834b-e1b89b96b0ed	1		NO_DAYS_TO_DEATH	MISSING_DEATH_TIME	Dead	False			DEATH_WITHOUT_TIME	CONSISTENT	2	952	952	2	950	950
SC004	8449955f-42d9-46f6-919a-5cc5d59e6284	1		NO_DAYS_TO_DEATH	MISSING_DEATH_TIME	Dead	False			DEATH_WITHOUT_TIME	CONSISTENT	2	690	690	2	690	690
SC004	8628f1b2-3763-4ba9-a375-083874bb18f2	1		NO_DAYS_TO_DEATH	MISSING_DEATH_TIME	Dead	False			DEATH_WITHOUT_TIME	CONSISTENT	1	24	24	0		
SC004	8652ddee-98f4-4584-b450-e6f2f5c9d7ec	1		NO_DAYS_TO_DEATH	MISSING_DEATH_TIME	Dead	False			DEATH_WITHOUT_TIME	CONSISTENT	2	1499	1499	0		
SC004	867f9563-16c9-45a8-b519-6df61ba1b6b7	1		NO_DAYS_TO_DEATH	MISSING_DEATH_TIME	Dead	False			DEATH_WITHOUT_TIME	CONSISTENT	2	2717	2717	0		
SC004	86b513ba-df09-485d-92d4-fb9e888f7350	1		NO_DAYS_TO_DEATH	MISSING_DEATH_TIME	Dead	False			DEATH_WITHOUT_TIME	CONSISTENT	2	515	515	2	514	514
SC004	872d2922-7292-4681-adb7-d3b267eccbe7	1		NO_DAYS_TO_DEATH	MISSING_DEATH_TIME	Dead	False			DEATH_WITHOUT_TIME	CONSISTENT	2	562	562	2	562	562
SC004	88180134-710f-46ea-9b06-5e5d860d6d9f	1		NO_DAYS_TO_DEATH	MISSING_DEATH_TIME	Dead	False			DEATH_WITHOUT_TIME	CONSISTENT	2	1354	1354	2	1354	1354
SC004	88d61634-913c-435a-8d25-e019c8dab7da	1		NO_DAYS_TO_DEATH	MISSING_DEATH_TIME	Dead	False			DEATH_WITHOUT_TIME	CONSISTENT	2	840	840	2	548	548
SC004	8a98a6e6-b763-4824-858b-fd2738e6c9a3	1		NO_DAYS_TO_DEATH	MISSING_DEATH_TIME	Dead	False			DEATH_WITHOUT_TIME	CONSISTENT	2	1032	1032	2	1025	1025
SC004	914d8613-3c25-4a10-be50-28b42f4d3a5d	1		NO_DAYS_TO_DEATH	MISSING_DEATH_TIME	Dead	False			DEATH_WITHOUT_TIME	CONSISTENT	2	1977	1977	2	1977	1977
SC004	933dbfbd-4697-403e-bd73-c17cb300c94b	1		NO_DAYS_TO_DEATH	MISSING_DEATH_TIME	Dead	False			DEATH_WITHOUT_TIME	CONSISTENT	2	2490	2490	2	2478	2478
SC004	9446e349-71e6-455a-aa8f-53ec96597146	1		NO_DAYS_TO_DEATH	MISSING_DEATH_TIME	Dead	False			DEATH_WITHOUT_TIME	CONSISTENT	2	446	446	2	356	356
SC004	955c80be-53df-4565-9303-a7abf96a2f81	1		NO_DAYS_TO_DEATH	MISSING_DEATH_TIME	Dead	False			DEATH_WITHOUT_TIME	CONSISTENT	2	457	457	2	90	90
SC004	95e58015-a7c0-4bdc-bf64-7617d24d0784	1		NO_DAYS_TO_DEATH	MISSING_DEATH_TIME	Dead	False			DEATH_WITHOUT_TIME	CONSISTENT	2	354	354	2	354	354
SC004	99a61986-7b23-46b5-99a4-efba6bad3766	1		NO_DAYS_TO_DEATH	MISSING_DEATH_TIME	Dead	False			DEATH_WITHOUT_TIME	CONSISTENT	2	1446	1446	2	1446	1446
SC004	9a30dee8-962a-49db-a85a-c39515c91b68	1		NO_DAYS_TO_DEATH	MISSING_DEATH_TIME	Dead	False			DEATH_WITHOUT_TIME	CONSISTENT	2	1264	1264	2	1264	1264
SC004	9af2248a-d86a-4277-93b4-8eba5a39bd3c	1		NO_DAYS_TO_DEATH	MISSING_DEATH_TIME	Dead	False			DEATH_WITHOUT_TIME	CONSISTENT	2	1736	1736	2	1736	1736
SC004	9bbc01b4-056c-4ddc-aca4-ff20718646d0	1		NO_DAYS_TO_DEATH	MISSING_DEATH_TIME	Dead	False			DEATH_WITHOUT_TIME	CONSISTENT	2	547	547	0		
SC004	9e7d3dea-5d81-4f10-819c-1c2a68ddd150	1		NO_DAYS_TO_DEATH	MISSING_DEATH_TIME	Dead	False			DEATH_WITHOUT_TIME	CONSISTENT	2	1955	1955	2	1955	1955
SC004	a09f0626-002a-48fd-8b2d-c66b8285cf23	1		NO_DAYS_TO_DEATH	MISSING_DEATH_TIME	Dead	False			DEATH_WITHOUT_TIME	CONSISTENT	2	1484	1484	2	1484	1484
SC004	a5030259-cf9c-4a58-8710-b9da8ee59320	1		NO_DAYS_TO_DEATH	MISSING_DEATH_TIME	Dead	False			DEATH_WITHOUT_TIME	CONSISTENT	2	608	608	2	460	460
SC004	a85f6f9c-1e1d-44fc-85eb-3b2d96cfbc61	1		NO_DAYS_TO_DEATH	MISSING_DEATH_TIME	Dead	False			DEATH_WITHOUT_TIME	CONSISTENT	2	2154	2154	2	2154	2154
SC004	a8c4a333-6b67-44c8-9000-516f8ccea788	1		NO_DAYS_TO_DEATH	MISSING_DEATH_TIME	Dead	False			DEATH_WITHOUT_TIME	CONSISTENT	2	962	962	2	962	962
SC004	a9abe7a7-4126-414b-87d2-a6d25abcf1fa	1		NO_DAYS_TO_DEATH	MISSING_DEATH_TIME	Dead	False			DEATH_WITHOUT_TIME	CONSISTENT	2	83	83	2	83	83
SC004	ad2939e6-b8b8-475a-90e2-6a369c3d3167	1		NO_DAYS_TO_DEATH	MISSING_DEATH_TIME	Dead	False			DEATH_WITHOUT_TIME	CONSISTENT	2	1579	1579	2	1579	1579
SC004	ad2b1a0a-153f-483d-b228-5763eba3f6cc	1		NO_DAYS_TO_DEATH	MISSING_DEATH_TIME	Dead	False			DEATH_WITHOUT_TIME	CONSISTENT	2	608	608	2	608	608
SC004	afd92922-b8dc-48bd-a9c0-bc8d95855eb7	1		NO_DAYS_TO_DEATH	MISSING_DEATH_TIME	Dead	False			DEATH_WITHOUT_TIME	CONSISTENT	2	1341	1341	2	1341	1341
SC004	b3511675-fd68-4745-8020-e290ca0fd115	1		NO_DAYS_TO_DEATH	MISSING_DEATH_TIME	Dead	False			DEATH_WITHOUT_TIME	CONSISTENT	2	1815	1815	2	1815	1815
SC004	b4225c44-b9b6-46c5-aabf-7b0d9a9fe20b	1		NO_DAYS_TO_DEATH	MISSING_DEATH_TIME	Dead	False			DEATH_WITHOUT_TIME	CONSISTENT	2	1470	1470	2	1435	1435
SC004	b45c543a-40d9-423a-a7fa-98e4b325b487	1		NO_DAYS_TO_DEATH	MISSING_DEATH_TIME	Dead	False			DEATH_WITHOUT_TIME	CONSISTENT	2	336	336	2	336	336
SC004	b46263ab-c3ca-4fda-a895-74c7e6e6fe22	1		NO_DAYS_TO_DEATH	MISSING_DEATH_TIME	Dead	False			DEATH_WITHOUT_TIME	CONSISTENT	2	1247	1247	1	1247.0	1247.0
SC004	b520aae5-65a6-4b27-bc2a-10b02c7b1aeb	1		NO_DAYS_TO_DEATH	MISSING_DEATH_TIME	Dead	False			DEATH_WITHOUT_TIME	CONSISTENT	2	91	91	2	91	91
SC004	b7715ff6-57a6-4513-9447-aa8bc93f16d4	1		NO_DAYS_TO_DEATH	MISSING_DEATH_TIME	Dead	False			DEATH_WITHOUT_TIME	CONSISTENT	2	361	361	0		
SC004	b867e933-e3e3-4491-9bb6-b18c48d6f173	1		NO_DAYS_TO_DEATH	MISSING_DEATH_TIME	Dead	False			DEATH_WITHOUT_TIME	CONSISTENT	2	2049	2049	2	2049	2049
SC004	b923ac70-70ea-4a82-8466-46350c5803bf	1		NO_DAYS_TO_DEATH	MISSING_DEATH_TIME	Dead	False			DEATH_WITHOUT_TIME	CONSISTENT	2	1446	1446	2	1446	1446
SC004	ba68f2cf-9271-41fd-9655-1fac7681f588	1		NO_DAYS_TO_DEATH	MISSING_DEATH_TIME	Dead	False			DEATH_WITHOUT_TIME	CONSISTENT	2	594	594	2	594	594
SC004	bc2591b0-65d7-48c3-a5cc-783f67b65869	1		NO_DAYS_TO_DEATH	MISSING_DEATH_TIME	Dead	False			DEATH_WITHOUT_TIME	CONSISTENT	2	1583	1583	2	1558	1558
SC004	bdd792e7-d75f-4aa3-b38e-f0708e112075	1		NO_DAYS_TO_DEATH	MISSING_DEATH_TIME	Dead	False			DEATH_WITHOUT_TIME	CONSISTENT	2	506	506	2	506	506
SC004	c0c3caab-9277-4a31-a96c-c607e38d5ccc	1		NO_DAYS_TO_DEATH	MISSING_DEATH_TIME	Dead	False			DEATH_WITHOUT_TIME	CONSISTENT	2	2089	2089	2	2089	2089
SC004	c435627c-159d-4a6d-a819-30abac24bf4d	1		NO_DAYS_TO_DEATH	MISSING_DEATH_TIME	Dead	False			DEATH_WITHOUT_TIME	CONSISTENT	2	1799	1799	2	1732	1732
SC004	c5355491-e1e8-46a4-a05e-bafcaf2e7459	1		NO_DAYS_TO_DEATH	MISSING_DEATH_TIME	Dead	False			DEATH_WITHOUT_TIME	CONSISTENT	2	2648	2648	2	2648	2648
SC004	c9226204-cb61-40b8-8a94-a7e71c14ea3a	1		NO_DAYS_TO_DEATH	MISSING_DEATH_TIME	Dead	False			DEATH_WITHOUT_TIME	CONSISTENT	2	1947	1947	2	1947	1947
SC004	c9e28934-8379-4511-817c-d787f2c4ca3a	1		NO_DAYS_TO_DEATH	MISSING_DEATH_TIME	Dead	False			DEATH_WITHOUT_TIME	CONSISTENT	2	681	681	2	681	681
SC004	c9e58844-9d61-44a2-aee6-1760bc19711b	1		NO_DAYS_TO_DEATH	MISSING_DEATH_TIME	Dead	False			DEATH_WITHOUT_TIME	CONSISTENT	2	976	976	2	966	966
SC004	cbc7f427-5f7b-4267-ad56-055d8880a4cc	1		NO_DAYS_TO_DEATH	MISSING_DEATH_TIME	Dead	False			DEATH_WITHOUT_TIME	CONSISTENT	2	1114	1114	2	1114	1114
SC004	cddce77f-21e6-4124-9f03-96fb5ca7cefa	1		NO_DAYS_TO_DEATH	MISSING_DEATH_TIME	Dead	False			DEATH_WITHOUT_TIME	CONSISTENT	2	871	871	0		
SC004	ce871097-a6e9-4139-897e-642ee24ee123	1		NO_DAYS_TO_DEATH	MISSING_DEATH_TIME	Dead	False			DEATH_WITHOUT_TIME	CONSISTENT	2	1161	1161	2	1161	1161
SC004	cf1e86ec-4bcb-403c-831b-d67bddef14eb	1		NO_DAYS_TO_DEATH	MISSING_DEATH_TIME	Dead	False			DEATH_WITHOUT_TIME	CONSISTENT	2	312	312	2	312	312
SC004	d0673efd-3315-4dd5-8ab6-912bfa07dceb	1		NO_DAYS_TO_DEATH	MISSING_DEATH_TIME	Dead	False			DEATH_WITHOUT_TIME	CONSISTENT	2	1511	1511	0		
SC004	d1976840-35f7-4423-8458-12fb32a52b33	1		NO_DAYS_TO_DEATH	MISSING_DEATH_TIME	Dead	False			DEATH_WITHOUT_TIME	CONSISTENT	2	84	84	2	68	68
SC004	d73a0a33-e4e8-44bd-9580-2038ab06583a	1		NO_DAYS_TO_DEATH	MISSING_DEATH_TIME	Dead	False			DEATH_WITHOUT_TIME	CONSISTENT	2	820	820	2	820	820
SC004	d77ef9cf-f8e6-4ee9-8d4f-1106885f6b06	1		NO_DAYS_TO_DEATH	MISSING_DEATH_TIME	Dead	False			DEATH_WITHOUT_TIME	CONSISTENT	2	787	787	2	787	787
SC004	d7925dfc-18ce-46ab-a47b-9d06eacc96d0	1		NO_DAYS_TO_DEATH	MISSING_DEATH_TIME	Dead	False			DEATH_WITHOUT_TIME	CONSISTENT	2	1046	1046	0		
SC004	d7b3156d-672a-4a55-868d-9ca6a09fcb0f	1		NO_DAYS_TO_DEATH	MISSING_DEATH_TIME	Dead	False			DEATH_WITHOUT_TIME	CONSISTENT	2	676	676	2	676	676
SC004	d8d13aa4-45d5-4e1a-a6cf-895bdf05e7b2	1		NO_DAYS_TO_DEATH	MISSING_DEATH_TIME	Dead	False			DEATH_WITHOUT_TIME	CONSISTENT	2	351	351	2	351	351
SC004	dc5a6ce7-01e5-408d-812e-e3e0ddc1cde5	1		NO_DAYS_TO_DEATH	MISSING_DEATH_TIME	Dead	False			DEATH_WITHOUT_TIME	CONSISTENT	2	629	629	2	629	629
SC004	dce71741-ccbe-40b7-a0b8-2048d07187a4	1		NO_DAYS_TO_DEATH	MISSING_DEATH_TIME	Dead	False			DEATH_WITHOUT_TIME	CONSISTENT	2	821	821	2	821	821
SC004	e07a61e2-bcd2-4a96-80df-97e04aafbd32	1		NO_DAYS_TO_DEATH	MISSING_DEATH_TIME	Dead	False			DEATH_WITHOUT_TIME	CONSISTENT	2	1000	1000	2	982	982
SC004	e5a329ec-e50e-4786-901d-b58474f8ea65	1		NO_DAYS_TO_DEATH	MISSING_DEATH_TIME	Dead	False			DEATH_WITHOUT_TIME	CONSISTENT	2	129	129	2	129	129
SC004	e641aed9-1dd8-4c30-b231-f12b20a76df0	1		NO_DAYS_TO_DEATH	MISSING_DEATH_TIME	Dead	False			DEATH_WITHOUT_TIME	CONSISTENT	2	788	788	2	788	788
SC004	e9483296-cb91-497a-b955-39a3c3289dac	1		NO_DAYS_TO_DEATH	MISSING_DEATH_TIME	Dead	False			DEATH_WITHOUT_TIME	CONSISTENT	2	1720	1720	0		
SC004	e978a457-92ff-4eab-b759-ec6e74d973e8	1		NO_DAYS_TO_DEATH	MISSING_DEATH_TIME	Dead	False			DEATH_WITHOUT_TIME	CONSISTENT	2	679	679	0		
SC004	f2ec64f5-a414-4c34-99c7-d59bc4e831e0	1		NO_DAYS_TO_DEATH	MISSING_DEATH_TIME	Dead	False			DEATH_WITHOUT_TIME	CONSISTENT	2	1746	1746	2	1746	1746
SC004	f34aa3b6-e966-49c6-bc55-130545772c53	1		NO_DAYS_TO_DEATH	MISSING_DEATH_TIME	Dead	False			DEATH_WITHOUT_TIME	CONSISTENT	2	1646	1646	2	1646	1646
SC004	f3af727e-b592-4828-94f5-22008666cf8c	1		NO_DAYS_TO_DEATH	MISSING_DEATH_TIME	Dead	False			DEATH_WITHOUT_TIME	CONSISTENT	2	1877	1877	2	1877	1877
SC004	f5033d52-ec36-4e67-88d8-b6d898b81b2f	1		NO_DAYS_TO_DEATH	MISSING_DEATH_TIME	Dead	False			DEATH_WITHOUT_TIME	CONSISTENT	2	1492	1492	2	1492	1492
SC004	f7752d6e-f9cd-4dc9-ab01-3ab87acb21e4	1		NO_DAYS_TO_DEATH	MISSING_DEATH_TIME	Dead	False			DEATH_WITHOUT_TIME	CONSISTENT	2	1483	1483	0		
SC004	f8a5547f-f1bc-4c01-8b68-25b5ee0caeab	1		NO_DAYS_TO_DEATH	MISSING_DEATH_TIME	Dead	False			DEATH_WITHOUT_TIME	CONSISTENT	2	1380	1380	0		
SC004	f8e9d538-7291-4fe7-b3f2-d01676a027f9	1		NO_DAYS_TO_DEATH	MISSING_DEATH_TIME	Dead	False			DEATH_WITHOUT_TIME	CONSISTENT	2	1169	1169	0		
SC004	f9c835db-2ab6-4bf5-826f-48723493c0ec	1		NO_DAYS_TO_DEATH	MISSING_DEATH_TIME	Dead	False			DEATH_WITHOUT_TIME	CONSISTENT	2	555	555	2	555	555
SC004	f9f44f86-10c7-4473-b156-5afbfa9a2ad0	1		NO_DAYS_TO_DEATH	MISSING_DEATH_TIME	Dead	False			DEATH_WITHOUT_TIME	CONSISTENT	2	1933	1933	2	1933	1933
SC004	fd4740db-76a8-4362-be71-7b609479bb67	1		NO_DAYS_TO_DEATH	MISSING_DEATH_TIME	Dead	False			DEATH_WITHOUT_TIME	CONSISTENT	2	1369	1369	2	1369	1369
SC004	fe0e3851-d8cb-4533-9536-b4826cd25f87	1		NO_DAYS_TO_DEATH	MISSING_DEATH_TIME	Dead	False			DEATH_WITHOUT_TIME	CONSISTENT	2	1106	1106	1	16.0	16.0
SC004	feda41d8-ca56-425d-b149-4d5485328107	0		NO_LAST_FOLLOWUP	MISSING_CENSOR_TIME	Alive	False			ALIVE_WITHOUT_CENSOR_TIME	MISSING	0			0		
SC004	ff844242-7559-4b07-b09e-69ea40e5ac6b	1		NO_DAYS_TO_DEATH	MISSING_DEATH_TIME	Dead	False			DEATH_WITHOUT_TIME	CONSISTENT	2	760	760	2	760	760
