metric	value
total_cases	2332.0
unique_cases	2332.0
eligible_os_cases	1851.0
deaths_total	650.0
alive_total	1682.0
event_missing	0.0
missing_os_time	481.0
negative_os_time	0.0
zero_os_time	37.0
death_zero_time	3.0
death_negative_time	0.0
alive_negative_time	0.0
duplicate_case_keys	0.0
eligible_deaths	176.0
eligible_death_time_min	0.0
eligible_death_time_median	789.0
eligible_death_time_max	7455.0
eligible_censored	1675.0
eligible_censor_time_min	0.0
eligible_censor_time_median	730.0
eligible_censor_time_max	8605.0
SC001_cases	501.0
SC001_deaths	181.0
SC001_censored	320.0
SC001_time_available	373.0
SC001_time_missing	128.0
SC001_zero_time	3.0
SC002_cases	428.0
SC002_deaths	97.0
SC002_censored	331.0
SC002_time_available	370.0
SC002_time_missing	58.0
SC002_zero_time	16.0
SC003_cases	1038.0
SC003_deaths	144.0
SC003_censored	894.0
SC003_time_available	940.0
SC003_time_missing	98.0
SC003_zero_time	18.0
SC004_cases	365.0
SC004_deaths	228.0
SC004_censored	137.0
SC004_time_available	168.0
SC004_time_missing	197.0
SC004_zero_time	0.0
event_time_crosstab_rows	2.0
