dataset_id	case_id	bulk_n	cnv_n	exact_bulk_cnv_matches	exact_sample_ids	bulk_sample_ids	bulk_sample_types	cnv_sample_ids	cnv_sample_types
SC001	028e99e9-5b9a-4954-bb6e-6d4709a3cea8	2	1	1	9622c370-68d0-48da-a7e0-5eb4765b6f27	9622c370-68d0-48da-a7e0-5eb4765b6f27;e8e0e53a-4009-4141-ba6f-eed35fcaad7b	Primary Tumor;Solid Tissue Normal	9622c370-68d0-48da-a7e0-5eb4765b6f27	Primary Tumor
SC001	07b5663f-9a54-4462-b6c1-6fc8116b8714	2	1	1	9fcabda1-ea79-4188-8b3f-7d0fd060a819	9fcabda1-ea79-4188-8b3f-7d0fd060a819;298662ad-dbff-4344-9b80-d744c258c292	Primary Tumor;Solid Tissue Normal	9fcabda1-ea79-4188-8b3f-7d0fd060a819	Primary Tumor
SC001	0a45f302-5748-48f3-9dc9-66c01843a68e	2	1	1	2b87b12c-5ca7-4492-a2f6-26f9644e1d5a	2b87b12c-5ca7-4492-a2f6-26f9644e1d5a;7f21527c-8434-474e-b223-b24d5b4d57f7	Primary Tumor;Solid Tissue Normal	2b87b12c-5ca7-4492-a2f6-26f9644e1d5a	Primary Tumor
SC001	0b31dbdf-0623-48e4-a0ec-017650dceda7	2	1	1	49a0ab8a-f379-4394-accf-0b4b08d2dcc6	49a0ab8a-f379-4394-accf-0b4b08d2dcc6;baa41644-5248-4838-acc4-56d35c7a88ae	Primary Tumor;Solid Tissue Normal	49a0ab8a-f379-4394-accf-0b4b08d2dcc6	Primary Tumor
SC001	0c0b610e-fe4c-406d-a5ed-5cc3b11dabf5	3	2	1	ad66185f-983d-4416-b705-25d3d4d8b5a5	ad66185f-983d-4416-b705-25d3d4d8b5a5;c9a31213-d38f-43db-9883-a2c019eef8eb;ded52bac-fedf-43e0-be97-e261a84383ad	Primary Tumor;Solid Tissue Normal	ad66185f-983d-4416-b705-25d3d4d8b5a5;2640d6dc-15c7-405f-a348-6751393dee6d	Primary Tumor;Blood Derived Normal
SC001	0ea4920f-f4c8-4590-84b3-eb419824e144	2	1	1	cc72dc0d-9c39-4217-b5cb-8cad390d7e86	cc72dc0d-9c39-4217-b5cb-8cad390d7e86;0d76e56d-bc9d-4085-aa3c-c6edbdb6dd59	Primary Tumor;Solid Tissue Normal	cc72dc0d-9c39-4217-b5cb-8cad390d7e86	Primary Tumor
SC001	100430c8-1446-45c8-af36-b6dbb3ddd0c1	2	2	2	7d689c5f-365d-4e69-8ae6-971d96d56df1;98687adb-f8e9-4e6e-bc1b-396a3ddfac96	98687adb-f8e9-4e6e-bc1b-396a3ddfac96;7d689c5f-365d-4e69-8ae6-971d96d56df1	Primary Tumor;Solid Tissue Normal	98687adb-f8e9-4e6e-bc1b-396a3ddfac96;7d689c5f-365d-4e69-8ae6-971d96d56df1	Primary Tumor;Solid Tissue Normal
SC001	12b79b4f-c28c-418e-a1e7-e622f33fdcc2	2	2	2	1a762ac4-b6ef-4ea1-889a-0fda1df26765;6a27f5f8-f4ee-45c7-b953-ddd7d0291dbb	6a27f5f8-f4ee-45c7-b953-ddd7d0291dbb;1a762ac4-b6ef-4ea1-889a-0fda1df26765	Primary Tumor;Solid Tissue Normal	6a27f5f8-f4ee-45c7-b953-ddd7d0291dbb;1a762ac4-b6ef-4ea1-889a-0fda1df26765	Primary Tumor;Solid Tissue Normal
SC001	12ccd581-a921-41bc-bcee-4e9be54532cc	2	2	2	0ebe60d2-3a5b-41a5-a3f2-8e50a72dc2d1;16a2d381-75a0-423b-aac2-d5710afb183b	16a2d381-75a0-423b-aac2-d5710afb183b;0ebe60d2-3a5b-41a5-a3f2-8e50a72dc2d1	Primary Tumor;Solid Tissue Normal	16a2d381-75a0-423b-aac2-d5710afb183b;0ebe60d2-3a5b-41a5-a3f2-8e50a72dc2d1	Primary Tumor;Solid Tissue Normal
SC001	1427cd18-5ad3-491a-9981-908e31ae49db	2	1	1	9b416640-9aec-4b0d-aa88-b94287375950	9b416640-9aec-4b0d-aa88-b94287375950;eedf6790-10f7-4c33-a1a6-7857ad23f7e8	Primary Tumor;Solid Tissue Normal	9b416640-9aec-4b0d-aa88-b94287375950	Primary Tumor
SC001	15340dd3-84ae-49fb-989a-eb212f3e73da	2	1	1	a9d69d7e-298c-4ab6-b64f-1edc58832ccd	a9d69d7e-298c-4ab6-b64f-1edc58832ccd;e3962e0e-eafa-4016-8fa4-1c4ba0d2a9ad	Primary Tumor;Solid Tissue Normal	a9d69d7e-298c-4ab6-b64f-1edc58832ccd	Primary Tumor
SC001	195a5afb-b79f-44d2-9d12-884487630c2b	2	1	1	22434a49-eb8a-43ac-8c08-ae6dcbe6fbb8	22434a49-eb8a-43ac-8c08-ae6dcbe6fbb8;d68673cd-08ca-404c-ad04-0774c51a6bfb	Primary Tumor;Solid Tissue Normal	22434a49-eb8a-43ac-8c08-ae6dcbe6fbb8	Primary Tumor
SC001	2079155a-d91d-4246-a038-01934a580f32	2	1	1	60a9564a-c68d-4791-a093-19b144ee7717	60a9564a-c68d-4791-a093-19b144ee7717;84997fe4-69b9-41d5-9a71-a8147cf08a2e	Primary Tumor;Solid Tissue Normal	60a9564a-c68d-4791-a093-19b144ee7717	Primary Tumor
SC001	21fb46f9-4bbb-441c-af19-a687e9138344	2	2	2	d9548fe4-5631-473a-82cd-1b089b638963;f0a4ae58-d5bc-4ab0-b1cf-0d951ea91fc7	f0a4ae58-d5bc-4ab0-b1cf-0d951ea91fc7;d9548fe4-5631-473a-82cd-1b089b638963	Primary Tumor;Solid Tissue Normal	f0a4ae58-d5bc-4ab0-b1cf-0d951ea91fc7;d9548fe4-5631-473a-82cd-1b089b638963	Primary Tumor;Solid Tissue Normal
SC001	2f0710f4-827b-45b2-9b7e-c27385b481a7	2	2	2	2315f189-cce1-4ee2-8943-9bba2099a391;c58243d7-77ea-4806-8298-2e322d5219a3	c58243d7-77ea-4806-8298-2e322d5219a3;2315f189-cce1-4ee2-8943-9bba2099a391	Primary Tumor;Solid Tissue Normal	c58243d7-77ea-4806-8298-2e322d5219a3;2315f189-cce1-4ee2-8943-9bba2099a391	Primary Tumor;Solid Tissue Normal
SC001	2f09479f-87fc-4c34-8e2c-333e970a3681	2	2	2	d6ef8f0b-39ad-42bd-b2bd-62b42bbb69e2;efd3f14f-f785-4aec-9efd-6dd8e9c41eba	efd3f14f-f785-4aec-9efd-6dd8e9c41eba;d6ef8f0b-39ad-42bd-b2bd-62b42bbb69e2	Primary Tumor;Solid Tissue Normal	efd3f14f-f785-4aec-9efd-6dd8e9c41eba;d6ef8f0b-39ad-42bd-b2bd-62b42bbb69e2	Primary Tumor;Solid Tissue Normal
SC001	3199cfe5-3be3-43cd-a36b-5cf2c7a9929f	2	2	2	478cc306-6aee-4597-8834-1e5cf8b05a59;68f1d178-71de-4185-82ef-2fbb221759ec	478cc306-6aee-4597-8834-1e5cf8b05a59;68f1d178-71de-4185-82ef-2fbb221759ec	Primary Tumor;Recurrent Tumor	478cc306-6aee-4597-8834-1e5cf8b05a59;68f1d178-71de-4185-82ef-2fbb221759ec	Primary Tumor;Recurrent Tumor
SC001	349e6f38-2c67-4a69-a777-b9173a2a27cf	2	1	1	174e4405-4848-4e5e-93cc-0cdf2795c91a	174e4405-4848-4e5e-93cc-0cdf2795c91a;5f42537f-8c2a-48b6-8d9c-1f409711d128	Primary Tumor;Solid Tissue Normal	174e4405-4848-4e5e-93cc-0cdf2795c91a	Primary Tumor
SC001	35cb7841-9b09-465a-90c5-e3b8a9faad49	2	1	1	3b284fc6-7dc4-46c2-8ec9-1121ef0b4308	3b284fc6-7dc4-46c2-8ec9-1121ef0b4308;ffb185aa-75ac-4696-936b-52f35a345a2d	Primary Tumor;Solid Tissue Normal	3b284fc6-7dc4-46c2-8ec9-1121ef0b4308	Primary Tumor
SC001	368e23f0-e573-4547-bf5a-14080baf737b	2	1	1	3e30dbd1-10bf-4450-8d19-6f44d3284e02	3e30dbd1-10bf-4450-8d19-6f44d3284e02;4cddb392-fc4b-4400-a44f-2e92a78b3e97	Primary Tumor;Solid Tissue Normal	3e30dbd1-10bf-4450-8d19-6f44d3284e02	Primary Tumor
SC001	3bd6badb-27ff-4d8d-b206-4d28dc264862	2	1	1	b560df97-986b-4a88-a0f1-c38a30080edb	b560df97-986b-4a88-a0f1-c38a30080edb;baeecbd4-2b44-4334-b4d9-3ec4e73e368b	Primary Tumor;Solid Tissue Normal	b560df97-986b-4a88-a0f1-c38a30080edb	Primary Tumor
SC001	3c4ff061-d214-4d1c-8d2e-3034f207c252	2	3	2	1163fbc8-706b-4d7d-8454-bbb24e2bf27d;7c606f64-69a1-465c-9f4e-2eb1ebeda5d7	7c606f64-69a1-465c-9f4e-2eb1ebeda5d7;1163fbc8-706b-4d7d-8454-bbb24e2bf27d	Primary Tumor	7c606f64-69a1-465c-9f4e-2eb1ebeda5d7;1163fbc8-706b-4d7d-8454-bbb24e2bf27d;18129c77-70f2-4db9-9b5b-39e6d9c429a0	Primary Tumor;Blood Derived Normal
SC001	42ca54fc-c1ae-41cd-bca1-7fe9810db460	2	2	2	14f26352-b073-4ed8-8b2a-96b9429f25a0;5593f581-3d45-4a4a-a525-bfae1f4753a0	5593f581-3d45-4a4a-a525-bfae1f4753a0;14f26352-b073-4ed8-8b2a-96b9429f25a0	Primary Tumor	5593f581-3d45-4a4a-a525-bfae1f4753a0;14f26352-b073-4ed8-8b2a-96b9429f25a0	Primary Tumor
SC001	4cd3d483-2283-4c6a-a57a-444216119d34	2	1	1	b675e2fa-e96b-48a1-aff0-7d311c053d5a	b675e2fa-e96b-48a1-aff0-7d311c053d5a;f4fb69c3-8ee2-465c-8025-8b7ae74ea828	Primary Tumor;Solid Tissue Normal	b675e2fa-e96b-48a1-aff0-7d311c053d5a	Primary Tumor
SC001	5134c56f-8286-4ec8-8348-237cee7dad5e	2	1	1	500910ea-f0c9-4ed9-a2c6-510f92c36e7d	500910ea-f0c9-4ed9-a2c6-510f92c36e7d;bf086e79-d781-4620-b8f5-868e70f293c2	Primary Tumor;Solid Tissue Normal	500910ea-f0c9-4ed9-a2c6-510f92c36e7d	Primary Tumor
SC001	54a0e4d7-c274-4569-9c25-45bbe26d7f21	2	1	1	168a4a36-b73d-4c17-aaa4-1e4824a155c2	168a4a36-b73d-4c17-aaa4-1e4824a155c2;f6d0a76c-9baf-458c-b4c7-2784272a2f62	Primary Tumor;Solid Tissue Normal	168a4a36-b73d-4c17-aaa4-1e4824a155c2	Primary Tumor
SC001	5af499be-d2b9-4eaf-9a9f-435dccb51917	2	1	1	11e65f8b-4e48-42e7-a87c-bcf2538168c6	11e65f8b-4e48-42e7-a87c-bcf2538168c6;b431b2d3-66b6-4d0a-b90b-c526341e9170	Primary Tumor;Solid Tissue Normal	11e65f8b-4e48-42e7-a87c-bcf2538168c6	Primary Tumor
SC001	5d5cc436-6e57-4d23-a164-7f5153c2e666	2	1	1	15321297-7110-4e79-8d6f-94c95bc83c94	15321297-7110-4e79-8d6f-94c95bc83c94;2d27ed82-5872-4628-b6b3-a3deecceb0df	Primary Tumor;Solid Tissue Normal	15321297-7110-4e79-8d6f-94c95bc83c94	Primary Tumor
SC001	6144d666-8f77-4efe-95f1-f9e5c4e5e056	2	1	1	007783b3-a1b5-4e9b-8add-6d01fefb5697	007783b3-a1b5-4e9b-8add-6d01fefb5697;420fd4eb-e667-4f53-811c-b128d261acf8	Primary Tumor;Solid Tissue Normal	007783b3-a1b5-4e9b-8add-6d01fefb5697	Primary Tumor
SC001	68b86559-38b2-41f2-b66e-c3c2b628b14d	2	2	1	6c206676-e511-4281-91f5-bfe91b3279a4	6c206676-e511-4281-91f5-bfe91b3279a4;8cc50f81-9018-462c-8843-1ea8ce1eff1a	Primary Tumor	6c206676-e511-4281-91f5-bfe91b3279a4;3550896e-18d2-4617-a27b-f600ba8b22ed	Primary Tumor;Blood Derived Normal
SC001	6c3655ca-8ae7-4ad7-b3e4-0c3ec293fba7	2	1	1	185bc9bd-1e20-467c-9c06-908c8aa27e7d	185bc9bd-1e20-467c-9c06-908c8aa27e7d;e350aefe-7984-477b-988e-e82fdc941dcd	Primary Tumor;Solid Tissue Normal	185bc9bd-1e20-467c-9c06-908c8aa27e7d	Primary Tumor
SC001	6e3b6b72-142d-4b8d-a462-28a205796e41	2	2	2	2ff8bafd-2ac5-4bfd-8c60-81519cd44166;3a9be0ad-9ffd-4c4b-8b12-bae55310b0c7	2ff8bafd-2ac5-4bfd-8c60-81519cd44166;3a9be0ad-9ffd-4c4b-8b12-bae55310b0c7	Primary Tumor	2ff8bafd-2ac5-4bfd-8c60-81519cd44166;3a9be0ad-9ffd-4c4b-8b12-bae55310b0c7	Primary Tumor
SC001	7099597a-b208-45b5-b9e0-11ab40d5e497	2	2	1	98e01ce5-8af3-4f2c-b5a1-36730a3c806a	98e01ce5-8af3-4f2c-b5a1-36730a3c806a;afbc74e4-3632-4161-9c70-0ba17c6dc5c0	Primary Tumor	98e01ce5-8af3-4f2c-b5a1-36730a3c806a;458cc1ff-6ee4-42c3-b627-d9d6022f42b6	Primary Tumor;Blood Derived Normal
SC001	7a0ea814-f0de-4bc4-a81a-daa000559369	2	1	1	d2355f3a-e2ce-4791-b1fb-b570850681df	d2355f3a-e2ce-4791-b1fb-b570850681df;e535fb19-2411-4e71-a3cd-08aec4f0fd4c	Primary Tumor;Solid Tissue Normal	d2355f3a-e2ce-4791-b1fb-b570850681df	Primary Tumor
SC001	7cce924f-12a1-4895-9866-5d4b1869dde6	2	2	2	49d32568-b016-4a49-b866-53486697fea7;ce18c482-da4e-4166-a49c-29dc0bfb4472	ce18c482-da4e-4166-a49c-29dc0bfb4472;49d32568-b016-4a49-b866-53486697fea7	Primary Tumor;Solid Tissue Normal	ce18c482-da4e-4166-a49c-29dc0bfb4472;49d32568-b016-4a49-b866-53486697fea7	Primary Tumor;Solid Tissue Normal
SC001	82476d2d-e403-4f6b-8dd6-cc84e3329478	2	2	2	572aec4a-6aa4-4528-b994-885415e7eea2;9ed482d9-2aea-4200-a994-107a1e88f17b	9ed482d9-2aea-4200-a994-107a1e88f17b;572aec4a-6aa4-4528-b994-885415e7eea2	Primary Tumor;Solid Tissue Normal	9ed482d9-2aea-4200-a994-107a1e88f17b;572aec4a-6aa4-4528-b994-885415e7eea2	Primary Tumor;Solid Tissue Normal
SC001	83a6ed20-b3cf-48b9-8ed3-a080cd4951fa	2	2	2	affbf41b-ea28-406a-bdcb-146b9c053978;df25f146-a833-4bfd-adf7-b41b6a7f797e	df25f146-a833-4bfd-adf7-b41b6a7f797e;affbf41b-ea28-406a-bdcb-146b9c053978	Primary Tumor;Solid Tissue Normal	df25f146-a833-4bfd-adf7-b41b6a7f797e;affbf41b-ea28-406a-bdcb-146b9c053978	Primary Tumor;Solid Tissue Normal
SC001	875333ab-9048-462d-aaa2-693ad127e3cc	2	2	2	84f43782-7249-46c3-9241-51e8933fa720;d994817a-474e-4f92-8a78-7586caa85d52	d994817a-474e-4f92-8a78-7586caa85d52;84f43782-7249-46c3-9241-51e8933fa720	Primary Tumor;Solid Tissue Normal	d994817a-474e-4f92-8a78-7586caa85d52;84f43782-7249-46c3-9241-51e8933fa720	Primary Tumor;Solid Tissue Normal
SC001	889aec8e-14ba-48d9-8fe1-f2416e82b333	3	2	2	43f5270a-f2f2-4dd9-83b5-486b805e35b8;62d62df2-aecf-4aa6-a687-a91a8ff7057a	43f5270a-f2f2-4dd9-83b5-486b805e35b8;62d62df2-aecf-4aa6-a687-a91a8ff7057a;d990632b-b55a-4893-9c3d-5ac0fb6bb6f8	Primary Tumor;Solid Tissue Normal	43f5270a-f2f2-4dd9-83b5-486b805e35b8;62d62df2-aecf-4aa6-a687-a91a8ff7057a	Primary Tumor
SC001	8994c8c4-9ea0-46cb-b4a5-0055d7da5bfa	2	1	1	c0fe5ffe-c0a3-4e62-aa55-2bc18788e505	c0fe5ffe-c0a3-4e62-aa55-2bc18788e505;ace83cb7-28bc-44ba-a600-8a6155e08a42	Primary Tumor;Solid Tissue Normal	c0fe5ffe-c0a3-4e62-aa55-2bc18788e505	Primary Tumor
SC001	8d0736fe-261c-445c-bfd2-a3ea3ceaf367	2	2	2	32727a14-832e-4a74-9a6f-27cb1658d8b6;9ee35460-266a-485d-966d-b235fe620ccc	9ee35460-266a-485d-966d-b235fe620ccc;32727a14-832e-4a74-9a6f-27cb1658d8b6	Primary Tumor;Solid Tissue Normal	9ee35460-266a-485d-966d-b235fe620ccc;32727a14-832e-4a74-9a6f-27cb1658d8b6	Primary Tumor;Solid Tissue Normal
SC001	9536e32d-2707-48d2-a36d-08c521665bb9	2	2	1	cfe0f0e4-d8bf-40ce-99f1-2bf99ceca18b	cfe0f0e4-d8bf-40ce-99f1-2bf99ceca18b;a2ea00c0-232e-496b-bffb-20ce1b533099	Primary Tumor;Solid Tissue Normal	cfe0f0e4-d8bf-40ce-99f1-2bf99ceca18b;4a3b397b-ad28-4817-a3ec-ef0b80996384	Primary Tumor;Blood Derived Normal
SC001	953a908d-0993-42f6-853b-512611d19a2c	2	1	1	4bee0576-d35f-477b-b974-79cb89c88950	4bee0576-d35f-477b-b974-79cb89c88950;7f82cda9-daa0-469f-9157-e6c30171150f	Primary Tumor;Solid Tissue Normal	4bee0576-d35f-477b-b974-79cb89c88950	Primary Tumor
SC001	97831d28-ab41-4c18-bfc2-c4c6bc757d13	2	2	2	599c32bd-7967-4ced-a571-8836135510a9;96a05d4b-3731-4b98-b38f-a6b33cd6ed96	96a05d4b-3731-4b98-b38f-a6b33cd6ed96;599c32bd-7967-4ced-a571-8836135510a9	Primary Tumor;Solid Tissue Normal	96a05d4b-3731-4b98-b38f-a6b33cd6ed96;599c32bd-7967-4ced-a571-8836135510a9	Primary Tumor;Solid Tissue Normal
SC001	9c7875ad-ab71-4d48-b2e3-e4c7a46393e9	2	1	1	357f3efe-e2c9-432a-a2b6-75a5fdbae3be	357f3efe-e2c9-432a-a2b6-75a5fdbae3be;36be2a07-e71c-4b12-83d8-506376da8f5e	Primary Tumor;Solid Tissue Normal	357f3efe-e2c9-432a-a2b6-75a5fdbae3be	Primary Tumor
SC001	a046888c-f153-4f35-a1b6-23dd1691a91a	2	2	2	b42fbf86-25db-46ec-b71f-18b8d9b83bc1;f274b7e1-4f18-4f90-851f-5c2d8b984fd3	f274b7e1-4f18-4f90-851f-5c2d8b984fd3;b42fbf86-25db-46ec-b71f-18b8d9b83bc1	Primary Tumor;Solid Tissue Normal	f274b7e1-4f18-4f90-851f-5c2d8b984fd3;b42fbf86-25db-46ec-b71f-18b8d9b83bc1	Primary Tumor;Solid Tissue Normal
SC001	a1e65587-24c1-4b41-92a7-4e1f15fffd78	2	2	2	67bf333d-f746-497f-b6b1-f241e93dc467;d809a778-d1ac-4406-ab09-67cc70f1f0c2	d809a778-d1ac-4406-ab09-67cc70f1f0c2;67bf333d-f746-497f-b6b1-f241e93dc467	Primary Tumor;Solid Tissue Normal	d809a778-d1ac-4406-ab09-67cc70f1f0c2;67bf333d-f746-497f-b6b1-f241e93dc467	Primary Tumor;Solid Tissue Normal
SC001	a391d49f-a822-460b-981c-6fbe1868ee38	2	2	2	4da6a729-3cae-47f9-8739-d4b614b8561d;5d7dae28-fc9f-4160-83aa-122f999668b0	5d7dae28-fc9f-4160-83aa-122f999668b0;4da6a729-3cae-47f9-8739-d4b614b8561d	Primary Tumor;Solid Tissue Normal	5d7dae28-fc9f-4160-83aa-122f999668b0;4da6a729-3cae-47f9-8739-d4b614b8561d	Primary Tumor;Solid Tissue Normal
SC001	bab43415-d413-40be-a4c0-2c40a52afe6a	3	2	1	dd9a6c68-b8b4-4168-9ff9-72a45f20c44f	dd9a6c68-b8b4-4168-9ff9-72a45f20c44f;68b681f2-4f7e-43ec-8260-b4b8797b1224;275b1d31-bc89-4e56-9861-626afb8bbcc0	Primary Tumor;Solid Tissue Normal	dd9a6c68-b8b4-4168-9ff9-72a45f20c44f;12a479eb-e78d-4e5f-a8cd-0de12e7418da	Primary Tumor;Blood Derived Normal
SC001	c2a1de2e-6451-4c95-8ce6-263f2b7e6eff	2	2	1	64fb8eba-a055-4128-92ca-695a3a6f8ebd	64fb8eba-a055-4128-92ca-695a3a6f8ebd;da9934b1-92aa-4a5f-b12d-efe510fd7499	Primary Tumor;Solid Tissue Normal	64fb8eba-a055-4128-92ca-695a3a6f8ebd;0dd94b00-f572-4650-b646-6b71685fa36c	Primary Tumor;Blood Derived Normal
SC001	c4d1e105-28b7-48df-abef-fbe09782fdb2	2	1	1	38c83b40-fba4-48d4-ad6e-93768cb6139f	38c83b40-fba4-48d4-ad6e-93768cb6139f;650e21b6-138d-4b15-9551-a088695ef45f	Primary Tumor;Solid Tissue Normal	38c83b40-fba4-48d4-ad6e-93768cb6139f	Primary Tumor
SC001	c95957a7-1a1a-4c8d-bb61-7c99b500f224	2	2	2	1233cc10-ae87-42d7-b2d3-a9f6d761d0d8;ad9a794f-52dd-4572-bf29-cd3d11ba6c24	ad9a794f-52dd-4572-bf29-cd3d11ba6c24;1233cc10-ae87-42d7-b2d3-a9f6d761d0d8	Primary Tumor;Recurrent Tumor	ad9a794f-52dd-4572-bf29-cd3d11ba6c24;1233cc10-ae87-42d7-b2d3-a9f6d761d0d8	Primary Tumor;Recurrent Tumor
SC001	ccda26c1-a6d6-4317-8cf8-8a87e15ce12e	3	3	2	1c79e3d0-1fdf-4157-8f58-91cb80ff7194;d2198941-e96f-40bd-9fbe-82886217d5db	d2198941-e96f-40bd-9fbe-82886217d5db;1c79e3d0-1fdf-4157-8f58-91cb80ff7194;a6afb5f5-02c7-4710-b3d3-d4aa934d8d49	Primary Tumor;Solid Tissue Normal	d2198941-e96f-40bd-9fbe-82886217d5db;1c79e3d0-1fdf-4157-8f58-91cb80ff7194;ca466355-1e35-452f-aab2-5df37e6407d1	Primary Tumor;Blood Derived Normal
SC001	d6e274a0-6425-437b-bc07-1225be7808d5	2	1	1	64a45521-0494-45f6-b605-198e5c2c56ba	64a45521-0494-45f6-b605-198e5c2c56ba;cf83442c-cc01-41e6-bc00-c193237213ea	Primary Tumor;Solid Tissue Normal	64a45521-0494-45f6-b605-198e5c2c56ba	Primary Tumor
SC001	d717fa33-3c91-4ced-89c6-79ff5542f04c	2	3	2	43c2448e-0f93-4437-85cb-5f61397b0f4c;feec7fa2-1f3f-4cbe-a89c-df01d13a9299	feec7fa2-1f3f-4cbe-a89c-df01d13a9299;43c2448e-0f93-4437-85cb-5f61397b0f4c	Primary Tumor;Solid Tissue Normal	feec7fa2-1f3f-4cbe-a89c-df01d13a9299;d958a4bc-de4f-4ba0-93dd-3a01375e1346;43c2448e-0f93-4437-85cb-5f61397b0f4c	Primary Tumor;Blood Derived Normal;Solid Tissue Normal
SC001	db0b9e63-4272-4f29-bf0e-1ec0fe79a9d7	2	2	2	41433a93-f941-40d7-bd47-cb6bef90d289;7b1d8b50-f3df-4aab-a654-c3810d8d576d	7b1d8b50-f3df-4aab-a654-c3810d8d576d;41433a93-f941-40d7-bd47-cb6bef90d289	Primary Tumor;Solid Tissue Normal	7b1d8b50-f3df-4aab-a654-c3810d8d576d;41433a93-f941-40d7-bd47-cb6bef90d289	Primary Tumor;Solid Tissue Normal
SC001	ddeacccf-0953-4952-8a4e-c2617f2e7bcc	3	2	1	37a8d3a5-baa0-427c-ab43-48ae4b93633b	37a8d3a5-baa0-427c-ab43-48ae4b93633b;2ea3d6eb-8e72-45f2-bbcc-5561df4e7e37;feaf6024-f488-4636-bd99-7fd770cc3d15	Primary Tumor;Solid Tissue Normal	37a8d3a5-baa0-427c-ab43-48ae4b93633b;0f56a5d5-274e-4599-9566-3eaba30af2f9	Primary Tumor;Blood Derived Normal
SC001	e16ca88f-488b-40f0-9169-e5a62482a2ff	2	2	2	27a64f32-69c5-4c49-86b4-c8fc923cae08;a0a486e0-a85c-415a-b7c0-399d6b2e6e99	27a64f32-69c5-4c49-86b4-c8fc923cae08;a0a486e0-a85c-415a-b7c0-399d6b2e6e99	Primary Tumor	27a64f32-69c5-4c49-86b4-c8fc923cae08;a0a486e0-a85c-415a-b7c0-399d6b2e6e99	Primary Tumor
SC001	e5cb0c86-8fe2-4cfc-b32b-e8ec3839ffc4	2	2	2	78fc7ec1-6795-45d8-a9e1-c8ef88d202e5;c52909f8-5d3f-4db2-952a-8c13814ddfb0	c52909f8-5d3f-4db2-952a-8c13814ddfb0;78fc7ec1-6795-45d8-a9e1-c8ef88d202e5	Primary Tumor;Solid Tissue Normal	c52909f8-5d3f-4db2-952a-8c13814ddfb0;78fc7ec1-6795-45d8-a9e1-c8ef88d202e5	Primary Tumor;Solid Tissue Normal
SC001	ebcba7f2-ce13-4bae-97cd-91a6b1dcd465	2	2	2	0e7847d9-d1d0-4980-8f44-c428f36b83f0;7ecb9621-7a1f-4876-9dfb-9b77cc4cb7b4	7ecb9621-7a1f-4876-9dfb-9b77cc4cb7b4;0e7847d9-d1d0-4980-8f44-c428f36b83f0	Primary Tumor;Solid Tissue Normal	7ecb9621-7a1f-4876-9dfb-9b77cc4cb7b4;0e7847d9-d1d0-4980-8f44-c428f36b83f0	Primary Tumor;Solid Tissue Normal
SC001	ef42ae4c-a108-468e-beed-437cf3cf2962	2	2	2	5af84779-8d50-4ba9-a61c-04bd7de3f812;5b90379e-83f2-459a-be36-bd7ebbb6bfff	5b90379e-83f2-459a-be36-bd7ebbb6bfff;5af84779-8d50-4ba9-a61c-04bd7de3f812	Primary Tumor;Solid Tissue Normal	5b90379e-83f2-459a-be36-bd7ebbb6bfff;5af84779-8d50-4ba9-a61c-04bd7de3f812	Primary Tumor;Solid Tissue Normal
SC001	f063ddbb-1668-40df-9ec2-b0a23ca2c389	2	1	1	76c0adae-eef5-459e-a4c9-397d94ebfdcc	76c0adae-eef5-459e-a4c9-397d94ebfdcc;0e0ff02a-dd07-487b-bd81-fa2a001977fb	Primary Tumor;Solid Tissue Normal	76c0adae-eef5-459e-a4c9-397d94ebfdcc	Primary Tumor
SC001	f3501466-cf32-4866-b5fb-e94dd32341bc	2	1	1	48dd9724-8848-48c3-8628-7e78a24e3f2c	48dd9724-8848-48c3-8628-7e78a24e3f2c;2a7da235-f069-4efa-ac35-649520b4dbb3	Primary Tumor;Solid Tissue Normal	48dd9724-8848-48c3-8628-7e78a24e3f2c	Primary Tumor
SC001	f40301ba-831e-4afd-9ce8-5f3c1a05ff7e	2	1	1	1028d7a9-0ac0-4fd8-a34b-46f3e6e53f79	1028d7a9-0ac0-4fd8-a34b-46f3e6e53f79;e443f8b9-d975-4e40-bb62-af4380ceb520	Primary Tumor;Solid Tissue Normal	1028d7a9-0ac0-4fd8-a34b-46f3e6e53f79	Primary Tumor
SC001	fb79c491-7b01-42ae-8369-8364e442e31b	3	2	2	9c146f5d-ca52-4cb9-a64b-158593d038da;a0863fa6-515c-44fa-825f-f9e243f945f1	a0863fa6-515c-44fa-825f-f9e243f945f1;9c146f5d-ca52-4cb9-a64b-158593d038da;e8d3015b-0b27-4cd5-b6a4-931b587d8a12	Primary Tumor;Solid Tissue Normal	a0863fa6-515c-44fa-825f-f9e243f945f1;9c146f5d-ca52-4cb9-a64b-158593d038da	Primary Tumor
SC001	ffb0c0b7-165e-4439-b3e6-62431f40b7fe	2	1	1	58493fd3-5923-436c-bf10-7315b007c5c0	58493fd3-5923-436c-bf10-7315b007c5c0;90dd1872-3a13-4dd9-b470-962a22663e8d	Primary Tumor;Solid Tissue Normal	58493fd3-5923-436c-bf10-7315b007c5c0	Primary Tumor
SC002	07dc5a1d-64b7-42ba-928e-9753bd533c1e	2	2	1	7cc80938-e5a3-4bfb-a988-e4c876894bcf	7cc80938-e5a3-4bfb-a988-e4c876894bcf;ea4647ed-9f05-47b1-bccd-1dec362903c4	Primary Tumor;Solid Tissue Normal	7cc80938-e5a3-4bfb-a988-e4c876894bcf;6de48bd7-429a-47e2-be98-3b0805c4fe6f	Primary Tumor;Blood Derived Normal
SC002	0f74d992-00da-4728-9564-086ca1b95921	2	1	1	1fcb9c83-18cb-42a4-8769-fddb3541c95d	1fcb9c83-18cb-42a4-8769-fddb3541c95d;eb51613d-7d22-4c07-9a79-692927ed92e0	Primary Tumor;Solid Tissue Normal	1fcb9c83-18cb-42a4-8769-fddb3541c95d	Primary Tumor
SC002	19d1a5fc-3ce9-4e43-a364-a4150bcf911b	2	1	1	510e5040-0834-4b92-9277-d60b523a22e8	510e5040-0834-4b92-9277-d60b523a22e8;18c61df8-633b-4eb7-89c8-417ff90d11f9	Primary Tumor;Solid Tissue Normal	510e5040-0834-4b92-9277-d60b523a22e8	Primary Tumor
SC002	269e8ca8-722d-449b-ace1-6545bd72bdd6	2	2	1	be361e78-868c-4c27-aa2a-5492901aee55	be361e78-868c-4c27-aa2a-5492901aee55;60f6dff0-316e-4200-979e-c43cb38f11c1	Primary Tumor;Solid Tissue Normal	be361e78-868c-4c27-aa2a-5492901aee55;3481e897-b54a-41de-9a35-2141269dbf78	Primary Tumor;Blood Derived Normal
SC002	28d03569-8717-40da-8989-70baf2b18f9f	2	2	1	74e9942c-3adb-47d1-bd92-f97095865ee1	74e9942c-3adb-47d1-bd92-f97095865ee1;5ce13336-702f-4358-b74b-dba1cfb36077	Primary Tumor;Solid Tissue Normal	74e9942c-3adb-47d1-bd92-f97095865ee1;5e0f29bc-8ab7-4054-8d46-a58be71dec1a	Primary Tumor;Blood Derived Normal
SC002	2b94070a-21ec-457b-88af-3d2a89b97ac6	2	2	2	9a47edc3-2e19-4dc3-ab50-2b549807d6c2;a34342d8-c1b5-4043-aaad-23d2c63a5241	a34342d8-c1b5-4043-aaad-23d2c63a5241;9a47edc3-2e19-4dc3-ab50-2b549807d6c2	Primary Tumor;Solid Tissue Normal	a34342d8-c1b5-4043-aaad-23d2c63a5241;9a47edc3-2e19-4dc3-ab50-2b549807d6c2	Primary Tumor;Solid Tissue Normal
SC002	31a3877d-3e82-450e-811f-3448b06f3950	2	1	1	41192387-8da9-4bd2-be0f-f74157e7bab9	41192387-8da9-4bd2-be0f-f74157e7bab9;8c017c53-ba54-44e3-9657-e6354849a2dc	Primary Tumor;Solid Tissue Normal	41192387-8da9-4bd2-be0f-f74157e7bab9	Primary Tumor
SC002	3a785e32-7960-4c72-84c4-fb42c4dd86f1	2	1	1	20eccd8a-dfaf-40e4-8128-d77aa41680c4	20eccd8a-dfaf-40e4-8128-d77aa41680c4;94d25554-2c1b-4646-9a93-c94e6804b6cc	Primary Tumor;Solid Tissue Normal	20eccd8a-dfaf-40e4-8128-d77aa41680c4	Primary Tumor
SC002	401a37f3-6630-4400-a811-a262351e37de	2	2	1	b58fb743-7eab-4021-95fb-1981fa522ccf	b58fb743-7eab-4021-95fb-1981fa522ccf;a9091e33-8f02-409d-aa87-14559df9492e	Primary Tumor;Solid Tissue Normal	b58fb743-7eab-4021-95fb-1981fa522ccf;a3258baf-5d14-4fdb-9a6d-023b838b5e95	Primary Tumor;Blood Derived Normal
SC002	49929108-023e-4d35-b26d-50ab4d3ae581	3	2	1	73b6994e-c9bf-41a8-a455-17d7be309a9f	73b6994e-c9bf-41a8-a455-17d7be309a9f;ec9fc2bb-859d-4a11-8a12-e109075eff8c;bf2b2ca1-17b5-4a4d-bae8-46f571129706	Primary Tumor;Solid Tissue Normal	73b6994e-c9bf-41a8-a455-17d7be309a9f;955a8753-b2cc-4378-bbc0-4100f76e3609	Primary Tumor;Blood Derived Normal
SC002	4beee9d4-ee52-4fed-bcc4-d300f5ddd4d0	2	2	2	7ff8b9ce-57b0-4e8d-8607-aef212854f56;8bbfb052-46f4-46e6-8c34-e0b9923c3426	8bbfb052-46f4-46e6-8c34-e0b9923c3426;7ff8b9ce-57b0-4e8d-8607-aef212854f56	Primary Tumor	8bbfb052-46f4-46e6-8c34-e0b9923c3426;7ff8b9ce-57b0-4e8d-8607-aef212854f56	Primary Tumor
SC002	4c6c8d3d-e4a3-490a-9211-cfbe7e6ee25b	3	2	2	4582b393-8635-4b82-871b-1fa117abfece;f4337307-e3c2-46f5-aa59-e77e6e64d734	4582b393-8635-4b82-871b-1fa117abfece;f4337307-e3c2-46f5-aa59-e77e6e64d734;5f481013-8a19-4a85-9426-874f21cf2bf8	Primary Tumor;Solid Tissue Normal	4582b393-8635-4b82-871b-1fa117abfece;f4337307-e3c2-46f5-aa59-e77e6e64d734	Primary Tumor
SC002	565e2726-4942-4726-89d3-c5e3797f7204	2	1	1	81505915-6c01-4299-ae89-964dc20d93cb	81505915-6c01-4299-ae89-964dc20d93cb;a4b58604-884f-4f42-aaf4-056274017721	Primary Tumor;Solid Tissue Normal	81505915-6c01-4299-ae89-964dc20d93cb	Primary Tumor
SC002	56d5b0b9-9093-4286-a2c6-7faa9a1680f5	2	1	1	5321bcc9-a2a0-4671-875a-b1153ff47e13	5321bcc9-a2a0-4671-875a-b1153ff47e13;e5c26212-ccfc-40cf-a38f-c0c2d78a2036	Primary Tumor;Solid Tissue Normal	5321bcc9-a2a0-4671-875a-b1153ff47e13	Primary Tumor
SC002	57a2044d-20cc-4d02-b268-ce570a0fabe3	2	1	1	5bd478fc-a97d-413f-a4f8-7d24c305334f	5bd478fc-a97d-413f-a4f8-7d24c305334f;8db16195-8f0e-4343-a250-b59fa7ec562f	Primary Tumor;Solid Tissue Normal	5bd478fc-a97d-413f-a4f8-7d24c305334f	Primary Tumor
SC002	57cdaa1c-4e94-4a28-ab3b-300c0457555f	2	1	1	8aca008c-f55a-420a-82c7-acd2cca77d85	8aca008c-f55a-420a-82c7-acd2cca77d85;be4fdd24-ebf2-460e-9ba7-402d3b840c64	Primary Tumor	8aca008c-f55a-420a-82c7-acd2cca77d85	Primary Tumor
SC002	5f1399ef-8100-49e7-806f-9f532e55c0ba	2	2	1	e00ba2f0-aa08-4fe7-8868-59affd52eec5	e00ba2f0-aa08-4fe7-8868-59affd52eec5;8d3db68e-1414-43cc-a569-17ec2b7c9450	Primary Tumor;Solid Tissue Normal	e00ba2f0-aa08-4fe7-8868-59affd52eec5;720f75c0-371d-4aa5-bbc9-ffe98730971c	Primary Tumor;Blood Derived Normal
SC002	639e1050-088a-48fe-a0ef-4a01a3468cac	2	1	1	288c3d74-c236-4985-a01c-e39ccca065da	288c3d74-c236-4985-a01c-e39ccca065da;ca5bc217-abb6-4b03-b53b-59708fa888a6	Primary Tumor;Solid Tissue Normal	288c3d74-c236-4985-a01c-e39ccca065da	Primary Tumor
SC002	6454ff0c-26f8-4cc2-b77c-7e5abdc20acd	2	3	2	b2c1658b-a03b-415c-b460-d316a7ef0a9b;e9ac4856-032e-401f-b3e6-54e7f796faa4	e9ac4856-032e-401f-b3e6-54e7f796faa4;b2c1658b-a03b-415c-b460-d316a7ef0a9b	Primary Tumor;Metastatic	e9ac4856-032e-401f-b3e6-54e7f796faa4;b2c1658b-a03b-415c-b460-d316a7ef0a9b;d698395b-af0d-4d4d-b615-6b9f8c9375ac	Primary Tumor;Metastatic;Blood Derived Normal
SC002	6cd8d2dd-5545-43b0-b796-ae0506d62eb8	2	2	1	9b637a29-ee08-4ab2-8160-7584c170f87b	9b637a29-ee08-4ab2-8160-7584c170f87b;d95e1d88-5b39-4a57-a445-abfeb765eaf7	Primary Tumor	9b637a29-ee08-4ab2-8160-7584c170f87b;ae203a80-3207-41ee-91b1-489c75b66ab6	Primary Tumor;Blood Derived Normal
SC002	77a44132-af22-4115-9fa2-78f2f74bf687	2	2	1	f10f139d-1d7f-4923-8129-f103f5d3163b	f10f139d-1d7f-4923-8129-f103f5d3163b;668f20bb-26e0-4064-a5e4-4a7385f6863d	Primary Tumor;Solid Tissue Normal	f10f139d-1d7f-4923-8129-f103f5d3163b;ca3662d9-88b8-4e80-8c54-9dc7df374de5	Primary Tumor;Blood Derived Normal
SC002	7ad0617e-bc4a-4869-8419-744f04d9b7a3	2	2	2	3d8a2ec0-3d65-46e1-8b87-fa7e318d249e;dc23bafb-2cfb-4c1b-9e66-b9cab22ae855	dc23bafb-2cfb-4c1b-9e66-b9cab22ae855;3d8a2ec0-3d65-46e1-8b87-fa7e318d249e	Primary Tumor;Solid Tissue Normal	dc23bafb-2cfb-4c1b-9e66-b9cab22ae855;3d8a2ec0-3d65-46e1-8b87-fa7e318d249e	Primary Tumor;Solid Tissue Normal
SC002	849031de-ac8a-4012-9362-d192512997f1	2	2	2	24c87fc0-4c58-4a70-8ba2-3fcfa2d00c77;c95acbd6-8dd8-49f7-8c0e-8c2aa4f3a72c	c95acbd6-8dd8-49f7-8c0e-8c2aa4f3a72c;24c87fc0-4c58-4a70-8ba2-3fcfa2d00c77	Primary Tumor;Solid Tissue Normal	c95acbd6-8dd8-49f7-8c0e-8c2aa4f3a72c;24c87fc0-4c58-4a70-8ba2-3fcfa2d00c77	Primary Tumor;Solid Tissue Normal
SC002	8632579e-d318-4dab-9994-d3945afc42ab	2	2	1	2b12e104-94f6-4945-a50f-d00ef9514748	2b12e104-94f6-4945-a50f-d00ef9514748;c3c7289b-4854-4231-bd0f-952a7b05db8c	Primary Tumor	2b12e104-94f6-4945-a50f-d00ef9514748;879e850f-6ce7-4de0-bd42-dd2770b8e243	Primary Tumor;Blood Derived Normal
SC002	88832340-46ad-449c-8f81-6a8e5b495510	2	2	2	a7fdc16c-890d-4676-82bc-5a81c715c73a;a8635b10-cbf2-461b-b459-e82e2aec4589	a8635b10-cbf2-461b-b459-e82e2aec4589;a7fdc16c-890d-4676-82bc-5a81c715c73a	Primary Tumor	a8635b10-cbf2-461b-b459-e82e2aec4589;a7fdc16c-890d-4676-82bc-5a81c715c73a	Primary Tumor
SC002	93edb105-5dc9-4a4a-9fca-c91f0161fcc7	2	2	2	b0a269f6-ecea-4239-89f6-e9128d76ccb0;cabe4e1d-719b-4f82-ae86-df499e022085	cabe4e1d-719b-4f82-ae86-df499e022085;b0a269f6-ecea-4239-89f6-e9128d76ccb0	Primary Tumor;Solid Tissue Normal	cabe4e1d-719b-4f82-ae86-df499e022085;b0a269f6-ecea-4239-89f6-e9128d76ccb0	Primary Tumor;Solid Tissue Normal
SC002	960d278c-c87d-42dc-ad28-42e010d8f0f1	2	1	1	0b58159a-ab85-4baa-b83e-55a8d080a3c5	0b58159a-ab85-4baa-b83e-55a8d080a3c5;6c4dbbe4-7f58-4de2-9aaf-a6d87170870a	Primary Tumor;Solid Tissue Normal	0b58159a-ab85-4baa-b83e-55a8d080a3c5	Primary Tumor
SC002	98d45099-feae-4dad-aa38-ec03fed6d999	3	2	2	7bbba7d3-c921-4063-8a82-3496aa6b89d5;81f1e9f6-541f-43df-93cf-c11a569bac93	7bbba7d3-c921-4063-8a82-3496aa6b89d5;81f1e9f6-541f-43df-93cf-c11a569bac93;54aad2df-8ee1-474f-8d94-858cfca51970	Primary Tumor;Solid Tissue Normal	7bbba7d3-c921-4063-8a82-3496aa6b89d5;81f1e9f6-541f-43df-93cf-c11a569bac93	Primary Tumor
SC002	a8b4284d-cbbb-43e3-897b-d04af4bfba74	2	2	2	456cc2df-f9a7-4f65-8450-a79ed69fa27f;e86137c5-37af-4a47-8f29-5a947e013536	e86137c5-37af-4a47-8f29-5a947e013536;456cc2df-f9a7-4f65-8450-a79ed69fa27f	Primary Tumor;Solid Tissue Normal	e86137c5-37af-4a47-8f29-5a947e013536;456cc2df-f9a7-4f65-8450-a79ed69fa27f	Primary Tumor;Solid Tissue Normal
SC002	aee20b98-df51-4ead-86cc-0d5f60a74b90	2	2	2	08c40bb6-9ad3-4ba7-8d4a-132327a0d7e7;41a03a2c-133a-4d97-a7a5-f32ff8b2b697	41a03a2c-133a-4d97-a7a5-f32ff8b2b697;08c40bb6-9ad3-4ba7-8d4a-132327a0d7e7	Primary Tumor;Solid Tissue Normal	41a03a2c-133a-4d97-a7a5-f32ff8b2b697;08c40bb6-9ad3-4ba7-8d4a-132327a0d7e7	Primary Tumor;Solid Tissue Normal
SC002	b54865b6-824e-4163-b759-21a6eacc98ce	2	2	1	f1b2ca40-f20a-42de-aba2-4f730d7ccc09	f1b2ca40-f20a-42de-aba2-4f730d7ccc09;c3ca213a-1389-4e6b-8fbf-63479be7402a	Primary Tumor	f1b2ca40-f20a-42de-aba2-4f730d7ccc09;a1fcb039-9fd7-4582-b99a-e4d302cbc6f6	Primary Tumor;Blood Derived Normal
SC002	b612d491-7442-4119-a53c-5ebcc35c31f4	2	2	1	ebb1c63f-0862-4859-8ad1-5f1b86050635	ebb1c63f-0862-4859-8ad1-5f1b86050635;fd3910f9-8c51-4ea8-8816-35f5e8c6f3d2	Primary Tumor	ebb1c63f-0862-4859-8ad1-5f1b86050635;624cdaac-f809-440e-bc4e-f3b53ef1dd35	Primary Tumor;Blood Derived Normal
SC002	b728e6e8-a0e4-496b-904c-6f07c12e901f	2	3	2	996d2576-2f47-42b3-84dd-80448843abd6;f2bd44d3-a53c-4a10-9ae1-a93e762f174c	f2bd44d3-a53c-4a10-9ae1-a93e762f174c;996d2576-2f47-42b3-84dd-80448843abd6	Primary Tumor	f2bd44d3-a53c-4a10-9ae1-a93e762f174c;996d2576-2f47-42b3-84dd-80448843abd6;d43a7570-e23b-4c73-8ac4-733578a7c47d	Primary Tumor;Blood Derived Normal
SC002	b95720b1-aa00-4c6a-b202-3350d035829f	2	1	1	52b17bb5-0476-4d64-9865-c01309b58144	52b17bb5-0476-4d64-9865-c01309b58144;ea584d2c-b25d-4c8a-98cc-cb59751a49e8	Primary Tumor;Solid Tissue Normal	52b17bb5-0476-4d64-9865-c01309b58144	Primary Tumor
SC002	c21d2c68-920f-4526-b754-286579c049f3	2	1	1	41411fc2-420a-425f-94bd-01a52a0402e0	41411fc2-420a-425f-94bd-01a52a0402e0;b9a75b12-9df0-4048-b0fe-48041361fa29	Primary Tumor;Solid Tissue Normal	41411fc2-420a-425f-94bd-01a52a0402e0	Primary Tumor
SC002	c4d74653-d26b-4e51-aee0-82ee3d42f883	2	2	1	ca4388c7-69e7-42b4-81c8-48b8863264c1	ca4388c7-69e7-42b4-81c8-48b8863264c1;d66e8ea3-e229-4809-aa7b-bbe7a8aeb3fe	Primary Tumor;Solid Tissue Normal	ca4388c7-69e7-42b4-81c8-48b8863264c1;8ac423b4-4c29-4b13-93a3-6e1c90a283cd	Primary Tumor;Blood Derived Normal
SC002	c6ed47f4-358b-4f06-b5cd-cdf1d5c47b43	2	2	2	22726e86-e657-4d50-82f7-43b8d107abf5;b35229f7-d11e-4357-ab86-53e9a5867f55	b35229f7-d11e-4357-ab86-53e9a5867f55;22726e86-e657-4d50-82f7-43b8d107abf5	Primary Tumor;Solid Tissue Normal	b35229f7-d11e-4357-ab86-53e9a5867f55;22726e86-e657-4d50-82f7-43b8d107abf5	Primary Tumor;Solid Tissue Normal
SC002	cee553c8-460d-436b-b55d-8f41624816cc	2	3	2	45c8544c-ec60-447e-91ee-62e41e72a82f;ef88e2b5-41f4-4d62-ac3d-d10ec8192778	ef88e2b5-41f4-4d62-ac3d-d10ec8192778;45c8544c-ec60-447e-91ee-62e41e72a82f	Primary Tumor;Recurrent Tumor	ef88e2b5-41f4-4d62-ac3d-d10ec8192778;45c8544c-ec60-447e-91ee-62e41e72a82f;c017bcd5-0661-4638-971e-aca208a36512	Primary Tumor;Recurrent Tumor;Blood Derived Normal
SC002	d7ba64d7-b4e5-488d-9f28-bcb7bf3c0f35	2	2	1	18d3b88c-852a-4782-a6b4-9e6e1a93718d	18d3b88c-852a-4782-a6b4-9e6e1a93718d;218bbd07-5fa3-4946-a2c1-0ece13466441	Primary Tumor;Solid Tissue Normal	18d3b88c-852a-4782-a6b4-9e6e1a93718d;0aa1dbb1-235a-4de0-b101-8570c45c6809	Primary Tumor;Blood Derived Normal
SC002	d976782c-90c1-421d-b83c-7fc2617e2709	2	2	1	aec31f5d-022d-4833-b0ce-a9c5cb1f6650	aec31f5d-022d-4833-b0ce-a9c5cb1f6650;7554a84f-573c-4de9-9cda-e60674aea5fa	Primary Tumor	aec31f5d-022d-4833-b0ce-a9c5cb1f6650;6fcbe6c9-4c01-4a0c-88a2-23f3399cd740	Primary Tumor;Blood Derived Normal
SC002	d9fb85c3-ade1-47bf-8159-170f81eb130f	2	1	1	5f925197-6100-4594-9351-99c693981f43	5f925197-6100-4594-9351-99c693981f43;ea88380e-ed58-4a4e-bf86-c81af19b4594	Primary Tumor;Solid Tissue Normal	5f925197-6100-4594-9351-99c693981f43	Primary Tumor
SC002	dde411b2-5d2b-4638-8149-89bc1eb3c7ad	2	2	2	2121d215-5078-4273-8eb2-29273f90a361;c8a9e194-fbb4-4cc5-8cda-665540e8acdc	c8a9e194-fbb4-4cc5-8cda-665540e8acdc;2121d215-5078-4273-8eb2-29273f90a361	Primary Tumor;Solid Tissue Normal	c8a9e194-fbb4-4cc5-8cda-665540e8acdc;2121d215-5078-4273-8eb2-29273f90a361	Primary Tumor;Solid Tissue Normal
SC002	ddf69ed9-4c53-48b8-9f01-495bd60c3425	2	2	1	a657afdb-5322-454f-8dd7-8397291401c5	a657afdb-5322-454f-8dd7-8397291401c5;9681eb58-de63-473b-85b8-91bdd07d5f45	Primary Tumor;Solid Tissue Normal	a657afdb-5322-454f-8dd7-8397291401c5;8ed957c3-4d09-4d1c-ad6d-d7e7b7fcc517	Primary Tumor;Blood Derived Normal
SC002	df228c56-89ac-4122-93b3-6c0740c4ec09	2	2	1	ecade2c1-9de2-4b05-b30c-4c8b81c65ae1	ecade2c1-9de2-4b05-b30c-4c8b81c65ae1;b3f9b9ae-1dda-4e22-81b5-b2cbd6369e38	Primary Tumor;Solid Tissue Normal	ecade2c1-9de2-4b05-b30c-4c8b81c65ae1;4f63b73f-95c5-4515-b3a7-58a4a348368f	Primary Tumor;Blood Derived Normal
SC002	e5921d6b-51cf-44be-b295-610cf7c3a69a	2	1	1	91bec9df-1d87-41e0-81f0-7b7b33a8a72a	91bec9df-1d87-41e0-81f0-7b7b33a8a72a;8365e423-d76a-4903-a90d-5332e019ee7c	Primary Tumor;Solid Tissue Normal	91bec9df-1d87-41e0-81f0-7b7b33a8a72a	Primary Tumor
SC002	eb4e4e09-98b3-4e85-8dd2-75676ff2af14	2	3	2	0230996e-7ee3-4360-a790-fb420d0b60ba;b85efaf6-8cb4-4929-b29e-4655c107f61a	b85efaf6-8cb4-4929-b29e-4655c107f61a;0230996e-7ee3-4360-a790-fb420d0b60ba	Primary Tumor	b85efaf6-8cb4-4929-b29e-4655c107f61a;0230996e-7ee3-4360-a790-fb420d0b60ba;a501e73e-031b-475f-9608-839f677560d5	Primary Tumor;Blood Derived Normal
SC002	f9b5e6a5-c2da-4a0d-9251-bb6f557b7b58	2	1	1	87cf1a20-2dc5-4c06-b0c4-16103be40ef0	87cf1a20-2dc5-4c06-b0c4-16103be40ef0;a0832917-75b9-45c8-9273-009c3737a43a	Primary Tumor;Solid Tissue Normal	87cf1a20-2dc5-4c06-b0c4-16103be40ef0	Primary Tumor
SC002	fafd4576-0709-49e1-926f-ad1ee09907ec	2	1	1	c24759f8-566b-42da-a26d-bb0bf51ee15f	c24759f8-566b-42da-a26d-bb0bf51ee15f;5c7de7c6-7a72-4185-a72c-1d25d4ab07fe	Primary Tumor;Solid Tissue Normal	c24759f8-566b-42da-a26d-bb0bf51ee15f	Primary Tumor
SC002	fbb69964-f962-4b89-b59b-dd05f8faf61a	2	2	2	807b3096-9816-41ac-8fdc-dcf12ba5b4cd;d463f9a9-109e-40a8-8ee9-d16545b0c151	d463f9a9-109e-40a8-8ee9-d16545b0c151;807b3096-9816-41ac-8fdc-dcf12ba5b4cd	Primary Tumor;Solid Tissue Normal	d463f9a9-109e-40a8-8ee9-d16545b0c151;807b3096-9816-41ac-8fdc-dcf12ba5b4cd	Primary Tumor;Solid Tissue Normal
SC002	ff1407c6-9174-4bae-a19b-d34ca71b898c	2	2	1	d664f620-cfee-4700-b00e-68b65387883c	d664f620-cfee-4700-b00e-68b65387883c;169cf678-faf2-4090-823f-7052e0f76e47	Primary Tumor;Solid Tissue Normal	d664f620-cfee-4700-b00e-68b65387883c;9a6c98f6-f3b0-4bb7-9825-ed33c33c33d0	Primary Tumor;Blood Derived Normal
SC003	011b9b2d-ebe5-42bf-9662-d922faccc7a1	2	2	1	d6023f30-0d07-4839-98d1-0b22b366cc51	d6023f30-0d07-4839-98d1-0b22b366cc51;e716eb8a-dccd-4f17-9bdc-e64dc2f0fd69	Primary Tumor	d6023f30-0d07-4839-98d1-0b22b366cc51;c8af8732-0e02-4100-a2f6-8c7823fd01b9	Primary Tumor;Blood Derived Normal
SC003	02bbb632-0f7f-439d-b8f0-c86a06237424	2	2	2	2c9b563c-6f22-4a54-a232-ce7974b30458;7e2ed541-38ee-473f-ac5d-3cae6f5d9a56	7e2ed541-38ee-473f-ac5d-3cae6f5d9a56;2c9b563c-6f22-4a54-a232-ce7974b30458	Primary Tumor;Solid Tissue Normal	7e2ed541-38ee-473f-ac5d-3cae6f5d9a56;2c9b563c-6f22-4a54-a232-ce7974b30458	Primary Tumor;Solid Tissue Normal
SC003	05135396-df5c-49db-b34e-f4add5b65a2b	2	2	2	8511971e-372e-4dc1-96a9-3fea2298393b;a28d9c46-4774-4167-8c1e-ee95436c7b2e	a28d9c46-4774-4167-8c1e-ee95436c7b2e;8511971e-372e-4dc1-96a9-3fea2298393b	Primary Tumor;Solid Tissue Normal	a28d9c46-4774-4167-8c1e-ee95436c7b2e;8511971e-372e-4dc1-96a9-3fea2298393b	Primary Tumor;Solid Tissue Normal
SC003	0a2a3529-f645-4967-9a58-89ee20b8bb62	2	3	2	28462438-fe47-4880-82d9-ee43d534d8a3;9992eeb9-901b-4a32-badc-e9be7c9ba4ba	9992eeb9-901b-4a32-badc-e9be7c9ba4ba;28462438-fe47-4880-82d9-ee43d534d8a3	Primary Tumor;Metastatic	9992eeb9-901b-4a32-badc-e9be7c9ba4ba;28462438-fe47-4880-82d9-ee43d534d8a3;0927da66-1240-460c-96c4-9ea25a71f94a	Primary Tumor;Metastatic;Blood Derived Normal
SC003	0bc5744c-5fa3-45bb-87d0-70a02068b392	2	1	1	3f104cf7-8de8-4e77-8baa-bad1bbb493ac	3f104cf7-8de8-4e77-8baa-bad1bbb493ac;a3d00f8e-39c2-4e35-bc2f-df9184b35670	Primary Tumor;Solid Tissue Normal	3f104cf7-8de8-4e77-8baa-bad1bbb493ac	Primary Tumor
SC003	0f64edec-0f1f-4025-8a53-75f9534f7828	2	2	1	4a7c76a9-c3a2-4b57-a57a-de055152dcf8	4a7c76a9-c3a2-4b57-a57a-de055152dcf8;6fe74906-b3c0-49dc-95d8-ef19326b2b35	Primary Tumor;Solid Tissue Normal	4a7c76a9-c3a2-4b57-a57a-de055152dcf8;07e65fe5-2cdd-457d-81ca-e9c54d5b1455	Primary Tumor;Blood Derived Normal
SC003	14267783-5624-4fe5-ba81-9d67f1017474	2	2	1	ffb838b0-db61-4dc9-aadc-41562f677f54	ffb838b0-db61-4dc9-aadc-41562f677f54;e3afa9dd-7494-4ced-adcc-267e91b971df	Primary Tumor;Solid Tissue Normal	ffb838b0-db61-4dc9-aadc-41562f677f54;5d1b63e0-8075-461b-8812-b036a4a60c2a	Primary Tumor;Blood Derived Normal
SC003	1783cac1-253a-40af-a9ac-48dfb20e1ab8	2	1	1	c75bc2c7-cf1f-482c-b615-f60b56983124	f0785dc2-a43e-4b59-a21c-ab55c490d441;c75bc2c7-cf1f-482c-b615-f60b56983124	Primary Tumor;Solid Tissue Normal	c75bc2c7-cf1f-482c-b615-f60b56983124	Solid Tissue Normal
SC003	17baef7c-d97d-4b98-ab53-503ef856523d	2	2	1	c144ae50-ed29-4e27-bbee-fa81e79ac7db	c144ae50-ed29-4e27-bbee-fa81e79ac7db;caca6c83-8d5f-4d85-a6a9-4ded98b71214	Primary Tumor;Solid Tissue Normal	c144ae50-ed29-4e27-bbee-fa81e79ac7db;70b623d6-e6a5-4bb6-a1be-62e8ef235fe5	Primary Tumor;Blood Derived Normal
SC003	17c1d42c-cb84-4655-a4cd-b54bae17ecaf	3	3	2	3a36b403-ea38-49f9-9c28-710c5d141164;4fcf4afe-40be-40eb-95cb-5b172ed83d11	3a36b403-ea38-49f9-9c28-710c5d141164;4fcf4afe-40be-40eb-95cb-5b172ed83d11;1eb11f10-2aca-4ca1-b6fc-bbc97cc485fd	Primary Tumor;Metastatic;Solid Tissue Normal	3a36b403-ea38-49f9-9c28-710c5d141164;4fcf4afe-40be-40eb-95cb-5b172ed83d11;15a0f69e-6bcb-4680-b4f4-36f03e58012b	Primary Tumor;Metastatic;Blood Derived Normal
SC003	18eb4dfc-556f-4bf3-a411-4780209ed1e0	2	2	1	fc1f0ad4-8412-4143-8ebf-fa6592f396e9	fc1f0ad4-8412-4143-8ebf-fa6592f396e9;9a81af95-30f8-45b1-bbda-ca5c7a91c5c5	Primary Tumor;Solid Tissue Normal	fc1f0ad4-8412-4143-8ebf-fa6592f396e9;156c15d8-5e27-49c1-ab20-77b60b4fc665	Primary Tumor;Blood Derived Normal
SC003	2021ed1f-dc75-4701-b8b8-1386466e4802	2	1	1	69bfa6ce-ed46-4321-a107-347c49d68951	69bfa6ce-ed46-4321-a107-347c49d68951;876a2145-5b7b-466b-b13f-81fcf028c9fd	Primary Tumor;Solid Tissue Normal	69bfa6ce-ed46-4321-a107-347c49d68951	Primary Tumor
SC003	20e8106b-1290-4735-abe4-7621e08e3dc8	2	1	1	662cc11c-da31-4e31-8e77-46011b38ea96	662cc11c-da31-4e31-8e77-46011b38ea96;90fb06a9-35be-44b0-9f5b-eb270898aabe	Primary Tumor;Solid Tissue Normal	662cc11c-da31-4e31-8e77-46011b38ea96	Primary Tumor
SC003	214a4507-d974-4b3e-8525-7408fccc6a0f	2	1	1	45c79141-a125-4305-b1b7-c838de1af8a3	45c79141-a125-4305-b1b7-c838de1af8a3;ab96b212-ab38-4e27-8c61-5eef673a0798	Primary Tumor;Solid Tissue Normal	45c79141-a125-4305-b1b7-c838de1af8a3	Primary Tumor
SC003	21ef1730-e5a7-47ce-b419-d000bb59ae15	2	2	2	6c6c1c35-5e1b-4e9f-ab19-550d1ba4cc43;f754aa5f-49c8-4e8b-a1fe-f370f807499a	f754aa5f-49c8-4e8b-a1fe-f370f807499a;6c6c1c35-5e1b-4e9f-ab19-550d1ba4cc43	Primary Tumor;Solid Tissue Normal	f754aa5f-49c8-4e8b-a1fe-f370f807499a;6c6c1c35-5e1b-4e9f-ab19-550d1ba4cc43	Primary Tumor;Solid Tissue Normal
SC003	233b02f3-c4f0-4a67-9db5-e68d5cdaccb6	2	2	2	0b290880-d67c-42b4-aa57-afd3c3d09518;79763193-268d-49e7-b94c-5cb95f7271b6	79763193-268d-49e7-b94c-5cb95f7271b6;0b290880-d67c-42b4-aa57-afd3c3d09518	Primary Tumor;Solid Tissue Normal	79763193-268d-49e7-b94c-5cb95f7271b6;0b290880-d67c-42b4-aa57-afd3c3d09518	Primary Tumor;Solid Tissue Normal
SC003	24334ac1-28a3-4b61-b590-3f51e375b247	2	1	1	8835b20e-9343-4266-a356-e0343c657130	8835b20e-9343-4266-a356-e0343c657130;aaeda2ea-cf26-445f-a367-85735fe80a27	Primary Tumor;Solid Tissue Normal	8835b20e-9343-4266-a356-e0343c657130	Primary Tumor
SC003	2680da86-c977-4611-b75f-df015283c023	2	2	1	8d9f2037-1c1f-4c73-a993-dc4c2aa67d30	8d9f2037-1c1f-4c73-a993-dc4c2aa67d30;d8015844-0615-42f1-a81c-ae707dbe1693	Primary Tumor;Solid Tissue Normal	8d9f2037-1c1f-4c73-a993-dc4c2aa67d30;1401fc34-a96f-4a15-91c8-51c0e71383ed	Primary Tumor;Blood Derived Normal
SC003	2b22db1d-54a1-4b9e-a86e-a174cf51d95c	2	1	1	2f125802-32af-40b6-b4c8-4018740ccee9	2f125802-32af-40b6-b4c8-4018740ccee9;a6ab4a8e-82f5-49a1-8264-36d415366424	Primary Tumor;Solid Tissue Normal	2f125802-32af-40b6-b4c8-4018740ccee9	Primary Tumor
SC003	2cf68894-168b-458b-af4f-53cad72989a8	2	2	1	b36c8878-bab6-4f61-9a4e-4dcfca21391e	b36c8878-bab6-4f61-9a4e-4dcfca21391e;f4aaedfd-36df-4173-ae28-0a1065c39b6f	Primary Tumor;Solid Tissue Normal	b36c8878-bab6-4f61-9a4e-4dcfca21391e;508fe162-1217-4370-8f8f-77ee53f3347c	Primary Tumor;Blood Derived Normal
SC003	327a2395-85c8-42e1-9638-8e037a1723ed	2	2	1	e586a2b3-1132-45db-9283-dc318653a09f	e586a2b3-1132-45db-9283-dc318653a09f;09733af3-d6fc-44a4-907e-16581fc48611	Primary Tumor;Solid Tissue Normal	e586a2b3-1132-45db-9283-dc318653a09f;990dffb5-482a-49ea-ae3a-8f37d7fc0064	Primary Tumor;Blood Derived Normal
SC003	33fe5833-d7a0-43d7-a03d-56985ea448a6	2	2	2	2a679581-38ad-4742-8d7b-89015df11e7d;4a21e922-a294-43f0-89cb-862dabed4f8c	4a21e922-a294-43f0-89cb-862dabed4f8c;2a679581-38ad-4742-8d7b-89015df11e7d	Primary Tumor;Solid Tissue Normal	4a21e922-a294-43f0-89cb-862dabed4f8c;2a679581-38ad-4742-8d7b-89015df11e7d	Primary Tumor;Solid Tissue Normal
SC003	360d1d6d-cf3e-4c78-b36f-ef5e3160aa6b	2	2	2	86c64ef3-451c-471e-8ad3-58985d943190;9df5fb66-44da-4d92-899a-99c07cd23fff	9df5fb66-44da-4d92-899a-99c07cd23fff;86c64ef3-451c-471e-8ad3-58985d943190	Primary Tumor;Solid Tissue Normal	9df5fb66-44da-4d92-899a-99c07cd23fff;86c64ef3-451c-471e-8ad3-58985d943190	Primary Tumor;Solid Tissue Normal
SC003	3b7b9c1e-a84c-47ed-983c-9e4b00cbf01a	2	2	2	0edccd9b-72e9-4c69-899e-4bba4dbacb40;29619d1e-e8b4-411e-bbba-07f2cfb69e8a	0edccd9b-72e9-4c69-899e-4bba4dbacb40;29619d1e-e8b4-411e-bbba-07f2cfb69e8a	Primary Tumor	0edccd9b-72e9-4c69-899e-4bba4dbacb40;29619d1e-e8b4-411e-bbba-07f2cfb69e8a	Primary Tumor
SC003	3c8b5af9-c34d-43c2-b8c9-39ea11e44fa6	2	1	1	a0e467f8-79c1-499e-b881-669b4bd55b8c	a0e467f8-79c1-499e-b881-669b4bd55b8c;d6e315fd-c662-494c-98de-02c87b833473	Primary Tumor;Solid Tissue Normal	a0e467f8-79c1-499e-b881-669b4bd55b8c	Primary Tumor
SC003	3ca67cd0-81da-4f68-a9fa-f1a8c013c28d	2	2	2	25bb566a-15fd-4725-90dc-1c5f464796ac;62d4d442-98a0-4540-b22a-4acf1fbfc40b	62d4d442-98a0-4540-b22a-4acf1fbfc40b;25bb566a-15fd-4725-90dc-1c5f464796ac	Primary Tumor;Solid Tissue Normal	62d4d442-98a0-4540-b22a-4acf1fbfc40b;25bb566a-15fd-4725-90dc-1c5f464796ac	Primary Tumor;Solid Tissue Normal
SC003	408cb583-6dc3-4698-8bd2-e284042bd5ef	2	2	1	6b1bb382-0103-4207-a0e8-871aa6aae81c	6b1bb382-0103-4207-a0e8-871aa6aae81c;a081f522-7603-4134-90c0-89e70fa43688	Primary Tumor;Solid Tissue Normal	6b1bb382-0103-4207-a0e8-871aa6aae81c;06a3d2e0-d0d4-4c80-9a74-bbba9997e928	Primary Tumor;Blood Derived Normal
SC003	417dea5f-f68e-4dab-940e-43ae8c67e5e6	2	2	2	1b3867a3-80db-417d-8e5c-f6f602c14760;29ac24fb-0065-47f8-b044-f4a66fad2394	29ac24fb-0065-47f8-b044-f4a66fad2394;1b3867a3-80db-417d-8e5c-f6f602c14760	Primary Tumor;Solid Tissue Normal	29ac24fb-0065-47f8-b044-f4a66fad2394;1b3867a3-80db-417d-8e5c-f6f602c14760	Primary Tumor;Solid Tissue Normal
SC003	433427a1-bacf-4381-91ba-5fec8a0953f9	2	2	2	4e786a4a-cf47-41ea-a0b0-4349dcd500f5;ce3a4469-8d19-4661-9c48-1baf6e84f49c	ce3a4469-8d19-4661-9c48-1baf6e84f49c;4e786a4a-cf47-41ea-a0b0-4349dcd500f5	Primary Tumor;Solid Tissue Normal	ce3a4469-8d19-4661-9c48-1baf6e84f49c;4e786a4a-cf47-41ea-a0b0-4349dcd500f5	Primary Tumor;Solid Tissue Normal
SC003	4510295e-8aa7-4ef1-b2b7-91cc902f8200	2	1	1	9d501ca9-f50d-45fc-bcc3-fee15f9771cd	9d501ca9-f50d-45fc-bcc3-fee15f9771cd;fff3e5a3-4b84-4afa-bdb5-1c6b2a6626bc	Primary Tumor;Solid Tissue Normal	9d501ca9-f50d-45fc-bcc3-fee15f9771cd	Primary Tumor
SC003	478eb8aa-50b8-4ce5-98e4-d518ede4b174	2	1	1	6093f268-1c3f-4fec-bde7-fc3721ecaf8e	6093f268-1c3f-4fec-bde7-fc3721ecaf8e;d306052f-67ae-4bee-a38a-3fc2e8bf3f41	Primary Tumor;Solid Tissue Normal	6093f268-1c3f-4fec-bde7-fc3721ecaf8e	Primary Tumor
SC003	491b6364-1223-474f-816f-e248c8c841e2	2	2	1	700477dc-5eb4-4efb-a301-12172a7469f7	700477dc-5eb4-4efb-a301-12172a7469f7;6d8a829d-2f0f-4cb7-ab88-9e99b98c4556	Primary Tumor;Solid Tissue Normal	700477dc-5eb4-4efb-a301-12172a7469f7;6b83f3e2-19b5-4942-8197-1c879d79c12c	Primary Tumor;Blood Derived Normal
SC003	49dc3e68-6206-4f16-969f-a758cc7be8ed	2	2	1	992d3519-cd51-4f48-880c-81fef52be1bf	992d3519-cd51-4f48-880c-81fef52be1bf;866a5298-c51c-44a6-b2c0-511e63629829	Primary Tumor;Solid Tissue Normal	992d3519-cd51-4f48-880c-81fef52be1bf;6ec3f0a9-a780-412f-9748-b3a03fb06743	Primary Tumor;Blood Derived Normal
SC003	4a032bad-e726-48f2-8f39-e3acc109cc91	2	1	1	55906ee0-a385-4ec9-8515-90ab613eca35	55906ee0-a385-4ec9-8515-90ab613eca35;e995932f-9ba3-459d-ae09-1f2f0b04aad4	Primary Tumor;Solid Tissue Normal	55906ee0-a385-4ec9-8515-90ab613eca35	Primary Tumor
SC003	4aa68586-6331-4795-b40c-859386640df6	3	2	2	3de73049-e6e7-4ed7-be98-bf174fd37c89;3e38b9a1-4367-47fd-9a44-2c611406e922	3de73049-e6e7-4ed7-be98-bf174fd37c89;3e38b9a1-4367-47fd-9a44-2c611406e922;f6813172-e95b-4654-a1c7-06e1181fcd93	Primary Tumor;Metastatic;Solid Tissue Normal	3de73049-e6e7-4ed7-be98-bf174fd37c89;3e38b9a1-4367-47fd-9a44-2c611406e922	Primary Tumor;Metastatic
SC003	50619f8c-10aa-464a-a227-90a7aa6ffd43	2	2	2	a456d499-cba4-49a6-a296-998ed018947a;db1c378a-1974-4b79-a027-928cba385e40	db1c378a-1974-4b79-a027-928cba385e40;a456d499-cba4-49a6-a296-998ed018947a	Primary Tumor;Solid Tissue Normal	db1c378a-1974-4b79-a027-928cba385e40;a456d499-cba4-49a6-a296-998ed018947a	Primary Tumor;Solid Tissue Normal
SC003	518f231c-f5f9-4a39-a97b-7fd5666d3e50	2	2	2	6731ddd7-054f-4faa-9cfb-d8ec938c5f7d;aafc7bc4-1e57-4df9-9bad-a04a4d9edebd	aafc7bc4-1e57-4df9-9bad-a04a4d9edebd;6731ddd7-054f-4faa-9cfb-d8ec938c5f7d	Primary Tumor;Solid Tissue Normal	aafc7bc4-1e57-4df9-9bad-a04a4d9edebd;6731ddd7-054f-4faa-9cfb-d8ec938c5f7d	Primary Tumor;Solid Tissue Normal
SC003	51ccbf1b-7cae-44ba-991a-11eda8b8c404	2	3	2	9465c220-bf06-4cd1-8466-3477cc47ff6e;aa1037f4-1414-4e05-b11a-c558a23b7e62	aa1037f4-1414-4e05-b11a-c558a23b7e62;9465c220-bf06-4cd1-8466-3477cc47ff6e	Primary Tumor;Metastatic	aa1037f4-1414-4e05-b11a-c558a23b7e62;9465c220-bf06-4cd1-8466-3477cc47ff6e;339ad591-3fd3-4c36-b399-1004dc95252a	Primary Tumor;Metastatic;Solid Tissue Normal
SC003	5258294f-ef5b-4091-9183-6bcc545d54b2	2	2	2	cd390244-133c-4f09-a076-9dddd986df04;fbf64fdd-6787-4647-b0cd-860acc8abce6	fbf64fdd-6787-4647-b0cd-860acc8abce6;cd390244-133c-4f09-a076-9dddd986df04	Primary Tumor;Solid Tissue Normal	fbf64fdd-6787-4647-b0cd-860acc8abce6;cd390244-133c-4f09-a076-9dddd986df04	Primary Tumor;Solid Tissue Normal
SC003	557cb0a3-6f1b-4faf-8296-0a15c24158f9	2	1	1	0d0546ad-8a51-4802-a173-96fbe5ebb124	0d0546ad-8a51-4802-a173-96fbe5ebb124;9563ff43-853c-4d6a-910c-de6fbc638d57	Primary Tumor;Solid Tissue Normal	0d0546ad-8a51-4802-a173-96fbe5ebb124	Primary Tumor
SC003	59be60a3-e0f6-4d63-b98c-574ef92428c4	2	1	1	0177791d-d02d-4433-81ae-458a93fdd60f	0177791d-d02d-4433-81ae-458a93fdd60f;97269c0f-b638-473d-9d44-8ccc770a0039	Primary Tumor;Solid Tissue Normal	0177791d-d02d-4433-81ae-458a93fdd60f	Primary Tumor
SC003	5cdae21d-eee5-478f-932a-0f51fcf5f031	2	2	1	9eaa7f15-8a97-4a49-9e93-b5790a1fade0	9eaa7f15-8a97-4a49-9e93-b5790a1fade0;5174c897-271a-4306-b0b6-48715cffc278	Primary Tumor;Solid Tissue Normal	9eaa7f15-8a97-4a49-9e93-b5790a1fade0;78817d86-7714-43a6-ae94-2aadcb6314a3	Primary Tumor;Blood Derived Normal
SC003	5d1d00c6-fcae-479e-ae1e-de76efd41d98	2	2	1	dbeeddc1-d149-46f7-91ff-d057f8c6bffb	dbeeddc1-d149-46f7-91ff-d057f8c6bffb;d03b3d7b-3629-4fde-a47a-3184f67236eb	Primary Tumor;Solid Tissue Normal	dbeeddc1-d149-46f7-91ff-d057f8c6bffb;449e6d54-ad02-45e2-a3d2-a5dca2c3ba14	Primary Tumor;Blood Derived Normal
SC003	5fe3c51f-65e2-4da6-8924-a6fae17c022d	2	2	1	d19fe184-84a8-4a49-a4d4-75891670da4d	d19fe184-84a8-4a49-a4d4-75891670da4d;5f6e9271-967d-4f56-ac38-1d32f9aebd12	Primary Tumor;Solid Tissue Normal	d19fe184-84a8-4a49-a4d4-75891670da4d;aa55a5eb-54d5-4417-8147-861df026860d	Primary Tumor;Blood Derived Normal
SC003	606fbc6a-b41b-441d-9401-51e54912bf5e	2	2	1	dcf7829e-abaa-435f-b41d-a2bcfde5d66a	dcf7829e-abaa-435f-b41d-a2bcfde5d66a;e4ee648d-3a2a-4ec7-a888-d6888ddf0171	Primary Tumor;Solid Tissue Normal	dcf7829e-abaa-435f-b41d-a2bcfde5d66a;b7dfa028-555a-410e-b216-71c2468ff2e9	Primary Tumor;Blood Derived Normal
SC003	64089c20-939f-48b4-ae8b-904ad0597145	2	2	1	c2f00c0c-9ad9-4c1d-912c-52eacedcba12	c2f00c0c-9ad9-4c1d-912c-52eacedcba12;e3368a46-4101-4dd5-a447-255f59bfa9da	Primary Tumor;Solid Tissue Normal	c2f00c0c-9ad9-4c1d-912c-52eacedcba12;68dc17df-2580-4195-b66e-650c347b84aa	Primary Tumor;Blood Derived Normal
SC003	659b0170-e914-45ff-aa55-fcb8d3dc7b8a	2	2	1	7adf414b-c3f7-4e2c-aa80-81d3edd9764e	7adf414b-c3f7-4e2c-aa80-81d3edd9764e;ec92d7b1-ad80-4f3d-a8e8-3160941c24ac	Primary Tumor;Solid Tissue Normal	7adf414b-c3f7-4e2c-aa80-81d3edd9764e;45cd167f-d97f-4bfc-8b7b-a8cab21af816	Primary Tumor;Blood Derived Normal
SC003	665dd3d3-779c-4abd-b5d7-13342340451d	2	2	2	2ed1ed4a-12e1-4306-b290-6c31933d054e;dba36215-670e-400f-864e-a46702d49240	dba36215-670e-400f-864e-a46702d49240;2ed1ed4a-12e1-4306-b290-6c31933d054e	Primary Tumor;Solid Tissue Normal	dba36215-670e-400f-864e-a46702d49240;2ed1ed4a-12e1-4306-b290-6c31933d054e	Primary Tumor;Solid Tissue Normal
SC003	67c5f371-3fa9-47c5-8b15-c2dd9acc8519	2	3	2	11f78e42-43e5-4bd5-9f88-e5a195aece83;fd735dc5-2ec3-43bd-b1b1-8fa811be0633	fd735dc5-2ec3-43bd-b1b1-8fa811be0633;11f78e42-43e5-4bd5-9f88-e5a195aece83	Primary Tumor	fd735dc5-2ec3-43bd-b1b1-8fa811be0633;11f78e42-43e5-4bd5-9f88-e5a195aece83;96e7bce1-7b31-4513-ade8-cfce32fa8d92	Primary Tumor;Blood Derived Normal
SC003	69a68fbc-e43d-4652-85ee-693211bded47	2	1	1	8d122839-4167-48b2-9f3a-7ff7c3f134d8	8d122839-4167-48b2-9f3a-7ff7c3f134d8;d49b5007-2fc8-46e0-ae99-d65cd446e436	Primary Tumor;Solid Tissue Normal	8d122839-4167-48b2-9f3a-7ff7c3f134d8	Primary Tumor
SC003	6a2972e3-cca9-47e5-aac0-b770f2399eeb	2	2	2	159c3664-3ab2-4f87-91a0-b6e25833fb27;e5c171ac-f700-439c-9e44-6cfed2c9cea7	e5c171ac-f700-439c-9e44-6cfed2c9cea7;159c3664-3ab2-4f87-91a0-b6e25833fb27	Primary Tumor;Solid Tissue Normal	e5c171ac-f700-439c-9e44-6cfed2c9cea7;159c3664-3ab2-4f87-91a0-b6e25833fb27	Primary Tumor;Solid Tissue Normal
SC003	6b960b58-28e1-41c6-bd6e-7e669c6aa4ef	3	2	2	2923c735-34a1-4db6-a248-1c5de2241dd4;3434d0f2-c690-45cf-965a-c5aec66e84e4	2923c735-34a1-4db6-a248-1c5de2241dd4;3434d0f2-c690-45cf-965a-c5aec66e84e4;e85b2b0f-993f-4c37-8ed5-53d384ac18e1	Primary Tumor;Metastatic;Solid Tissue Normal	2923c735-34a1-4db6-a248-1c5de2241dd4;3434d0f2-c690-45cf-965a-c5aec66e84e4	Primary Tumor;Metastatic
SC003	6cb6f179-defd-4661-af0a-c353b74c0c49	2	2	2	10cee689-473e-4b9b-bffd-313202835e34;31a140ce-bcb7-46b4-8105-626c9db1e183	31a140ce-bcb7-46b4-8105-626c9db1e183;10cee689-473e-4b9b-bffd-313202835e34	Primary Tumor	31a140ce-bcb7-46b4-8105-626c9db1e183;10cee689-473e-4b9b-bffd-313202835e34	Primary Tumor
SC003	6cd9baf5-bbe0-4c1e-a87f-c53b3af22890	3	2	2	2086f4ed-61fd-450c-b9de-aa7e049d154d;6a1c2fdb-18ce-40ec-af79-191b489f39a7	6a1c2fdb-18ce-40ec-af79-191b489f39a7;b4bb06b0-bb68-4f58-bff9-c072f09976c3;2086f4ed-61fd-450c-b9de-aa7e049d154d	Primary Tumor;Solid Tissue Normal	6a1c2fdb-18ce-40ec-af79-191b489f39a7;2086f4ed-61fd-450c-b9de-aa7e049d154d	Primary Tumor;Solid Tissue Normal
SC003	6dd0dd7b-62ff-4fd1-a99a-b265f1a91dca	2	2	2	408b3378-5f8e-49df-8bd2-1e0a55288252;ae08dbd6-548a-469c-ba12-b6a87515bce7	ae08dbd6-548a-469c-ba12-b6a87515bce7;408b3378-5f8e-49df-8bd2-1e0a55288252	Primary Tumor;Solid Tissue Normal	ae08dbd6-548a-469c-ba12-b6a87515bce7;408b3378-5f8e-49df-8bd2-1e0a55288252	Primary Tumor;Solid Tissue Normal
SC003	73ccc949-01b7-48d3-a7c4-c4bcd261672a	2	2	2	423305a8-f060-44da-a053-18dd8c2b172e;98501f0d-8b4b-4783-a242-4a69b081aaf9	423305a8-f060-44da-a053-18dd8c2b172e;98501f0d-8b4b-4783-a242-4a69b081aaf9	Primary Tumor;Metastatic	423305a8-f060-44da-a053-18dd8c2b172e;98501f0d-8b4b-4783-a242-4a69b081aaf9	Primary Tumor;Metastatic
SC003	7486a2b3-b09f-4e9c-9864-8b51b58d9fb3	2	2	2	31e5bc10-074b-4bb2-92f9-d9217c0efc3b;5431dd0b-64ae-48ed-8da3-0a21dbed9e9e	31e5bc10-074b-4bb2-92f9-d9217c0efc3b;5431dd0b-64ae-48ed-8da3-0a21dbed9e9e	Primary Tumor;Metastatic	31e5bc10-074b-4bb2-92f9-d9217c0efc3b;5431dd0b-64ae-48ed-8da3-0a21dbed9e9e	Primary Tumor;Metastatic
SC003	74f31744-0aed-4633-beec-4e203315f0b7	2	2	2	a9ce148b-ad26-4257-8f5c-295fd2dcb1d7;eb11d414-2f0e-44a1-843c-ecacc7212e91	eb11d414-2f0e-44a1-843c-ecacc7212e91;a9ce148b-ad26-4257-8f5c-295fd2dcb1d7	Primary Tumor;Solid Tissue Normal	eb11d414-2f0e-44a1-843c-ecacc7212e91;a9ce148b-ad26-4257-8f5c-295fd2dcb1d7	Primary Tumor;Solid Tissue Normal
SC003	7875018b-91dc-4ab1-83b0-ee3883e2816e	2	2	1	c1898b32-a9c5-410b-a197-572b2a6a2d7a	c1898b32-a9c5-410b-a197-572b2a6a2d7a;d84a5349-7473-4f6f-afae-5d0062328491	Primary Tumor;Solid Tissue Normal	c1898b32-a9c5-410b-a197-572b2a6a2d7a;7f382a04-a213-4ee8-97cf-351f66ef7f2d	Primary Tumor;Blood Derived Normal
SC003	791c5768-f0f5-4ab6-86eb-998e5c4b49e3	2	1	1	09b414c4-a314-43c5-823a-d91442b6b02b	09b414c4-a314-43c5-823a-d91442b6b02b;3b56098e-35ec-4fd3-b14d-c3cc777a94c9	Primary Tumor;Solid Tissue Normal	09b414c4-a314-43c5-823a-d91442b6b02b	Primary Tumor
SC003	7bcf6d42-eb8f-4aa2-825b-38671d4f9e3a	2	1	1	21ba28ff-89f6-4f02-a135-821efc4f42f8	21ba28ff-89f6-4f02-a135-821efc4f42f8;82e6dc7b-fe63-4fc6-af9f-68dc76c2cb88	Primary Tumor;Solid Tissue Normal	21ba28ff-89f6-4f02-a135-821efc4f42f8	Primary Tumor
SC003	7dcf550c-90ce-4f63-aecd-0e46897e2a3e	2	2	2	7df59ca8-7e51-4581-9d7f-8bba0395ce17;d7e3b628-d5fd-4e79-9c4a-6409330fb8a7	d7e3b628-d5fd-4e79-9c4a-6409330fb8a7;7df59ca8-7e51-4581-9d7f-8bba0395ce17	Primary Tumor;Solid Tissue Normal	d7e3b628-d5fd-4e79-9c4a-6409330fb8a7;7df59ca8-7e51-4581-9d7f-8bba0395ce17	Primary Tumor;Solid Tissue Normal
SC003	7eb18190-5a41-4637-9783-f81bbde499e4	2	2	2	6e6a7a6c-4630-4506-8b57-a0df12ffff4c;cf2b65de-c6a1-4ebc-a62a-c652ce17d2d0	cf2b65de-c6a1-4ebc-a62a-c652ce17d2d0;6e6a7a6c-4630-4506-8b57-a0df12ffff4c	Primary Tumor;Solid Tissue Normal	cf2b65de-c6a1-4ebc-a62a-c652ce17d2d0;6e6a7a6c-4630-4506-8b57-a0df12ffff4c	Primary Tumor;Solid Tissue Normal
SC003	858652b8-c4c2-41d8-be32-fdc88e1a7bb0	2	2	2	ae5214a0-7fbe-410d-aedf-0a119c8b7f5a;bea52276-596c-479e-981d-ca9132742098	bea52276-596c-479e-981d-ca9132742098;ae5214a0-7fbe-410d-aedf-0a119c8b7f5a	Primary Tumor;Solid Tissue Normal	bea52276-596c-479e-981d-ca9132742098;ae5214a0-7fbe-410d-aedf-0a119c8b7f5a	Primary Tumor;Solid Tissue Normal
SC003	8785012f-f73e-4d68-87cf-1d804af32782	2	1	1	79fc9ed3-4e96-4c0e-869e-1756cbdabb39	79fc9ed3-4e96-4c0e-869e-1756cbdabb39;1a7a397a-79fd-438c-a0c2-602e371327fa	Primary Tumor	79fc9ed3-4e96-4c0e-869e-1756cbdabb39	Primary Tumor
SC003	87f03d04-e651-4a6e-aea6-1c946aa46202	2	2	1	ce3c01d9-e8c7-4bd6-84f9-741f38b07267	ce3c01d9-e8c7-4bd6-84f9-741f38b07267;21b88cba-4c07-4a15-9794-a981d2875415	Primary Tumor;Solid Tissue Normal	ce3c01d9-e8c7-4bd6-84f9-741f38b07267;8c2f1916-727b-4c8a-a940-023ba81c0613	Primary Tumor;Blood Derived Normal
SC003	8c7e74e0-71ef-49b8-9217-94b8ef740ef9	3	2	1	8a790c78-8ad4-4e0b-9728-0e24cadc1f98	8a790c78-8ad4-4e0b-9728-0e24cadc1f98;c0495a7e-f518-469d-b716-3b431581fd7f;238e4064-4aac-4c75-a506-b19bc7f3fc3c	Primary Tumor;Solid Tissue Normal	8a790c78-8ad4-4e0b-9728-0e24cadc1f98;265ef30e-e3f8-4117-abdc-4e4a7d228de5	Primary Tumor;Blood Derived Normal
SC003	93ed6066-b567-4e1c-ab81-23370f9d3452	2	1	1	7f00169e-2572-4158-a453-ccec33cd2159	7f00169e-2572-4158-a453-ccec33cd2159;7242979b-b467-47f4-b351-cdebbfff32e0	Primary Tumor;Solid Tissue Normal	7f00169e-2572-4158-a453-ccec33cd2159	Primary Tumor
SC003	94b95984-b2fb-4e42-8887-45e7086c3179	2	1	1	43993e01-588a-40de-80ec-72c1a66fe70b	43993e01-588a-40de-80ec-72c1a66fe70b;8813ace1-aacf-4a54-b9e1-5379d52778da	Primary Tumor;Solid Tissue Normal	43993e01-588a-40de-80ec-72c1a66fe70b	Primary Tumor
SC003	955d4263-61f7-42e8-8a6e-772a0d6c209d	2	1	1	50a70e24-2ce8-43fd-87d7-eab2c1fa9a86	50a70e24-2ce8-43fd-87d7-eab2c1fa9a86;a82b9ff4-83b1-451d-be31-4e0626b03339	Primary Tumor;Solid Tissue Normal	50a70e24-2ce8-43fd-87d7-eab2c1fa9a86	Primary Tumor
SC003	96b9c7db-1be1-4b60-b47c-26b654c3d64c	2	2	2	95792e53-593b-40ea-80e2-2fbb4e572513;b4c19f4e-c5bf-4c4f-bad8-9c18128c112d	b4c19f4e-c5bf-4c4f-bad8-9c18128c112d;95792e53-593b-40ea-80e2-2fbb4e572513	Primary Tumor;Solid Tissue Normal	b4c19f4e-c5bf-4c4f-bad8-9c18128c112d;95792e53-593b-40ea-80e2-2fbb4e572513	Primary Tumor;Solid Tissue Normal
SC003	994ca1f5-ad10-44ec-aa21-71fc2940653b	2	1	1	3c2bed9f-2ab5-4623-b631-99e394d7723d	3c2bed9f-2ab5-4623-b631-99e394d7723d;2e532402-4279-4441-a7e5-0ed2b793a134	Primary Tumor;Solid Tissue Normal	3c2bed9f-2ab5-4623-b631-99e394d7723d	Primary Tumor
SC003	9d166970-07c8-4ca3-9cfa-ed0049df9ecc	2	1	1	50463a25-4292-4bc7-926a-341493e68242	50463a25-4292-4bc7-926a-341493e68242;b35ce058-b4ac-45b2-9103-a14b7d8a30f7	Primary Tumor;Solid Tissue Normal	50463a25-4292-4bc7-926a-341493e68242	Primary Tumor
SC003	9d95a65b-e41d-4f93-92d4-99dce29ff40d	2	1	1	9dc315ce-3b76-4754-b103-2c2580cde4ab	9dc315ce-3b76-4754-b103-2c2580cde4ab;139c8065-f56a-45f6-bc7e-7841f85a31ae	Primary Tumor;Solid Tissue Normal	9dc315ce-3b76-4754-b103-2c2580cde4ab	Primary Tumor
SC003	9da462b0-93c2-4305-89f6-7199a30399a7	2	2	2	499a5bbb-9c48-4a4a-8472-d6fa35b6a308;a0de3018-8916-4e06-8ba1-beb1d218e30e	a0de3018-8916-4e06-8ba1-beb1d218e30e;499a5bbb-9c48-4a4a-8472-d6fa35b6a308	Primary Tumor;Solid Tissue Normal	a0de3018-8916-4e06-8ba1-beb1d218e30e;499a5bbb-9c48-4a4a-8472-d6fa35b6a308	Primary Tumor;Solid Tissue Normal
SC003	9ddc3e7b-8b54-4a83-8335-8053940f56c1	2	2	2	67f32715-fea8-4b4e-9815-aa0c67253ad3;796e565c-3841-425a-bdfb-569776d7c9ac	796e565c-3841-425a-bdfb-569776d7c9ac;67f32715-fea8-4b4e-9815-aa0c67253ad3	Primary Tumor;Solid Tissue Normal	796e565c-3841-425a-bdfb-569776d7c9ac;67f32715-fea8-4b4e-9815-aa0c67253ad3	Primary Tumor;Solid Tissue Normal
SC003	9de678e5-67ed-4453-a98b-7ac351d5d0f1	2	1	1	1a9f7284-9770-4936-9fa4-500698184680	1a9f7284-9770-4936-9fa4-500698184680;60ee931b-d315-4c37-b913-fa46a5f206b4	Primary Tumor;Solid Tissue Normal	1a9f7284-9770-4936-9fa4-500698184680	Primary Tumor
SC003	9f6be944-83de-42ab-8738-f0022f475e61	2	1	1	143fc27d-e119-48ff-a5ea-bd6aafc0404e	143fc27d-e119-48ff-a5ea-bd6aafc0404e;93b78420-ed0e-45d3-93f5-f60ce671a812	Primary Tumor;Solid Tissue Normal	143fc27d-e119-48ff-a5ea-bd6aafc0404e	Primary Tumor
SC003	a1093598-d3a8-4ffe-83fc-bc7d1faff7e5	2	1	1	73af0f78-cc37-43ff-8f46-524a9ba80eda	73af0f78-cc37-43ff-8f46-524a9ba80eda;dadbd2f7-ea44-428c-bfcf-e27f2b978ff1	Primary Tumor;Solid Tissue Normal	73af0f78-cc37-43ff-8f46-524a9ba80eda	Primary Tumor
SC003	a32cb96a-78bf-456e-a6ab-2d47b2c67ad4	2	1	1	7f7d8229-3daf-48be-bd16-ffe4314528b1	7f7d8229-3daf-48be-bd16-ffe4314528b1;ac1e8a8e-b6e8-48f3-ba5b-1baa4272a6c7	Primary Tumor;Solid Tissue Normal	7f7d8229-3daf-48be-bd16-ffe4314528b1	Primary Tumor
SC003	a6edb6ca-ae9f-4da7-8ebe-92d83d2987fb	2	1	1	5ce91cce-a4ac-45e1-bc3e-737494a67769	5ce91cce-a4ac-45e1-bc3e-737494a67769;e94c165f-210d-47d7-b7e7-c5747ee7f451	Primary Tumor;Solid Tissue Normal	5ce91cce-a4ac-45e1-bc3e-737494a67769	Primary Tumor
SC003	a851ca14-7bbf-455b-a054-ec03979a4247	2	1	1	10285a0d-d8cc-4c20-a8a2-8891d9807599	10285a0d-d8cc-4c20-a8a2-8891d9807599;907ca5f2-0442-403f-9ac6-e158e371091e	Primary Tumor;Solid Tissue Normal	10285a0d-d8cc-4c20-a8a2-8891d9807599	Primary Tumor
SC003	a8b1f6e7-2bcf-460d-b1c6-1792a9801119	2	1	1	0c30cd0e-a2d2-42b0-9ca9-8297de64e4a8	0c30cd0e-a2d2-42b0-9ca9-8297de64e4a8;5b799218-c5f2-4213-86a3-d67ed776bb28	Primary Tumor;Solid Tissue Normal	0c30cd0e-a2d2-42b0-9ca9-8297de64e4a8	Primary Tumor
SC003	ad18820b-a804-49c0-ba8a-86c09fa6bce2	2	2	2	84f25e50-b0bb-4f2a-bb94-14019bc7fa95;e5a9fa79-2d0f-4cda-9fea-baab86f78b8e	e5a9fa79-2d0f-4cda-9fea-baab86f78b8e;84f25e50-b0bb-4f2a-bb94-14019bc7fa95	Primary Tumor;Solid Tissue Normal	e5a9fa79-2d0f-4cda-9fea-baab86f78b8e;84f25e50-b0bb-4f2a-bb94-14019bc7fa95	Primary Tumor;Solid Tissue Normal
SC003	af577366-0258-49e7-b6af-e70056c081a4	2	2	1	e2ef6df2-c375-4c59-ae1b-c8cca22a8387	e2ef6df2-c375-4c59-ae1b-c8cca22a8387;73c4bc21-7732-4562-af5a-1b229fbd5ea7	Primary Tumor;Solid Tissue Normal	e2ef6df2-c375-4c59-ae1b-c8cca22a8387;0df008d3-1dd6-4670-9dc9-f7f730ea27f3	Primary Tumor;Blood Derived Normal
SC003	b2ecbc0f-2c30-4200-8d5e-7b95424bcadb	2	2	1	e2b02d95-df95-48ad-b26f-3eb15201969d	e2b02d95-df95-48ad-b26f-3eb15201969d;db744038-c9e0-46c9-a38d-7220ad10f125	Primary Tumor	e2b02d95-df95-48ad-b26f-3eb15201969d;13d62683-356b-4366-b53a-641371a428e9	Primary Tumor;Blood Derived Normal
SC003	b3264748-947a-43aa-b227-b294fbcc8447	2	1	1	002997ef-3b93-443a-80a3-bae63e129d99	002997ef-3b93-443a-80a3-bae63e129d99;a16194b7-162f-4282-a552-1fa1915ea589	Primary Tumor;Solid Tissue Normal	002997ef-3b93-443a-80a3-bae63e129d99	Primary Tumor
SC003	b3bb8fd6-ee54-4813-b042-2bbe70115382	2	1	1	18dddb4e-11d6-4fe7-b44a-48342374a5b1	18dddb4e-11d6-4fe7-b44a-48342374a5b1;ced0af4b-e977-4399-b3bc-0a98b1c9817f	Primary Tumor;Solid Tissue Normal	18dddb4e-11d6-4fe7-b44a-48342374a5b1	Primary Tumor
SC003	b97bf89a-7a85-4eef-ae7e-f787aead1f0a	2	1	1	3ad0093a-e57a-450a-b0ef-942c9b67a586	3ad0093a-e57a-450a-b0ef-942c9b67a586;a6916373-70f1-434c-910a-407609815556	Primary Tumor;Solid Tissue Normal	3ad0093a-e57a-450a-b0ef-942c9b67a586	Primary Tumor
SC003	ba39bfbc-5cac-4f6c-b55c-4eee3466ee93	2	1	1	20308c88-18f2-4373-9e93-1f1d589d97e2	20308c88-18f2-4373-9e93-1f1d589d97e2;471df7ad-c811-4411-9ade-277233a1053f	Primary Tumor;Solid Tissue Normal	20308c88-18f2-4373-9e93-1f1d589d97e2	Primary Tumor
SC003	bc0bc70f-c6cf-4dbc-9dc3-8b7bc5f381a4	2	1	1	5e429dd7-787c-4e7d-b672-b000b7b57929	5e429dd7-787c-4e7d-b672-b000b7b57929;86e64e26-2be4-463d-8129-c0374cd4d5aa	Primary Tumor;Solid Tissue Normal	5e429dd7-787c-4e7d-b672-b000b7b57929	Primary Tumor
SC003	be9bf36a-12e1-4386-addf-1686dc8b49de	2	2	1	6526e884-ca7a-4f10-9cb8-fe8fa90f1dbb	6526e884-ca7a-4f10-9cb8-fe8fa90f1dbb;f6ad04eb-19cf-461c-b274-8cf0b640ad34	Primary Tumor;Solid Tissue Normal	6526e884-ca7a-4f10-9cb8-fe8fa90f1dbb;624d0956-1c6a-49fc-8135-05a677775b88	Primary Tumor;Blood Derived Normal
SC003	bf3b1481-ae31-4406-b084-b6cc1d7163e3	2	1	1	0729326e-9b85-44f5-8134-28cb10805bf4	0fc347ae-7ad9-4987-887a-d37fe871d6c2;0729326e-9b85-44f5-8134-28cb10805bf4	Primary Tumor;Solid Tissue Normal	0729326e-9b85-44f5-8134-28cb10805bf4	Solid Tissue Normal
SC003	c2aeee6c-ba10-4cf9-b560-c739580f7bf3	2	2	1	5423b7f8-d2bb-47c8-9af8-3d3e1276888c	5423b7f8-d2bb-47c8-9af8-3d3e1276888c;bca287af-e08b-4c8f-8076-e7e641b9d2fb	Primary Tumor;Solid Tissue Normal	5423b7f8-d2bb-47c8-9af8-3d3e1276888c;3f8b9139-a283-42b3-accb-ab8cf047b8aa	Primary Tumor;Blood Derived Normal
SC003	c348a9b3-c901-4384-a222-144387bac0c5	2	2	2	08693317-d839-477c-b145-477a3521e03a;438152c8-2d26-4b35-9f68-a4b6c473916e	438152c8-2d26-4b35-9f68-a4b6c473916e;08693317-d839-477c-b145-477a3521e03a	Primary Tumor;Solid Tissue Normal	438152c8-2d26-4b35-9f68-a4b6c473916e;08693317-d839-477c-b145-477a3521e03a	Primary Tumor;Solid Tissue Normal
SC003	c694615c-b1c6-499c-8058-995633ebf948	2	2	1	ca0d78dc-c860-4835-ad07-052f176804a4	ca0d78dc-c860-4835-ad07-052f176804a4;9b8be955-8c21-449d-a951-c715a6dd1cab	Primary Tumor;Solid Tissue Normal	ca0d78dc-c860-4835-ad07-052f176804a4;b5c908e6-b8fe-4548-8dbc-5e7ab7405b98	Primary Tumor;Blood Derived Normal
SC003	cab38ea8-4555-413c-b81e-4621aac4ef85	2	1	1	8cc4fd25-dd8b-4983-ac21-24f3cf3e51cd	8cc4fd25-dd8b-4983-ac21-24f3cf3e51cd;dec6391b-6fe8-487e-a80e-aff0bc7bc136	Primary Tumor;Solid Tissue Normal	8cc4fd25-dd8b-4983-ac21-24f3cf3e51cd	Primary Tumor
SC003	cc074b7f-d3b2-4880-902e-bf10e667b665	2	1	1	044f9b74-9a16-432e-acac-78c399c001bc	044f9b74-9a16-432e-acac-78c399c001bc;531e4ba7-04b1-4ec0-84e8-4b8de97ad3d7	Primary Tumor;Solid Tissue Normal	044f9b74-9a16-432e-acac-78c399c001bc	Primary Tumor
SC003	d3a75976-67d3-40fa-9f6f-cf2a3d7b773c	2	1	1	3f6f1066-37f9-464d-872a-f1390eb36f6e	3f6f1066-37f9-464d-872a-f1390eb36f6e;f62006a0-500c-46dc-ab01-27550680494e	Primary Tumor;Solid Tissue Normal	3f6f1066-37f9-464d-872a-f1390eb36f6e	Primary Tumor
SC003	d3d4d709-ab34-4617-aa8c-51a3d0a3efe6	2	1	1	8b5d38fb-e9ad-445c-b5d5-f054a5eafeb1	8b5d38fb-e9ad-445c-b5d5-f054a5eafeb1;9db89883-6f94-48f8-aefb-b0aaf6344924	Primary Tumor;Solid Tissue Normal	8b5d38fb-e9ad-445c-b5d5-f054a5eafeb1	Primary Tumor
SC003	d4e7426c-9739-4585-9114-e564b13c7c02	2	1	1	33f49b4e-924e-4590-8afa-e17403602137	33f49b4e-924e-4590-8afa-e17403602137;86fa46b0-7118-49e9-a693-c44f46b86e55	Primary Tumor;Solid Tissue Normal	33f49b4e-924e-4590-8afa-e17403602137	Primary Tumor
SC003	d6f911b5-e895-43f8-8f86-0ac2f1bc6fae	2	2	1	d1991ebd-1cd1-4c2d-ac99-2a6ecd3f90f1	d1991ebd-1cd1-4c2d-ac99-2a6ecd3f90f1;c585bd29-35d3-4b6e-8142-f16479f89ab9	Primary Tumor;Solid Tissue Normal	d1991ebd-1cd1-4c2d-ac99-2a6ecd3f90f1;30d6576e-81d7-4f30-8133-36727808cba8	Primary Tumor;Blood Derived Normal
SC003	d8492ebd-3d94-4a4b-8de7-386526691cc2	2	2	1	83ec5738-3a27-4100-83f2-8b30ae3b2fb7	83ec5738-3a27-4100-83f2-8b30ae3b2fb7;d221f2c8-5852-4392-b166-92b709000e78	Primary Tumor;Solid Tissue Normal	83ec5738-3a27-4100-83f2-8b30ae3b2fb7;6f95b20b-cdc6-4240-9f6e-10e199ff7f97	Primary Tumor;Blood Derived Normal
SC003	d8ecba6a-9fff-4993-a799-9a8d2aea524e	2	1	1	c236908e-4814-409b-9fcc-2bedf60aa168	c236908e-4814-409b-9fcc-2bedf60aa168;d78f95cd-3823-42ba-9c08-b5a70e41fd63	Primary Tumor;Solid Tissue Normal	c236908e-4814-409b-9fcc-2bedf60aa168	Primary Tumor
SC003	db4bc6aa-2e7d-4bcb-8519-a455f624d33b	2	2	2	93eb97b3-918f-42b8-8d3d-34715d09e491;f225775e-e46f-4d1d-8b13-042e9776dd72	f225775e-e46f-4d1d-8b13-042e9776dd72;93eb97b3-918f-42b8-8d3d-34715d09e491	Primary Tumor;Solid Tissue Normal	f225775e-e46f-4d1d-8b13-042e9776dd72;93eb97b3-918f-42b8-8d3d-34715d09e491	Primary Tumor;Solid Tissue Normal
SC003	dba9beec-5e51-48c0-9229-0ee286a02a1a	2	1	1	b5d03f26-66ec-4861-9635-e0ee4a6e41c9	b5d03f26-66ec-4861-9635-e0ee4a6e41c9;bd6038ff-9634-45d5-80d8-97a3f1ea2d04	Primary Tumor;Solid Tissue Normal	b5d03f26-66ec-4861-9635-e0ee4a6e41c9	Primary Tumor
SC003	dd3bfb26-b534-4917-9c4d-9fe7b6477762	2	1	1	7423f6fa-4f31-46b1-a391-b5fc45833c2b	7423f6fa-4f31-46b1-a391-b5fc45833c2b;10fcee9d-db94-4fb9-a585-893c9d1bdc3d	Primary Tumor;Solid Tissue Normal	7423f6fa-4f31-46b1-a391-b5fc45833c2b	Primary Tumor
SC003	ddcbdac6-9e43-4146-a611-d033125eba14	2	2	2	0b755cf4-785f-466e-a235-ea697b9a6423;723e0934-327e-46f2-94f0-20a65da1ea0e	723e0934-327e-46f2-94f0-20a65da1ea0e;0b755cf4-785f-466e-a235-ea697b9a6423	Primary Tumor;Solid Tissue Normal	723e0934-327e-46f2-94f0-20a65da1ea0e;0b755cf4-785f-466e-a235-ea697b9a6423	Primary Tumor;Solid Tissue Normal
SC003	e666081b-caaf-4e8b-9446-807be71201a5	2	2	2	0cf5f314-5cc8-4c4c-853a-e4bcbc749acc;63baef92-6733-4791-b897-0abe9131a5f5	63baef92-6733-4791-b897-0abe9131a5f5;0cf5f314-5cc8-4c4c-853a-e4bcbc749acc	Primary Tumor;Solid Tissue Normal	63baef92-6733-4791-b897-0abe9131a5f5;0cf5f314-5cc8-4c4c-853a-e4bcbc749acc	Primary Tumor;Solid Tissue Normal
SC003	ee554215-bea2-4268-aaf9-784e68cdb969	2	1	1	7e598a8a-9fb8-4c2d-94e7-ae1921addcd1	7e598a8a-9fb8-4c2d-94e7-ae1921addcd1;f9e5d9cc-d80e-409d-9b6a-c4de9dc55611	Primary Tumor;Solid Tissue Normal	7e598a8a-9fb8-4c2d-94e7-ae1921addcd1	Primary Tumor
SC003	f06f09f3-8133-4a92-ac86-fbe64295e0d8	2	1	1	b41b1f04-226e-466c-b5e1-f61e45ad3210	b41b1f04-226e-466c-b5e1-f61e45ad3210;41615c91-a592-40ed-8bc1-3dda5f2c8625	Primary Tumor;Solid Tissue Normal	b41b1f04-226e-466c-b5e1-f61e45ad3210	Primary Tumor
SC003	f130f376-5801-40f9-975d-a7e2f7b5670d	3	2	1	e8cb34ed-67cb-48b7-83cd-621a1224e781	e8cb34ed-67cb-48b7-83cd-621a1224e781;fc274718-a6b5-4a2c-968a-b687810b6b19;e2566ada-c2bf-4c25-bcd0-9f49f2d0b4a2	Primary Tumor;Solid Tissue Normal	e8cb34ed-67cb-48b7-83cd-621a1224e781;34d5afff-b1b6-47f3-a9c9-9f51de2bf861	Primary Tumor;Blood Derived Normal
SC003	f2622cdb-ac92-42b3-a1ca-67e133c3dd4a	2	3	2	18140097-dcf9-4882-baa9-5f6c93585c4b;42c7e92b-6820-4562-9e32-a424a99a6cba	42c7e92b-6820-4562-9e32-a424a99a6cba;18140097-dcf9-4882-baa9-5f6c93585c4b	Primary Tumor	42c7e92b-6820-4562-9e32-a424a99a6cba;18140097-dcf9-4882-baa9-5f6c93585c4b;37dad3ac-36c7-47e4-b61e-dabbb6897e42	Primary Tumor;Blood Derived Normal
SC003	f2bbfa9d-9a9d-4f46-9fde-378e4c44e2ad	2	2	1	1acae6e0-3100-4de8-a436-e15cdbe1322b	1acae6e0-3100-4de8-a436-e15cdbe1322b;834ee4b2-bd0c-47ab-9158-c10534e272ea	Primary Tumor;Solid Tissue Normal	1acae6e0-3100-4de8-a436-e15cdbe1322b;0fba2efb-9ede-4fd2-abed-f18275a076dd	Primary Tumor;Blood Derived Normal
SC003	f63722c1-a0bb-4bf9-8a10-1d76a8e1a0ba	2	1	1	6a914b5f-5bc2-4152-b80e-fcc864a415b0	6a914b5f-5bc2-4152-b80e-fcc864a415b0;9a793dbd-24a5-4e0c-aa00-efee41902a5d	Primary Tumor;Solid Tissue Normal	6a914b5f-5bc2-4152-b80e-fcc864a415b0	Primary Tumor
SC003	f6e1ec78-5ad9-4879-9b7e-262d17b166ad	2	2	2	3196c5f3-9227-4a9d-b87a-3e1f680a768c;518be2c7-fba5-47b1-8c8b-fef812fa74a4	518be2c7-fba5-47b1-8c8b-fef812fa74a4;3196c5f3-9227-4a9d-b87a-3e1f680a768c	Primary Tumor;Solid Tissue Normal	518be2c7-fba5-47b1-8c8b-fef812fa74a4;3196c5f3-9227-4a9d-b87a-3e1f680a768c	Primary Tumor;Solid Tissue Normal
SC003	f954de05-1b44-4087-8933-6cc72d81028d	2	1	1	cc07e1f1-e1e7-4335-ab8b-b7bebef1669f	cc07e1f1-e1e7-4335-ab8b-b7bebef1669f;ef5eaeb4-c3eb-43d2-b5a8-79f498e9e24a	Primary Tumor;Solid Tissue Normal	cc07e1f1-e1e7-4335-ab8b-b7bebef1669f	Primary Tumor
SC003	fa176764-a76f-44c7-b97a-cd6d21e052be	2	1	1	26f9a1ab-fa60-47f3-ac29-96acaa68fb4a	26f9a1ab-fa60-47f3-ac29-96acaa68fb4a;4a429750-5cdd-44bc-8b2f-9921c3d1102e	Primary Tumor;Solid Tissue Normal	26f9a1ab-fa60-47f3-ac29-96acaa68fb4a	Primary Tumor
SC004	3ac45a71-c463-4f0f-b030-58c475a34418	2	2	2	69d76e7a-e0cb-4a8d-b6cd-67d8702d2af9;9983a90e-9f72-4fe0-9d3b-62d25d3356ee	69d76e7a-e0cb-4a8d-b6cd-67d8702d2af9;9983a90e-9f72-4fe0-9d3b-62d25d3356ee	Primary Tumor;Recurrent Tumor	69d76e7a-e0cb-4a8d-b6cd-67d8702d2af9;9983a90e-9f72-4fe0-9d3b-62d25d3356ee	Primary Tumor;Recurrent Tumor
SC004	3e8a51bf-7e1f-4eab-af83-3c60d04db1bf	2	2	1	c505b908-c303-4e98-b0c3-d4252afd01c2	c505b908-c303-4e98-b0c3-d4252afd01c2;bbe91b44-cb43-4763-8783-169c458c5c3c	Primary Tumor;Recurrent Tumor	c505b908-c303-4e98-b0c3-d4252afd01c2;20a3261a-40e4-41ed-872a-78000f6bf41c	Primary Tumor;Blood Derived Normal
SC004	5abb6d80-fc39-49a4-8db5-3db24543feb6	2	2	1	e14eecdb-9843-4549-917b-ee1e3d77025d	e14eecdb-9843-4549-917b-ee1e3d77025d;a22ee89e-b248-496c-bd1c-90d09d4433e1	Primary Tumor;Recurrent Tumor	e14eecdb-9843-4549-917b-ee1e3d77025d;3d2248d8-b9e2-45f5-a778-835328528a77	Primary Tumor;Blood Derived Normal
SC004	7248cd60-be22-44bc-bc58-f644db0940a2	2	2	1	4b2b6e5e-248c-46f6-938a-95571577e02d	4b2b6e5e-248c-46f6-938a-95571577e02d;cba94907-4590-492b-88db-613d97208ccf	Primary Tumor;Recurrent Tumor	4b2b6e5e-248c-46f6-938a-95571577e02d;0276787c-0e07-4452-9eae-54e2778617d7	Primary Tumor;Blood Derived Normal
SC004	f9c835db-2ab6-4bf5-826f-48723493c0ec	2	2	1	fd3e7ba8-21a5-438b-82ee-482ed6905310	fd3e7ba8-21a5-438b-82ee-482ed6905310;b5163587-a94d-4674-9f11-76a5adc9151d	Primary Tumor;Recurrent Tumor	fd3e7ba8-21a5-438b-82ee-482ed6905310;8dd1b32f-3534-4002-b6a4-600f9a69d234	Primary Tumor;Blood Derived Normal
