dataset_id	total_cells	min_genes_threshold	cells_retained	cells_excluded	retention_percent
SC001	32341	200	32279	62	99.8083
SC001	32341	300	32164	177	99.4527
SC001	32341	400	31891	450	98.6086
SC001	32341	500	30924	1417	95.6186
SC001	32341	750	27421	4920	84.7871
SC002	52587	200	52514	73	99.8612
SC002	52587	300	52248	339	99.3554
SC002	52587	400	51719	868	98.3494
SC002	52587	500	50296	2291	95.6434
SC002	52587	750	44282	8305	84.2071
SC003	520	3000	519	1	99.8077
SC003	520	4000	518	2	99.6154
SC003	520	5000	515	5	99.0385
SC003	520	6000	513	7	98.6538
SC003	520	7500	494	26	95.0
SC004	19880	500	19878	2	99.9899
SC004	19880	750	19643	237	98.8078
SC004	19880	1000	19256	624	96.8612
SC004	19880	1250	18742	1138	94.2757
SC004	19880	1500	18041	1839	90.7495
