dataset_id	case_id	vital_status_values	baseline_alive	followup_dead	death_time_values	death_time_n	resolved_os_event	resolved_os_time	resolution_status
SC001	05534064-8b43-4c82-95da-70fd83bd6560	Alive|Dead	True	True	1197	1	1	1197	RESOLVED_DEAD_FOLLOWUP
SC001	096bd95f-9900-4db2-b1c4-103902c3b31f	Alive|Dead	True	True	550	1	1	550	RESOLVED_DEAD_FOLLOWUP
SC001	0b15fcb8-1fb7-497e-80b9-d3db66a3c0a2	Alive|Dead	True	True	243	1	1	243	RESOLVED_DEAD_FOLLOWUP
SC001	0d66bf6c-eed0-4726-bd5b-3bf6d610b4e0	Alive|Dead	True	True	1268	1	1	1268	RESOLVED_DEAD_FOLLOWUP
SC001	1070ff27-17c9-43dd-a4f6-daa643eb9123	Alive|Dead	True	True	702	1	1	702	RESOLVED_DEAD_FOLLOWUP
SC001	12c27db5-db2f-48dc-a2ca-9557b951f43e	Alive|Dead	True	True	468	1	1	468	RESOLVED_DEAD_FOLLOWUP
SC001	1575148b-0f63-44ee-86fd-93ae1a02be0b	Alive|Dead	True	True	250	1	1	250	RESOLVED_DEAD_FOLLOWUP
SC001	195a5afb-b79f-44d2-9d12-884487630c2b	Alive|Dead	True	True	281	1	1	281	RESOLVED_DEAD_FOLLOWUP
SC001	202e5df9-69f2-432c-a59d-cc5aa176e973	Alive|Dead	True	True	607	1	1	607	RESOLVED_DEAD_FOLLOWUP
SC001	205759a6-6391-491b-9857-0080c3a5871e	Alive|Dead	True	True	2027	1	1	2027	RESOLVED_DEAD_FOLLOWUP
SC001	21fb46f9-4bbb-441c-af19-a687e9138344	Alive|Dead	True	True	488	1	1	488	RESOLVED_DEAD_FOLLOWUP
SC001	23069f19-eba5-4ea5-ae7d-1ee4399ce7c1	Alive|Dead	True	True	1516	1	1	1516	RESOLVED_DEAD_FOLLOWUP
SC001	2a394996-809f-459f-a647-d209921ccbd2	Alive|Dead	True	True	340	1	1	340	RESOLVED_DEAD_FOLLOWUP
SC001	2cd8ea73-cb3f-4b17-9b97-fa12eb03b85b	Alive|Dead	True	True	469	1	1	469	RESOLVED_DEAD_FOLLOWUP
SC001	2db08267-d346-4d42-aac0-b76831903253	Dead	False	True		0			REVIEW_DEATH_RECORD
SC001	32592562-11fa-435a-b40b-2b242bae53aa	Alive|Dead	True	True	1115	1	1	1115	RESOLVED_DEAD_FOLLOWUP
SC001	34d8e84e-c3e1-417d-8b9b-8563d9fa0f8e	Alive|Dead	True	True	124	1	1	124	RESOLVED_DEAD_FOLLOWUP
SC001	362000e4-cf7c-48fc-93cc-8f5994b442ea	Alive|Dead	True	True	440	1	1	440	RESOLVED_DEAD_FOLLOWUP
SC001	36470b30-a3b3-4d28-851b-918a7ff88011	Alive|Dead	True	True	719	1	1	719	RESOLVED_DEAD_FOLLOWUP
SC001	3b89ac82-63f6-41b9-a03d-34b9ffc1550d	Alive|Dead	True	True	193	1	1	193	RESOLVED_DEAD_FOLLOWUP
SC001	433a32d0-93d1-4897-8e36-beb1ec1d998e	Alive|Dead	True	True	1498	1	1	1498	RESOLVED_DEAD_FOLLOWUP
SC001	44218b35-219c-4ad9-a01e-fde14067c4c0	Alive|Dead	True	True	1528	1	1	1528	RESOLVED_DEAD_FOLLOWUP
SC001	4ad63dac-76a7-4527-abce-d7a0184e8739	Alive|Dead	True	True	434	1	1	434	RESOLVED_DEAD_FOLLOWUP
SC001	4b92fce2-3772-40eb-ab34-a27937b58590	Alive|Dead	True	True	154	1	1	154	RESOLVED_DEAD_FOLLOWUP
SC001	528a0fce-0719-4b19-a69d-3f18681696c5	Alive|Dead	True	True	116	1	1	116	RESOLVED_DEAD_FOLLOWUP
SC001	532c1852-76dd-489f-9380-36766d6e3c34	Alive|Dead	True	True	625	1	1	625	RESOLVED_DEAD_FOLLOWUP
SC001	5510ad32-62fd-4adc-964a-ae4e997c2f4b	Alive|Dead	True	True	375	1	1	375	RESOLVED_DEAD_FOLLOWUP
SC001	58babefe-7e81-4594-ba29-50d1de92a5ab	Dead	False	True		0			REVIEW_DEATH_RECORD
SC001	63bd2175-4b7c-44c9-aef3-9efc8f79837b	Alive|Dead	True	True	275	1	1	275	RESOLVED_DEAD_FOLLOWUP
SC001	66ed89f6-8ba2-49d0-af0f-4b6ebf2381bf	Alive|Dead	True	True	1026	1	1	1026	RESOLVED_DEAD_FOLLOWUP
SC001	68b86559-38b2-41f2-b66e-c3c2b628b14d	Alive|Dead	True	True	808	1	1	808	RESOLVED_DEAD_FOLLOWUP
SC001	69dba721-a168-47a4-b7ff-80a448bad654	Alive|Dead	True	True	187	1	1	187	RESOLVED_DEAD_FOLLOWUP
SC001	7782ceaa-da49-4232-8b3f-534971adaad8	Alive|Dead	True	True	1531	1	1	1531	RESOLVED_DEAD_FOLLOWUP
SC001	78ae716b-0ca5-4c01-a053-d41288385fcd	Dead	False	True		0			REVIEW_DEATH_RECORD
SC001	7e7f089c-25f7-4e14-aed5-d741047b9e42	Alive|Dead	True	True	444	1	1	444	RESOLVED_DEAD_FOLLOWUP
SC001	7eb540b4-8dd3-4382-a488-e48b1c7213b3	Alive|Dead	True	True	308	1	1	308	RESOLVED_DEAD_FOLLOWUP
SC001	86faf16c-56fd-4b7b-a6b2-b4c83bec93e1	Alive|Dead	True	True	291	1	1	291	RESOLVED_DEAD_FOLLOWUP
SC001	8869000d-09d7-465a-ac32-54d1935c43e7	Alive|Dead	True	True	694	1	1	694	RESOLVED_DEAD_FOLLOWUP
SC001	9582b436-145b-4f84-8f7f-8b39b8254cc1	Alive|Dead	True	True	656	1	1	656	RESOLVED_DEAD_FOLLOWUP
SC001	9a63f744-4ed4-4b4d-aac6-f9bda66aa563	Dead	False	True		0			REVIEW_DEATH_RECORD
SC001	9c894668-88f5-4308-a1c0-6b8acc6aaaec	Alive|Dead	True	True	1046	1	1	1046	RESOLVED_DEAD_FOLLOWUP
SC001	a7911bdc-13f1-434a-bfa3-f8ba55d15846	Alive|Dead	True	True	995	1	1	995	RESOLVED_DEAD_FOLLOWUP
SC001	a815619f-dbba-469f-a1f7-dfbd51cd86c5	Alive|Dead	True	True	442	1	1	442	RESOLVED_DEAD_FOLLOWUP
SC001	ae39e358-08d7-4367-ae68-82b469e791e4	Alive|Dead	True	True	922	1	1	922	RESOLVED_DEAD_FOLLOWUP
SC001	b56dad1e-2fd5-47d8-9cc7-a54be9a1bae2	Alive|Dead	True	True	1215	1	1	1215	RESOLVED_DEAD_FOLLOWUP
SC001	b89de053-d253-447f-952e-9a2edcf6bca5	Alive|Dead	True	True	99	1	1	99	RESOLVED_DEAD_FOLLOWUP
SC001	bab43415-d413-40be-a4c0-2c40a52afe6a	Alive|Dead	True	True	761	1	1	761	RESOLVED_DEAD_FOLLOWUP
SC001	bf34664d-423d-4257-99d4-797f7d366455	Alive|Dead	True	True	409	1	1	409	RESOLVED_DEAD_FOLLOWUP
SC001	bf755bc2-b7aa-4c3c-8b3c-58b089b5cab6	Alive|Dead	True	True	343	1	1	343	RESOLVED_DEAD_FOLLOWUP
SC001	c0e263eb-1a83-4dc8-8abe-3dd2a59bae1b	Alive|Dead	True	True	19	1	1	19	RESOLVED_DEAD_FOLLOWUP
SC001	c1a01e8c-1f7e-4e24-bfad-90b73f88e992	Alive|Dead	True	True	697	1	1	697	RESOLVED_DEAD_FOLLOWUP
SC001	c4d1e105-28b7-48df-abef-fbe09782fdb2	Alive|Dead	True	True	1632	1	1	1632	RESOLVED_DEAD_FOLLOWUP
SC001	c650b1ff-8a4c-4ee9-b7c1-268c28c83827	Alive|Dead	True	True	503	1	1	503	RESOLVED_DEAD_FOLLOWUP
SC001	c9c533ee-e154-4a56-bce9-b5af37574b2f	Alive|Dead	True	True	561	1	1	561	RESOLVED_DEAD_FOLLOWUP
SC001	cbfef004-b437-4d51-9d88-a2db50aa6481	Alive|Dead	True	True	557	1	1	557	RESOLVED_DEAD_FOLLOWUP
SC001	cc3d9750-7ce0-489f-86d4-8017b7ebed29	Alive|Dead	True	True	1830	1	1	1830	RESOLVED_DEAD_FOLLOWUP
SC001	dcd066ba-5894-453e-b1da-82092858c3db	Alive|Dead	True	True	376	1	1	376	RESOLVED_DEAD_FOLLOWUP
SC001	e01e4fb3-236a-4d16-9073-555876b688e9	Alive|Dead	True	True	737	1	1	737	RESOLVED_DEAD_FOLLOWUP
SC001	e1c55bac-bb41-4964-add5-ecd6ba04b58d	Alive|Dead	True	True	478	1	1	478	RESOLVED_DEAD_FOLLOWUP
SC001	f17d3463-af6c-42c2-a8e9-fae45f69286f	Alive|Dead	True	True	171	1	1	171	RESOLVED_DEAD_FOLLOWUP
SC001	f1f80dd2-891d-46dd-a3e0-f007628cb515	Alive|Dead	True	True	300	1	1	300	RESOLVED_DEAD_FOLLOWUP
SC002	0a815133-0edd-4422-89f2-2f067b6f2156	Alive|Dead	True	True	306	1	1	306	RESOLVED_DEAD_FOLLOWUP
SC002	0dacc5ce-498f-4c60-9f78-7a013ffaa9ce	Alive|Dead	True	True	1661	1	1	1661	RESOLVED_DEAD_FOLLOWUP
SC002	13ae9d83-a22f-451f-88bb-686051725cf3	Alive|Dead	True	True	1158	1	1	1158	RESOLVED_DEAD_FOLLOWUP
SC002	13eff2e5-e33a-485f-9ba4-8a7ccb3c7528	Alive|Dead	True	True	472	1	1	472	RESOLVED_DEAD_FOLLOWUP
SC002	19d1a5fc-3ce9-4e43-a364-a4150bcf911b	Alive|Dead	True	True	1126	1	1	1126	RESOLVED_DEAD_FOLLOWUP
SC002	1e0789d6-7efb-4807-8d36-cd9224675a0c	Alive|Dead	True	True	511	1	1	511	RESOLVED_DEAD_FOLLOWUP
SC002	264c0d45-078a-4207-a101-71f99bcd237e	Alive|Dead	True	True	2003	1	1	2003	RESOLVED_DEAD_FOLLOWUP
SC002	2900eadd-7e27-4371-94e5-7d58cdff0138	Alive|Dead	True	True	338	1	1	338	RESOLVED_DEAD_FOLLOWUP
SC002	2a7bbafe-d499-4241-ba3d-a52ba0a5db3c	Alive|Dead	True	True	972	1	1	972	RESOLVED_DEAD_FOLLOWUP
SC002	2a971e32-b0e7-4a3f-8c40-62d69c0307d8	Alive|Dead	True	True	0	1	1	0	RESOLVED_DEAD_FOLLOWUP
SC002	2db3c23d-c591-4ea0-b0a8-ed9c4343c80e	Alive|Dead	True	True	2134	1	1	2134	RESOLVED_DEAD_FOLLOWUP
SC002	51dcbfac-6f04-4364-877d-0bf1bd566335	Alive|Dead	True	True	302	1	1	302	RESOLVED_DEAD_FOLLOWUP
SC002	565e2726-4942-4726-89d3-c5e3797f7204	Alive|Dead	True	True	1331	1	1	1331	RESOLVED_DEAD_FOLLOWUP
SC002	5e7074a6-5011-4dc5-950c-41365dbc6d09	Alive|Dead	True	True	331	1	1	331	RESOLVED_DEAD_FOLLOWUP
SC002	7144a65f-a63f-4b79-8fe2-cfe48696de03	Alive|Dead	True	True	0	1	1	0	RESOLVED_DEAD_FOLLOWUP
SC002	74a0264d-1d31-430d-9a88-e7334c8aa96c	Alive|Dead	True	True	1711	1	1	1711	RESOLVED_DEAD_FOLLOWUP
SC002	81f6b141-2195-4091-9cd3-dfb022663949	Alive|Dead	True	True	61	1	1	61	RESOLVED_DEAD_FOLLOWUP
SC002	85e95dda-6198-464a-9187-fd0832bebb72	Alive|Dead	True	True	1	1	1	1	RESOLVED_DEAD_FOLLOWUP
SC002	89a6384e-1cea-440b-9f17-d57cb0805174	Alive|Dead	True	True	1305	1	1	1305	RESOLVED_DEAD_FOLLOWUP
SC002	955464c8-9c62-430c-87b8-107db5c980a8	Alive|Dead	True	True	2532	1	1	2532	RESOLVED_DEAD_FOLLOWUP
SC002	9c45eaec-d854-4f51-80a3-2d80d6b4aebc	Alive|Dead	True	True	256	1	1	256	RESOLVED_DEAD_FOLLOWUP
SC002	9fd08502-355b-4f5a-a25c-73ec7184f6d3	Alive|Dead	True	True	262	1	1	262	RESOLVED_DEAD_FOLLOWUP
SC002	aa909ffb-03e1-4e3f-8888-2212b23d90b7	Alive|Dead	True	True	153	1	1	153	RESOLVED_DEAD_FOLLOWUP
SC002	ae6b315f-3f78-4695-adfa-48b0bbab2c89	Alive|Dead	True	True	1381	1	1	1381	RESOLVED_DEAD_FOLLOWUP
SC002	b76d1de7-6447-474d-bf67-77e0bb2da73a	Alive|Dead	True	True	682	1	1	682	RESOLVED_DEAD_FOLLOWUP
SC002	b95720b1-aa00-4c6a-b202-3350d035829f	Alive|Dead	True	True	214	1	1	214	RESOLVED_DEAD_FOLLOWUP
SC002	bce3ce45-4fb3-4d8e-9ec7-d24427c2ba4d	Alive|Dead	True	True	1095	1	1	1095	RESOLVED_DEAD_FOLLOWUP
SC002	c085da47-d634-491a-80ea-514e5a231f70	Alive|Dead	True	True	1493	1	1	1493	RESOLVED_DEAD_FOLLOWUP
SC002	d4e1472a-7b5f-46f4-acb7-b961f634e28e	Alive|Dead	True	True	1188	1	1	1188	RESOLVED_DEAD_FOLLOWUP
SC002	d5619045-060a-4b60-86e4-6a5774994fd4	Alive|Dead	True	True	242	1	1	242	RESOLVED_DEAD_FOLLOWUP
SC002	d976782c-90c1-421d-b83c-7fc2617e2709	Alive|Dead	True	True	740	1	1	740	RESOLVED_DEAD_FOLLOWUP
SC002	df5ab6cc-6f68-4b6b-95e2-954c6b57ba9c	Alive|Dead	True	True	306	1	1	306	RESOLVED_DEAD_FOLLOWUP
SC002	e2edbf3f-25d8-49aa-b656-2a59c3b99aeb	Alive|Dead	True	True	334	1	1	334	RESOLVED_DEAD_FOLLOWUP
SC002	e394e9ec-7288-4ede-9ef8-41b631d100dd	Alive|Dead	True	True	579	1	1	579	RESOLVED_DEAD_FOLLOWUP
SC002	e7af286b-3dec-4cf2-8fbd-fa64b3efdf7f	Alive|Dead	True	True	403	1	1	403	RESOLVED_DEAD_FOLLOWUP
SC002	ea923671-3903-4a79-830d-e7e4b1eabab0	Alive|Dead	True	True	176	1	1	176	RESOLVED_DEAD_FOLLOWUP
SC002	ebc5a6f8-34fd-48c1-a2b9-7f60f45fbf27	Alive|Dead	True	True	146	1	1	146	RESOLVED_DEAD_FOLLOWUP
SC002	eeb42912-0c7a-46bb-bd95-369b2b425727	Alive|Dead	True	True	188	1	1	188	RESOLVED_DEAD_FOLLOWUP
SC002	f3b9defb-88ed-4c95-9feb-7197d869676c	Alive|Dead	True	True	335	1	1	335	RESOLVED_DEAD_FOLLOWUP
SC002	fafd4576-0709-49e1-926f-ad1ee09907ec	Alive|Dead	True	True	504	1	1	504	RESOLVED_DEAD_FOLLOWUP
SC003	10c829ec-fd66-49c4-8afe-ad3ae567372c	Alive|Dead	True	True	320	1	1	320	RESOLVED_DEAD_FOLLOWUP
SC003	1402082d-25c9-4148-8a1e-f58450b706bb	Alive|Dead	True	True	3926	1	1	3926	RESOLVED_DEAD_FOLLOWUP
SC003	178b2c48-c07d-422e-ae17-8bcfd996ad51	Alive|Dead	True	True	7455	1	1	7455	RESOLVED_DEAD_FOLLOWUP
SC003	19015644-9c17-4ae7-a656-0fe8623c04ae	Alive|Dead	True	True	584	1	1	584	RESOLVED_DEAD_FOLLOWUP
SC003	1b703058-e596-45bc-80fe-8b98d545c2e2	Alive|Dead	True	True	1649	1	1	1649	RESOLVED_DEAD_FOLLOWUP
SC003	2ab1b35b-9e56-475c-ac9b-15ed0a422683	Alive|Dead	True	True	1275	1	1	1275	RESOLVED_DEAD_FOLLOWUP
SC003	2d4c778c-7f77-4f0a-8261-2086accf15fd	Alive|Dead	True	True	2911	1	1	2911	RESOLVED_DEAD_FOLLOWUP
SC003	32bc7cc4-d185-4594-bbee-4b96410be512	Alive|Dead	True	True	3409	1	1	3409	RESOLVED_DEAD_FOLLOWUP
SC003	38a631a1-6875-4216-a335-ee93c90a86d6	Alive|Dead	True	True	302	1	1	302	RESOLVED_DEAD_FOLLOWUP
SC003	3e637872-f5e5-49d3-bb0d-9c16b8713382	Alive|Dead	True	True	227	1	1	227	RESOLVED_DEAD_FOLLOWUP
SC003	4a831893-f4ca-4357-a756-b5e954e35dd7	Alive|Dead	True	True	904	1	1	904	RESOLVED_DEAD_FOLLOWUP
SC003	53886143-c1c6-40e9-88e6-e4e5e0271fc8	Alive|Dead	True	True	1439	1	1	1439	RESOLVED_DEAD_FOLLOWUP
SC003	59be60a3-e0f6-4d63-b98c-574ef92428c4	Alive|Dead	True	True	336	1	1	336	RESOLVED_DEAD_FOLLOWUP
SC003	5a4b7098-1f6a-49e9-b364-29d6d34f5bd5	Alive|Dead	True	True	3873	1	1	3873	RESOLVED_DEAD_FOLLOWUP
SC003	61204cdf-3b1c-44a1-bda6-0fef1ac4a333	Alive|Dead	True	True	1900	1	1	1900	RESOLVED_DEAD_FOLLOWUP
SC003	659b0170-e914-45ff-aa55-fcb8d3dc7b8a	Alive|Dead	True	True	786	1	1	786	RESOLVED_DEAD_FOLLOWUP
SC003	7dcf550c-90ce-4f63-aecd-0e46897e2a3e	Alive|Dead	True	True	0	1	1	0	RESOLVED_DEAD_FOLLOWUP
SC003	8218119a-f68b-4ea7-9ee4-5e2edc2ae342	Alive|Dead	True	True		0			REVIEW_DEATH_RECORD
SC003	8c7e74e0-71ef-49b8-9217-94b8ef740ef9	Alive|Dead	True	True	614	1	1	614	RESOLVED_DEAD_FOLLOWUP
SC003	8d5fe6e8-d2cc-481f-a6a1-9cb6e7982cde	Alive|Dead	True	True	1884	1	1	1884	RESOLVED_DEAD_FOLLOWUP
SC003	8e54232d-d8bb-4612-8b0e-4feb076a60f9	Alive|Dead	True	True	1468	1	1	1468	RESOLVED_DEAD_FOLLOWUP
SC003	9434687a-197c-4959-b6b8-9c05f1dd7f53	Alive|Dead	True	True	1152	1	1	1152	RESOLVED_DEAD_FOLLOWUP
SC003	94b95984-b2fb-4e42-8887-45e7086c3179	Alive|Dead	True	True	976	1	1	976	RESOLVED_DEAD_FOLLOWUP
SC003	955d4263-61f7-42e8-8a6e-772a0d6c209d	Alive|Dead	True	True	678	1	1	678	RESOLVED_DEAD_FOLLOWUP
SC003	959ff069-8a49-4c9b-85c2-5291cac0acff	Alive|Dead	True	True	1034	1	1	1034	RESOLVED_DEAD_FOLLOWUP
SC003	a824b3bd-34d5-4cc1-a92f-f9d6ac0f1814	Alive|Dead	True	True	385	1	1	385	RESOLVED_DEAD_FOLLOWUP
SC003	a8b1f6e7-2bcf-460d-b1c6-1792a9801119	Alive|Dead	True	True	1072	1	1	1072	RESOLVED_DEAD_FOLLOWUP
SC003	c07b122e-ac50-4db2-add2-5617a5d0e976	Alive|Dead	True	True	6593	1	1	6593	RESOLVED_DEAD_FOLLOWUP
SC003	c1442467-d618-435f-8792-b1a18f696f1a	Alive|Dead	True	True	792	1	1	792	RESOLVED_DEAD_FOLLOWUP
SC003	c3148e68-1739-4334-abda-1dcbc2166846	Alive|Dead	True	True	6456	1	1	6456	RESOLVED_DEAD_FOLLOWUP
SC003	c3a981c7-f148-4252-bd50-af8a49ec0df8	Alive|Dead	True	True	1104	1	1	1104	RESOLVED_DEAD_FOLLOWUP
SC003	c7c34fd9-3021-45b7-b6ff-30b4196585a8	Alive|Dead	True	True	3262	1	1	3262	RESOLVED_DEAD_FOLLOWUP
SC003	d071c16b-7cee-45ed-8ec9-612418143815	Alive|Dead	True	True	2348	1	1	2348	RESOLVED_DEAD_FOLLOWUP
SC003	d10a4887-373b-4726-a61d-126f950e4a06	Alive|Dead	True	True	1411	1	1	1411	RESOLVED_DEAD_FOLLOWUP
SC003	d5f2b85a-94a9-4168-bbe8-149ec71342b0	Alive|Dead	True	True	348	1	1	348	RESOLVED_DEAD_FOLLOWUP
SC003	d7ce6b79-f7c0-481e-9dbd-6273f01c9786	Alive|Dead	True	True	563	1	1	563	RESOLVED_DEAD_FOLLOWUP
SC003	d9fd2724-7db0-4af3-ac14-217bdfa5203f	Alive|Dead	True	True	446	1	1	446	RESOLVED_DEAD_FOLLOWUP
SC003	dbb2da92-99dd-400c-bc05-e87d7273656c	Alive|Dead	True	True	1004	1	1	1004	RESOLVED_DEAD_FOLLOWUP
SC003	dd67408e-46ba-4573-9415-d4814e9f84de	Alive|Dead	True	True	1048	1	1	1048	RESOLVED_DEAD_FOLLOWUP
SC003	de646f6a-6d50-4be2-b3cd-f17554b234df	Alive|Dead	True	True	2866	1	1	2866	RESOLVED_DEAD_FOLLOWUP
SC003	deba32e4-0e68-4711-941b-3b63bd965afb	Alive|Dead	True	True	1093	1	1	1093	RESOLVED_DEAD_FOLLOWUP
SC003	e6b79d7a-ed6b-459a-b040-d142616e7ab4	Alive|Dead	True	True	1324	1	1	1324	RESOLVED_DEAD_FOLLOWUP
SC003	ea8dbc7a-54c6-469c-865e-f49d00b0223d	Alive|Dead	True	True	385	1	1	385	RESOLVED_DEAD_FOLLOWUP
SC003	ee14e049-b891-4dda-a730-8ce99bd93baf	Alive|Dead	True	True	377	1	1	377	RESOLVED_DEAD_FOLLOWUP
SC003	f0de67ff-8967-4fce-9c12-0e07193285cd	Alive|Dead	True	True	821	1	1	821	RESOLVED_DEAD_FOLLOWUP
SC003	f251cb6c-d18e-4691-9c82-24ed1ac0abf9	Alive|Dead	True	True	2296	1	1	2296	RESOLVED_DEAD_FOLLOWUP
SC003	f6eebd4b-b63a-4a9c-92d3-0d954a8a6655	Alive|Dead	True	True	2636	1	1	2636	RESOLVED_DEAD_FOLLOWUP
SC003	fac173a8-1613-4bd4-87ba-83a2cfe8a37d	Alive|Dead	True	True	197	1	1	197	RESOLVED_DEAD_FOLLOWUP
SC004	0740321b-f8a5-4e1d-b390-ca6187598fac	Alive|Dead	True	True	3128	1	1	3128	RESOLVED_DEAD_FOLLOWUP
SC004	0ba7b6cc-e5f5-47d7-859a-24e31aa336ab	Alive|Dead	True	True	1843	1	1	1843	RESOLVED_DEAD_FOLLOWUP
SC004	0d5e232d-5aa2-4f6f-be58-ffd5f15ee0b8	Alive|Dead	True	True	2345	1	1	2345	RESOLVED_DEAD_FOLLOWUP
SC004	18e0e996-8f23-4f53-94a5-dde38b550863	Alive|Dead	True	True	1742	1	1	1742	RESOLVED_DEAD_FOLLOWUP
SC004	1cc02c64-a34e-46ae-9bc7-5d50f2fefb31	Alive|Dead	True	True	1039	1	1	1039	RESOLVED_DEAD_FOLLOWUP
SC004	29dccd25-4c4a-463b-a353-38a193337f38	Alive|Dead	True	True	868	1	1	868	RESOLVED_DEAD_FOLLOWUP
SC004	384170fc-e8be-426a-a54e-bf1ca61f2986	Dead	False	True	567|583	2			REVIEW_MULTIPLE_DEATH_TIMES
SC004	502e8d02-2953-4514-a2e1-6179dd94da73	Alive|Dead	True	True	1993	1	1	1993	RESOLVED_DEAD_FOLLOWUP
SC004	561968ce-da9a-4d69-8bc2-bc87b9550f93	Alive|Dead	True	True	1314	1	1	1314	RESOLVED_DEAD_FOLLOWUP
SC004	56a30462-2819-4c18-95be-8e73880a4921	Alive|Dead	True	True	2012	1	1	2012	RESOLVED_DEAD_FOLLOWUP
SC004	5c6f3cd4-19c5-418d-b1be-d3fbf63e99db	Alive|Dead	True	True	2012	1	1	2012	RESOLVED_DEAD_FOLLOWUP
SC004	63c6a89b-b28c-434a-a632-5de6545db731	Alive|Dead	True	True	3819	1	1	3819	RESOLVED_DEAD_FOLLOWUP
SC004	6cf9f872-2e59-45cf-bb5e-ebd7fa1b3caf	Alive|Dead	True	True	2811	1	1	2811	RESOLVED_DEAD_FOLLOWUP
SC004	70fe08bd-a0b4-4a88-b82e-813b176f8e40	Alive|Dead	True	True	592	1	1	592	RESOLVED_DEAD_FOLLOWUP
SC004	7248cd60-be22-44bc-bc58-f644db0940a2	Alive|Dead	True	True	2553	1	1	2553	RESOLVED_DEAD_FOLLOWUP
SC004	74dcdfb4-a637-4111-9a22-4b4bc7bbc8f7	Alive|Dead	True	True	2749	1	1	2749	RESOLVED_DEAD_FOLLOWUP
SC004	756f6768-e69a-4fe9-aa41-7c58aabe4577	Alive|Dead	True	True	1650	1	1	1650	RESOLVED_DEAD_FOLLOWUP
SC004	774ce281-96b2-467a-9170-079797ee10f7	Alive|Dead	True	True	1389	1	1	1389	RESOLVED_DEAD_FOLLOWUP
SC004	79e6e31c-22a1-481c-903b-ab5499cbd450	Alive|Dead	True	True	2182	1	1	2182	RESOLVED_DEAD_FOLLOWUP
SC004	85a85a11-7200-4e96-97af-6ba26d680d59	Alive|Dead	True	True	1484	1	1	1484	RESOLVED_DEAD_FOLLOWUP
SC004	8cad4217-5699-4735-9be3-fc0015a8d262	Alive|Dead	True	True	1355	1	1	1355	RESOLVED_DEAD_FOLLOWUP
SC004	8fac8e40-beac-4059-9d54-7ee530598cfd	Alive|Dead	True	True	1680	1	1	1680	RESOLVED_DEAD_FOLLOWUP
SC004	8fe44099-b313-4bfd-a94a-27e72f2a818c	Alive|Dead	True	True	1725	1	1	1725	RESOLVED_DEAD_FOLLOWUP
SC004	a9d3a7b0-faf8-4e56-8600-d9e6882a4f23	Alive|Dead	True	True	531	1	1	531	RESOLVED_DEAD_FOLLOWUP
SC004	b1e11e94-646b-4c44-9d33-1ca67d8356fb	Alive|Dead	True	True	619	1	1	619	RESOLVED_DEAD_FOLLOWUP
SC004	b8023162-5e82-40e6-ad8c-8acf81821f01	Alive|Dead	True	True	304	1	1	304	RESOLVED_DEAD_FOLLOWUP
SC004	b8c3d99c-429b-42a3-b486-6fbcb90cc2e0	Alive|Dead	True	True	1399	1	1	1399	RESOLVED_DEAD_FOLLOWUP
SC004	bcb87812-94e3-4dc0-867e-d049b44a2690	Alive|Dead	True	True	2133	1	1	2133	RESOLVED_DEAD_FOLLOWUP
SC004	dac96910-0cb2-44ea-b108-2d6d51b07112	Alive|Dead	True	True	1359	1	1	1359	RESOLVED_DEAD_FOLLOWUP
SC004	e732f81c-9b7d-44bd-a905-ff53fbed5009	Alive|Dead	True	True	1784	1	1	1784	RESOLVED_DEAD_FOLLOWUP
SC004	f1cb3d48-1415-408d-89d1-dfdcc5924963	Alive|Dead	False	True	1088	1	1	1088	RESOLVED_DEAD_FOLLOWUP
SC004	f50ee039-1da9-43d9-ac01-657ec77a7f32	Alive|Dead	True	True	2856	1	1	2856	RESOLVED_DEAD_FOLLOWUP
