dataset_id	case_id	bulk_sample	cnv_sample	decision	selection_action	reason
SC001	03d09c05-49ab-4ba6-a8d7-e7ccf71fafd2	c9dd827b-e0ae-4807-adbf-1a0bf2aeb52f	499df411-f9c5-45b1-96a8-4acc6d057a90	UNRESOLVED_NO_EXACT_IDENTITY	EXCLUDE_FROM_PAIRED_MULTIMODAL_ANALYSIS	Bulk and CNV samples differ; exact sample identity unavailable in validated audit schema
SC001	22302e92-fdfa-462a-9249-efdaa26ee5ed	5e244ef2-6bd6-4947-9b33-82d5b7c3dc36	aae346a0-532d-48a3-89b2-d0a614097fd5	UNRESOLVED_NO_EXACT_IDENTITY	EXCLUDE_FROM_PAIRED_MULTIMODAL_ANALYSIS	Bulk and CNV samples differ; exact sample identity unavailable in validated audit schema
SC001	37884d39-64e8-4242-b6bd-4c0a1daa21cd	fb9c6881-c503-45c8-b17a-b47a9e8d9003	f23f2a5d-195a-4ceb-9e95-399778fdd66f	UNRESOLVED_NO_EXACT_IDENTITY	EXCLUDE_FROM_PAIRED_MULTIMODAL_ANALYSIS	Bulk and CNV samples differ; exact sample identity unavailable in validated audit schema
SC001	4e7b2af4-b158-41a7-be22-bea227a759e6	65386909-c47a-486f-a8c8-fd9321d83de7	35038159-ad8d-44ce-b011-eed3b5cf8c95	UNRESOLVED_NO_EXACT_IDENTITY	EXCLUDE_FROM_PAIRED_MULTIMODAL_ANALYSIS	Bulk and CNV samples differ; exact sample identity unavailable in validated audit schema
SC001	8ab8c4ba-311e-41d0-85ea-a0245aca1bdd	ea2baaca-c8b1-4c4b-8890-47003f63f9b3	9543e6aa-1c83-423a-a604-02c4139e4e6a	UNRESOLVED_NO_EXACT_IDENTITY	EXCLUDE_FROM_PAIRED_MULTIMODAL_ANALYSIS	Bulk and CNV samples differ; exact sample identity unavailable in validated audit schema
SC001	df576520-a6b6-4c9b-8d06-3f59cc5342fd	56c937b3-b48f-4662-b992-3265dbb6bc7d	09990635-9be0-4da6-bfe3-17d393ae8b96	UNRESOLVED_NO_EXACT_IDENTITY	EXCLUDE_FROM_PAIRED_MULTIMODAL_ANALYSIS	Bulk and CNV samples differ; exact sample identity unavailable in validated audit schema
SC002	10881458-55b2-41d1-8358-4ee6ccb8ec85	685df015-1b7b-4993-bf05-e3206619dfba	413a3c76-e914-435c-8311-a874004a7b34	UNRESOLVED_NO_EXACT_IDENTITY	EXCLUDE_FROM_PAIRED_MULTIMODAL_ANALYSIS	Bulk and CNV samples differ; exact sample identity unavailable in validated audit schema
SC002	268c01b3-d2ce-44c0-a2fe-ea846a1253cc	d412011f-061c-43d6-8fa7-f917da658aff	b424f6a7-2d2a-4dab-832d-3288feeff3c7	UNRESOLVED_NO_EXACT_IDENTITY	EXCLUDE_FROM_PAIRED_MULTIMODAL_ANALYSIS	Bulk and CNV samples differ; exact sample identity unavailable in validated audit schema
SC002	733d8b6a-ca9d-4a69-8c9c-1f88733e8b68	767a5260-34f4-4bed-9cda-305bc431a402	46e88e56-d24f-4e70-b2dd-e87df153a137	UNRESOLVED_NO_EXACT_IDENTITY	EXCLUDE_FROM_PAIRED_MULTIMODAL_ANALYSIS	Bulk and CNV samples differ; exact sample identity unavailable in validated audit schema
SC002	80e677b1-5ebe-4069-a1a5-1538ffee6642	ba6e3333-3651-450e-a6ea-4e47cf0d18bf	2b81fc5f-9198-4d3a-a969-30affff7cf87	UNRESOLVED_NO_EXACT_IDENTITY	EXCLUDE_FROM_PAIRED_MULTIMODAL_ANALYSIS	Bulk and CNV samples differ; exact sample identity unavailable in validated audit schema
SC002	b16bb717-d1cf-4237-a554-43f3995b82f2	6321d710-519e-41b5-a728-c4ebc1f0bc11	62f24011-7ba8-4320-b1aa-7a15c50e4808	UNRESOLVED_NO_EXACT_IDENTITY	EXCLUDE_FROM_PAIRED_MULTIMODAL_ANALYSIS	Bulk and CNV samples differ; exact sample identity unavailable in validated audit schema
SC002	d7ebd11a-1339-4b28-be90-a788d2cfa706	46728e21-d62b-4588-abf2-8d3b39f00aeb	0f1eee94-87bf-459d-a211-05151c4c74a3	UNRESOLVED_NO_EXACT_IDENTITY	EXCLUDE_FROM_PAIRED_MULTIMODAL_ANALYSIS	Bulk and CNV samples differ; exact sample identity unavailable in validated audit schema
SC003	12d31787-e54d-4729-ace8-9141043c92b8	8da89b04-df25-4ed7-9d9a-e6c9478784e7	36b01fee-af23-41cd-b841-d619fbc8dcfa	UNRESOLVED_NO_EXACT_IDENTITY	EXCLUDE_FROM_PAIRED_MULTIMODAL_ANALYSIS	Bulk and CNV samples differ; exact sample identity unavailable in validated audit schema
SC003	16fc3677-0393-4ed1-ad3f-c8355f056369	a31dec9b-3626-4cb0-8265-1425d5ce1c1e	5d4b9024-0f9b-4688-91b8-417bc20adc43	UNRESOLVED_NO_EXACT_IDENTITY	EXCLUDE_FROM_PAIRED_MULTIMODAL_ANALYSIS	Bulk and CNV samples differ; exact sample identity unavailable in validated audit schema
SC003	2779fa01-ac93-4e80-a997-3385f72172c3	960d194f-fe39-42a0-831d-5c031cf93544	793be994-dedd-4a82-a409-89e0832abf23	UNRESOLVED_NO_EXACT_IDENTITY	EXCLUDE_FROM_PAIRED_MULTIMODAL_ANALYSIS	Bulk and CNV samples differ; exact sample identity unavailable in validated audit schema
SC003	295cf595-4a29-46a3-a0c5-e5f08f947031	e957973b-0b41-484f-9f16-a112bed3107e	9666df2a-0e17-485b-a67a-ae4ea6c12442	UNRESOLVED_NO_EXACT_IDENTITY	EXCLUDE_FROM_PAIRED_MULTIMODAL_ANALYSIS	Bulk and CNV samples differ; exact sample identity unavailable in validated audit schema
SC003	602083f0-18d9-48b6-a529-31e165c54b37	e6ff00d4-c0aa-417e-acec-ae4727ae63b0	01a618c9-8fd7-46bd-86d2-30085523cc19	UNRESOLVED_NO_EXACT_IDENTITY	EXCLUDE_FROM_PAIRED_MULTIMODAL_ANALYSIS	Bulk and CNV samples differ; exact sample identity unavailable in validated audit schema
SC003	6e6408d6-6c48-4dfc-9f1c-28b7386e87b4	2bf07767-58bd-4eb8-a0ff-434a9fdf5c8e	0d83af97-00e7-4597-9005-2ca4ad183962	UNRESOLVED_NO_EXACT_IDENTITY	EXCLUDE_FROM_PAIRED_MULTIMODAL_ANALYSIS	Bulk and CNV samples differ; exact sample identity unavailable in validated audit schema
SC003	6f0fd68f-ed6a-4c9e-be02-c97ba4950f76	a172db3e-b6d5-4153-adec-9e772d6c1971	1d7fa737-6771-469e-b07e-272834207819	UNRESOLVED_NO_EXACT_IDENTITY	EXCLUDE_FROM_PAIRED_MULTIMODAL_ANALYSIS	Bulk and CNV samples differ; exact sample identity unavailable in validated audit schema
SC003	71626753-cc34-4731-abc0-ae188b0964e7	f532eb4d-9e7d-47ef-9612-ceab05c79359	8a389368-deed-4ec0-972a-4deed9f01676	UNRESOLVED_NO_EXACT_IDENTITY	EXCLUDE_FROM_PAIRED_MULTIMODAL_ANALYSIS	Bulk and CNV samples differ; exact sample identity unavailable in validated audit schema
SC003	76099beb-0abe-4b56-8b4e-e4485e0402e6	dc2e6e86-4a3d-4f9b-ba04-6c0cbaef94a0	200b9d49-9389-4991-8831-a894cbe9872c	UNRESOLVED_NO_EXACT_IDENTITY	EXCLUDE_FROM_PAIRED_MULTIMODAL_ANALYSIS	Bulk and CNV samples differ; exact sample identity unavailable in validated audit schema
SC003	7e1673f8-5758-4963-8804-d5e39f06205b	905de5ec-787c-471d-964b-9db587003602	5a4702c0-5dc6-486c-b0fc-67c6099682f9	UNRESOLVED_NO_EXACT_IDENTITY	EXCLUDE_FROM_PAIRED_MULTIMODAL_ANALYSIS	Bulk and CNV samples differ; exact sample identity unavailable in validated audit schema
SC003	95cef916-5545-455b-920c-773a54fc7676	e05d13a2-8613-47d8-966c-e02544c4261f	1f617c60-d09c-4de3-9973-cf655bea3046	UNRESOLVED_NO_EXACT_IDENTITY	EXCLUDE_FROM_PAIRED_MULTIMODAL_ANALYSIS	Bulk and CNV samples differ; exact sample identity unavailable in validated audit schema
SC003	96312510-c126-485d-8109-ed81844a1dc3	46fecdc9-9d0d-41cd-811a-28731f0b7f92	3d611795-3ef6-4f22-b093-4dab08f11005	UNRESOLVED_NO_EXACT_IDENTITY	EXCLUDE_FROM_PAIRED_MULTIMODAL_ANALYSIS	Bulk and CNV samples differ; exact sample identity unavailable in validated audit schema
SC003	9e3de467-fb0d-4021-89f8-b34968a7c7bc	3cf5c205-2a3b-4f17-8e56-2078e88f615c	29b2ed7f-c4d4-4cea-9963-cc8e7bfa4d51	UNRESOLVED_NO_EXACT_IDENTITY	EXCLUDE_FROM_PAIRED_MULTIMODAL_ANALYSIS	Bulk and CNV samples differ; exact sample identity unavailable in validated audit schema
SC003	9f93ea0a-1687-44e0-9e8a-eeb4097d471c	aa1e0129-d008-4648-8098-24f1981bc386	56255fc2-95d6-450f-9e20-f78919544b22	UNRESOLVED_NO_EXACT_IDENTITY	EXCLUDE_FROM_PAIRED_MULTIMODAL_ANALYSIS	Bulk and CNV samples differ; exact sample identity unavailable in validated audit schema
SC003	a68a3361-48b4-4bd0-999d-b4cc3d43eb4a	c837bc65-d01d-4539-a5d4-6d9871b3bba4	90ea703c-bc33-4908-944c-36442f197972	UNRESOLVED_NO_EXACT_IDENTITY	EXCLUDE_FROM_PAIRED_MULTIMODAL_ANALYSIS	Bulk and CNV samples differ; exact sample identity unavailable in validated audit schema
SC003	b304302a-f2b9-4cd7-ab14-c21edf7778ea	ad9e6197-47ac-454c-9c33-1988e9b66611	8a462fa1-9503-45ca-a0bd-5ae24ecb07f9	UNRESOLVED_NO_EXACT_IDENTITY	EXCLUDE_FROM_PAIRED_MULTIMODAL_ANALYSIS	Bulk and CNV samples differ; exact sample identity unavailable in validated audit schema
SC003	c02699b5-580a-4d55-971e-f4692b2cce57	9d306f32-10bf-4ef7-ac97-91dc07d8eb4a	6ee3f3c5-a5e8-4625-940c-865b2da3d9c7	UNRESOLVED_NO_EXACT_IDENTITY	EXCLUDE_FROM_PAIRED_MULTIMODAL_ANALYSIS	Bulk and CNV samples differ; exact sample identity unavailable in validated audit schema
SC003	c25898b4-eb33-42f4-bf3f-bf532a929e7d	f4544809-7b92-40bc-b121-0db70c8af314	42904ba3-7206-44df-973a-d2ed5edb7166	UNRESOLVED_NO_EXACT_IDENTITY	EXCLUDE_FROM_PAIRED_MULTIMODAL_ANALYSIS	Bulk and CNV samples differ; exact sample identity unavailable in validated audit schema
SC003	caa9b533-24b4-4ecd-9159-c165de049f6a	d43f3908-db7e-4064-b245-9e7ae83a47cc	51adb82d-08ef-4477-afa4-b8d12d9fd06f	UNRESOLVED_NO_EXACT_IDENTITY	EXCLUDE_FROM_PAIRED_MULTIMODAL_ANALYSIS	Bulk and CNV samples differ; exact sample identity unavailable in validated audit schema
SC003	e783e518-c1e5-4eac-8eaf-e2d65ccd9692	f2f2b11f-a4eb-4260-b2b6-822544adad60	4efe55b1-94de-41d4-b4cb-266fa7a69010	UNRESOLVED_NO_EXACT_IDENTITY	EXCLUDE_FROM_PAIRED_MULTIMODAL_ANALYSIS	Bulk and CNV samples differ; exact sample identity unavailable in validated audit schema
SC003	e828455d-4680-41b2-8a1c-1582e3790d62	b9c728ca-9ff2-4aa4-bd9d-6cb69a8d7e2c	7fe64181-7faf-45d8-81b9-37b0824e4683	UNRESOLVED_NO_EXACT_IDENTITY	EXCLUDE_FROM_PAIRED_MULTIMODAL_ANALYSIS	Bulk and CNV samples differ; exact sample identity unavailable in validated audit schema
SC003	ec0ab947-9341-4fff-bda4-fdfb9434d508	da67ed79-947d-4f49-b1ee-b26b184693ca	7664e6e0-71f2-4411-96a2-a55d3889be45	UNRESOLVED_NO_EXACT_IDENTITY	EXCLUDE_FROM_PAIRED_MULTIMODAL_ANALYSIS	Bulk and CNV samples differ; exact sample identity unavailable in validated audit schema
SC004	60014a6e-6a13-4f92-bbfd-eeeee9632f98	1ad76860-b19e-45ac-b81a-bb0bdac2b5ab	0782977f-be95-4328-a9ab-e077fdb462cc	UNRESOLVED_NO_EXACT_IDENTITY	EXCLUDE_FROM_PAIRED_MULTIMODAL_ANALYSIS	Bulk and CNV samples differ; exact sample identity unavailable in validated audit schema
SC004	6a57948c-0dc5-4ea2-8043-380f26763752	b28f3b6f-8224-41e1-8777-23688e0155d1	71bc925a-2906-4859-9bd8-f1a63cadf2c1	UNRESOLVED_NO_EXACT_IDENTITY	EXCLUDE_FROM_PAIRED_MULTIMODAL_ANALYSIS	Bulk and CNV samples differ; exact sample identity unavailable in validated audit schema
SC004	7fd6ab8a-201e-431d-a886-6ab553b6ca36	f2a14f3d-6181-48d6-8f44-48b36ab1f246	0fdb716d-d203-4ac2-9250-d273715055d3;64b5eb1a-1d6e-477e-a33b-c9a4546daef3	UNRESOLVED_NO_EXACT_IDENTITY	EXCLUDE_FROM_PAIRED_MULTIMODAL_ANALYSIS	Bulk and CNV samples differ; exact sample identity unavailable in validated audit schema
SC004	91a17d40-c8cb-4cce-b306-966382a8fe4a	b469134f-2528-456e-bf69-c5b5a9268145	7542a379-8618-4e0a-b197-3932661c1533	UNRESOLVED_NO_EXACT_IDENTITY	EXCLUDE_FROM_PAIRED_MULTIMODAL_ANALYSIS	Bulk and CNV samples differ; exact sample identity unavailable in validated audit schema
SC004	d2c0d320-d1c5-4eed-af4f-15540e60db0b	ff14c071-ccce-4d44-8d0b-c4cbdfb59c8c	5c3cfb4d-f021-4e68-9cf2-97da47dd374d	UNRESOLVED_NO_EXACT_IDENTITY	EXCLUDE_FROM_PAIRED_MULTIMODAL_ANALYSIS	Bulk and CNV samples differ; exact sample identity unavailable in validated audit schema
