dataset_id	case_id	bulk_exact_matches	primary_tumor_bulk_cnv_matches	bulk_sample_types	cnv_sample_types	action
SC001	3c4ff061-d214-4d1c-8d2e-3034f207c252	1163fbc8-706b-4d7d-8454-bbb24e2bf27d;7c606f64-69a1-465c-9f4e-2eb1ebeda5d7	1163fbc8-706b-4d7d-8454-bbb24e2bf27d;7c606f64-69a1-465c-9f4e-2eb1ebeda5d7	Primary Tumor	Blood Derived Normal;Primary Tumor	QUARANTINE_NO_UNIQUE_DETERMINISTIC_BULK_SAMPLE
SC001	42ca54fc-c1ae-41cd-bca1-7fe9810db460	14f26352-b073-4ed8-8b2a-96b9429f25a0;5593f581-3d45-4a4a-a525-bfae1f4753a0	14f26352-b073-4ed8-8b2a-96b9429f25a0;5593f581-3d45-4a4a-a525-bfae1f4753a0	Primary Tumor	Primary Tumor	QUARANTINE_NO_UNIQUE_DETERMINISTIC_BULK_SAMPLE
SC001	6e3b6b72-142d-4b8d-a462-28a205796e41	2ff8bafd-2ac5-4bfd-8c60-81519cd44166;3a9be0ad-9ffd-4c4b-8b12-bae55310b0c7	2ff8bafd-2ac5-4bfd-8c60-81519cd44166;3a9be0ad-9ffd-4c4b-8b12-bae55310b0c7	Primary Tumor	Primary Tumor	QUARANTINE_NO_UNIQUE_DETERMINISTIC_BULK_SAMPLE
SC001	889aec8e-14ba-48d9-8fe1-f2416e82b333	43f5270a-f2f2-4dd9-83b5-486b805e35b8;62d62df2-aecf-4aa6-a687-a91a8ff7057a	43f5270a-f2f2-4dd9-83b5-486b805e35b8;62d62df2-aecf-4aa6-a687-a91a8ff7057a	Primary Tumor;Solid Tissue Normal	Primary Tumor	QUARANTINE_NO_UNIQUE_DETERMINISTIC_BULK_SAMPLE
SC001	ccda26c1-a6d6-4317-8cf8-8a87e15ce12e	1c79e3d0-1fdf-4157-8f58-91cb80ff7194;d2198941-e96f-40bd-9fbe-82886217d5db	1c79e3d0-1fdf-4157-8f58-91cb80ff7194;d2198941-e96f-40bd-9fbe-82886217d5db	Primary Tumor;Solid Tissue Normal	Blood Derived Normal;Primary Tumor	QUARANTINE_NO_UNIQUE_DETERMINISTIC_BULK_SAMPLE
SC001	e16ca88f-488b-40f0-9169-e5a62482a2ff	27a64f32-69c5-4c49-86b4-c8fc923cae08;a0a486e0-a85c-415a-b7c0-399d6b2e6e99	27a64f32-69c5-4c49-86b4-c8fc923cae08;a0a486e0-a85c-415a-b7c0-399d6b2e6e99	Primary Tumor	Primary Tumor	QUARANTINE_NO_UNIQUE_DETERMINISTIC_BULK_SAMPLE
SC001	fb79c491-7b01-42ae-8369-8364e442e31b	9c146f5d-ca52-4cb9-a64b-158593d038da;a0863fa6-515c-44fa-825f-f9e243f945f1	9c146f5d-ca52-4cb9-a64b-158593d038da;a0863fa6-515c-44fa-825f-f9e243f945f1	Primary Tumor;Solid Tissue Normal	Primary Tumor	QUARANTINE_NO_UNIQUE_DETERMINISTIC_BULK_SAMPLE
SC002	4beee9d4-ee52-4fed-bcc4-d300f5ddd4d0	7ff8b9ce-57b0-4e8d-8607-aef212854f56;8bbfb052-46f4-46e6-8c34-e0b9923c3426	7ff8b9ce-57b0-4e8d-8607-aef212854f56;8bbfb052-46f4-46e6-8c34-e0b9923c3426	Primary Tumor	Primary Tumor	QUARANTINE_NO_UNIQUE_DETERMINISTIC_BULK_SAMPLE
SC002	4c6c8d3d-e4a3-490a-9211-cfbe7e6ee25b	4582b393-8635-4b82-871b-1fa117abfece;f4337307-e3c2-46f5-aa59-e77e6e64d734	4582b393-8635-4b82-871b-1fa117abfece;f4337307-e3c2-46f5-aa59-e77e6e64d734	Primary Tumor;Solid Tissue Normal	Primary Tumor	QUARANTINE_NO_UNIQUE_DETERMINISTIC_BULK_SAMPLE
SC002	88832340-46ad-449c-8f81-6a8e5b495510	a7fdc16c-890d-4676-82bc-5a81c715c73a;a8635b10-cbf2-461b-b459-e82e2aec4589	a7fdc16c-890d-4676-82bc-5a81c715c73a;a8635b10-cbf2-461b-b459-e82e2aec4589	Primary Tumor	Primary Tumor	QUARANTINE_NO_UNIQUE_DETERMINISTIC_BULK_SAMPLE
SC002	98d45099-feae-4dad-aa38-ec03fed6d999	7bbba7d3-c921-4063-8a82-3496aa6b89d5;81f1e9f6-541f-43df-93cf-c11a569bac93	7bbba7d3-c921-4063-8a82-3496aa6b89d5;81f1e9f6-541f-43df-93cf-c11a569bac93	Primary Tumor;Solid Tissue Normal	Primary Tumor	QUARANTINE_NO_UNIQUE_DETERMINISTIC_BULK_SAMPLE
SC002	b728e6e8-a0e4-496b-904c-6f07c12e901f	996d2576-2f47-42b3-84dd-80448843abd6;f2bd44d3-a53c-4a10-9ae1-a93e762f174c	996d2576-2f47-42b3-84dd-80448843abd6;f2bd44d3-a53c-4a10-9ae1-a93e762f174c	Primary Tumor	Blood Derived Normal;Primary Tumor	QUARANTINE_NO_UNIQUE_DETERMINISTIC_BULK_SAMPLE
SC002	eb4e4e09-98b3-4e85-8dd2-75676ff2af14	0230996e-7ee3-4360-a790-fb420d0b60ba;b85efaf6-8cb4-4929-b29e-4655c107f61a	0230996e-7ee3-4360-a790-fb420d0b60ba;b85efaf6-8cb4-4929-b29e-4655c107f61a	Primary Tumor	Blood Derived Normal;Primary Tumor	QUARANTINE_NO_UNIQUE_DETERMINISTIC_BULK_SAMPLE
SC003	3b7b9c1e-a84c-47ed-983c-9e4b00cbf01a	0edccd9b-72e9-4c69-899e-4bba4dbacb40;29619d1e-e8b4-411e-bbba-07f2cfb69e8a	0edccd9b-72e9-4c69-899e-4bba4dbacb40;29619d1e-e8b4-411e-bbba-07f2cfb69e8a	Primary Tumor	Primary Tumor	QUARANTINE_NO_UNIQUE_DETERMINISTIC_BULK_SAMPLE
SC003	67c5f371-3fa9-47c5-8b15-c2dd9acc8519	11f78e42-43e5-4bd5-9f88-e5a195aece83;fd735dc5-2ec3-43bd-b1b1-8fa811be0633	11f78e42-43e5-4bd5-9f88-e5a195aece83;fd735dc5-2ec3-43bd-b1b1-8fa811be0633	Primary Tumor	Blood Derived Normal;Primary Tumor	QUARANTINE_NO_UNIQUE_DETERMINISTIC_BULK_SAMPLE
SC003	6cb6f179-defd-4661-af0a-c353b74c0c49	10cee689-473e-4b9b-bffd-313202835e34;31a140ce-bcb7-46b4-8105-626c9db1e183	10cee689-473e-4b9b-bffd-313202835e34;31a140ce-bcb7-46b4-8105-626c9db1e183	Primary Tumor	Primary Tumor	QUARANTINE_NO_UNIQUE_DETERMINISTIC_BULK_SAMPLE
SC003	f2622cdb-ac92-42b3-a1ca-67e133c3dd4a	18140097-dcf9-4882-baa9-5f6c93585c4b;42c7e92b-6820-4562-9e32-a424a99a6cba	18140097-dcf9-4882-baa9-5f6c93585c4b;42c7e92b-6820-4562-9e32-a424a99a6cba	Primary Tumor	Blood Derived Normal;Primary Tumor	QUARANTINE_NO_UNIQUE_DETERMINISTIC_BULK_SAMPLE
