dataset_id	metric	n_cells	min	p01	p05	q1	median	q3	p95	p99	max
SC001	genes	32341	89	370.80000000000007	518	996	1493	2111	4186	6327.199999999968	11010
SC001	sum	32341	999999.8032189837	999999.9000847646	999999.9325925378	999999.9712672139	999999.9992842186	1000000.0287894165	1000000.0698716699	1000000.114032276	1000000.2096885135
SC001	zero	32341	0.5408482422119354	0.7361357854789607	0.8254305850952917	0.9119646357229242	0.9377371867050336	0.9584636556987364	0.9783977647107887	0.9845364694107342	0.9962884190333208
SC002	genes	52587	63	347.0	517.0	945.0	1438	2523.0	5219.699999999997	7456.419999999998	10779
SC002	sum	52587	999999.7631189002	999999.8815957215	999999.9274210699	999999.9704097545	999999.9987827067	1000000.0301822799	1000000.0753213093	1000000.1253563894	1000000.2113247022
SC002	zero	52587	0.5886505876965349	0.7154472599603114	0.8008052205770112	0.9037169897725538	0.9451228820027476	0.9639368035414441	0.9802701877575942	0.9867577469088689	0.997595786902763
SC003	genes	520	2926	5156.900000000001	7509.2	9289.0	10701.0	11798.75	12826.75	13605.91	14471
SC003	sum	520	999999.835669507	999999.873112438	999999.9074048878	999999.9618232808	999999.9992538413	1000000.0369089844	1000000.0965110343	1000000.12436391	1000000.1517616248
SC003	zero	520	0.49525636553889085	0.5254304150680155	0.5526072549703522	0.5884635507499127	0.6267527031740495	0.6760027903732124	0.7380816184164632	0.8201290547610728	0.8979420997558424
SC004	genes	19880	451	723.0	1187.0	2196.0	2838.0	3450.0	4524.049999999999	5265.209999999999	8122
SC004	sum	19880	999999.802214752	999999.898188446	999999.933757047	999999.9725054472	999999.9989922537	1000000.0286093364	1000000.0683025643	1000000.1101461132	1000000.1839531346
SC004	zero	19880	0.6511767737502148	0.7738700395121113	0.8057013399759492	0.8518295825459543	0.8781137261638894	0.9056863081944683	0.9490207868063907	0.9689486342552825	0.9806304758632537
