resolution	cluster	cell_count	fraction_total	SC001	SC002	SC003	SC004
0.2	0	22360	0.21359724119484538	11019	11307	34	0
0.2	1	635	0.006065932386347354	0	635	0	0
0.2	10	4851	0.046339902371922856	0	3	0	4848
0.2	11	1260	0.01203633827842152	572	688	0	0
0.2	12	484	0.004623482322822235	160	268	11	45
0.2	13	3604	0.03442774853605648	295	46	6	3257
0.2	14	3380	0.03228795506433709	358	4	15	3003
0.2	15	2152	0.02055730156758977	32	2104	16	0
0.2	16	2577	0.024617177574200205	0	2570	7	0
0.2	17	4035	0.03854494043923082	0	0	4	4031
0.2	18	4144	0.03958617922680856	0	0	10	4134
0.2	2	16112	0.15391228757295836	11480	4589	43	0
0.2	3	6345	0.06061156061633694	2255	3992	80	18
0.2	4	445	0.004250928995156807	211	0	234	0
0.2	5	3910	0.03735085926081599	1330	2578	2	0
0.2	6	1532	0.014634658922652198	1492	38	2	0
0.2	7	6246	0.05966584832303239	740	5502	4	0
0.2	8	11887	0.11355234374253699	1706	9620	34	527
0.2	9	8724	0.08333731360392804	485	8221	13	5
0.4	0	9536	0.09109406493891081	5209	4314	13	0
0.4	1	12833	0.12258915010078045	5818	6994	21	0
0.4	10	6850	0.06543564857713287	362	6470	13	5
0.4	11	635	0.006065932386347354	0	635	0	0
0.4	12	5714	0.05458383882769886	2110	3564	40	0
0.4	13	4900	0.046807982193861467	1342	3124	2	432
0.4	14	3390	0.03238348155861028	13	3363	6	8
0.4	15	1833	0.017510006400275117	122	1711	0	0
0.4	16	1281	0.012236943916395212	590	691	0	0
0.4	17	2572	0.02456941432706361	0	2565	7	0
0.4	18	3190	0.030472951673146547	26	3120	26	18
0.4	19	2166	0.020691038659572232	32	2118	16	0
0.4	2	3895	0.03720756951940621	1315	2578	2	0
0.4	20	3912	0.03736996455967063	527	61	6	3318
0.4	21	3370	0.03219242857006391	339	4	15	3012
0.4	22	4851	0.046339902371922856	0	3	0	4848
0.4	23	4034	0.038535387789803505	0	0	4	4030
0.4	24	4144	0.03958617922680856	0	0	10	4134
0.4	3	9452	0.09029164238701604	5582	3829	41	0
0.4	4	1596	0.015246028486000592	775	763	40	18
0.4	5	492	0.004699903518240784	161	275	11	45
0.4	6	5673	0.054192180201178795	5255	416	2	0
0.4	7	445	0.004250928995156807	211	0	234	0
0.4	8	1646	0.015723660957366527	1606	38	2	0
0.4	9	6273	0.059923769857569996	740	5529	4	0
0.6	0	9162	0.08752137405309363	4887	4262	13	0
0.6	1	12651	0.12085056790500845	5593	7037	21	0
0.6	10	3913	0.03737951720909794	1331	2580	2	0
0.6	11	120	0.00114631793127824	71	46	3	0
0.6	12	2766	0.026422628315963433	246	2262	8	250
0.6	13	1596	0.015246028486000592	1592	2	2	0
0.6	14	543	0.005187088639034036	539	4	0	0
0.6	15	6272	0.059914217208142675	740	5528	4	0
0.6	16	1249	0.011931259134721015	1	1247	1	0
0.6	17	1196	0.011424968715073126	1179	17	0	0
0.6	18	3261	0.031151189782486172	205	3052	4	0
0.6	19	1281	0.012236943916395212	590	691	0	0
0.6	2	9280	0.08864858668551723	5450	3792	38	0
0.6	20	1836	0.01753866434855707	124	1712	0	0
0.6	21	490	0.004680798219386147	160	274	11	45
0.6	22	3100	0.02961321322468787	471	7	5	2617
0.6	23	3012	0.028772580075083824	13	2959	26	14
0.6	24	3421	0.03267961369085716	341	4	15	3061
0.6	25	2163	0.020662380711290278	33	2114	16	0
0.6	26	488	0.00466169292053151	25	3	1	459
0.6	27	4845	0.04628258647535894	0	3	0	4842
0.6	28	635	0.006065932386347354	0	635	0	0
0.6	29	4034	0.038535387789803505	0	0	4	4030
0.6	3	4521	0.04318752806090769	4110	409	2	0
0.6	30	4144	0.03958617922680856	0	0	10	4134
0.6	4	1596	0.015246028486000592	796	742	40	18
0.6	5	5720	0.05464115472426277	2111	3569	40	0
0.6	6	445	0.004250928995156807	211	0	234	0
0.6	7	4977	0.04754353619976501	1293	3291	2	391
0.6	8	3397	0.03245035010460151	23	3361	6	7
0.6	9	2569	0.024540756378781656	0	2562	7	0
0.8	0	9253	0.08839066515097962	4896	4344	13	0
0.8	1	484	0.004623482322822235	470	14	0	0
0.8	10	2940	0.02808478931631688	254	2435	8	243
0.8	11	1524	0.014558237727233648	1520	2	2	0
0.8	12	545	0.005206193937888673	541	4	0	0
0.8	13	6147	0.058720136029727844	611	5532	4	0
0.8	14	491	0.004690350868813465	161	274	11	45
0.8	15	4679	0.04469684667042404	1177	3114	2	386
0.8	16	525	0.0050151409493423005	459	6	0	60
0.8	17	3413	0.03260319249543861	25	3375	6	7
0.8	18	5711	0.05455518087941691	2109	3563	39	0
0.8	19	1315	0.012561733996924047	5	1309	1	0
0.8	2	12067	0.11527182063945435	5109	6937	21	0
0.8	20	1281	0.012236943916395212	590	691	0	0
0.8	21	3007	0.028724816827947232	190	2813	4	0
0.8	22	1838	0.01755776964741171	124	1714	0	0
0.8	23	3179	0.030367872529446043	26	3106	26	21
0.8	24	2159	0.020624170113581003	33	2110	16	0
0.8	25	2590	0.024741362016755346	0	2583	7	0
0.8	26	2772	0.026479944212527345	200	1	5	2566
0.8	27	3414	0.03261274514486593	339	4	15	3056
0.8	28	129	0.001232291776124108	129	0	0	0
0.8	29	485	0.004633034972249554	19	3	1	462
0.8	3	3508	0.033510694191033884	2029	1457	22	0
0.8	30	4843	0.046263481176504306	0	3	0	4840
0.8	31	635	0.006065932386347354	0	635	0	0
0.8	32	4034	0.038535387789803505	0	0	4	4030
0.8	33	4144	0.03958617922680856	0	0	10	4134
0.8	4	5933	0.05667586905228165	3519	2395	19	0
0.8	5	4357	0.04162089355482743	4015	340	2	0
0.8	6	1197	0.011434521364500445	1180	17	0	0
0.8	7	1736	0.016583399405825205	871	806	41	18
0.8	8	445	0.004250928995156807	211	0	234	0
0.8	9	3903	0.03728399071482476	1323	2578	2	0
1.0	0	7747	0.07400437511343771	3676	4061	10	0
1.0	1	527	0.005034246248196937	515	12	0	0
1.0	10	5472	0.052272097666287744	3263	2192	17	0
1.0	11	445	0.004250928995156807	211	0	234	0
1.0	12	3903	0.03728399071482476	1323	2578	2	0
1.0	13	119	0.0011367652818509214	70	46	3	0
1.0	14	1574	0.015035870198599581	1534	38	2	0
1.0	15	546	0.005215746587315992	542	4	0	0
1.0	16	6157	0.058815662524001035	615	5538	4	0
1.0	17	136	0.0012991603221153387	132	4	0	0
1.0	18	1235	0.011797522042738554	1	1233	1	0
1.0	19	2745	0.026222022677989742	1110	1631	4	0
1.0	2	9263	0.08848619164525282	3957	5294	12	0
1.0	20	5726	0.05469847062082669	2115	3572	39	0
1.0	21	3275	0.031284926874468634	206	3065	4	0
1.0	22	1281	0.012236943916395212	590	691	0	0
1.0	23	1834	0.017519559049702434	124	1710	0	0
1.0	24	524	0.005005588299914982	458	6	0	60
1.0	25	889	0.008492305340886295	39	366	6	478
1.0	26	2708	0.02586857464917895	229	2222	8	249
1.0	27	2170	0.020729249257281507	33	2121	16	0
1.0	28	4846	0.04629213912478626	0	3	0	4843
1.0	29	2846	0.027186840270148924	26	2786	22	12
1.0	3	511	0.004881403857359839	166	284	16	45
1.0	30	2603	0.02486554645931049	0	2596	7	0
1.0	31	4569	0.04364605523341899	1140	3054	1	374
1.0	32	442	0.004222271046874851	85	300	39	18
1.0	33	3407	0.0325458765988747	24	3371	6	6
1.0	34	3440	0.03286111402997621	357	5	15	3063
1.0	35	2761	0.026374865068826837	199	1	5	2556
1.0	36	635	0.006065932386347354	0	635	0	0
1.0	37	4034	0.038535387789803505	0	0	4	4030
1.0	38	4144	0.03958617922680856	0	0	10	4134
1.0	4	1489	0.014223894997277496	1205	281	3	0
1.0	5	3748	0.03580333005359036	2161	1566	21	0
1.0	6	916	0.008750226875423898	901	15	0	0
1.0	7	4513	0.04311110686548914	4136	375	2	0
1.0	8	277	0.002646083891367271	276	1	0	0
1.0	9	1226	0.011711548197892685	716	508	2	0
