dataset_id	cells	centroid_distance_from_global_PC1_10	mean_within_dataset_distance_PC1_10	between_within_ratio
SC001	32135	8.255607368843467	16.01708222551896	0.5154251724880549
SC002	52165	4.721419359030056	17.654305718739263	0.2674372719182312
SC003	515	22.060963641584387	11.167173208244265	1.975519070958592
SC004	19868	18.848707366273263	12.547499333511684	1.5021883536532576

PAIRWISE_CENTROID_DISTANCE				
dataset_A	dataset_B	centroid_distance_PC1_10
SC001	SC002	9.11108512126403
SC001	SC003	26.26185067304299
SC001	SC004	25.689025564444126
SC002	SC003	23.499677125612642
SC002	SC004	22.48394070541859
SC003	SC004	23.141237312731516
