xml_tag	value	count	unique_values_for_tag	nonempty_values
vital_status	Alive	4193	2	5262
vital_status	Dead	1069	2	5262
days_to_death	0	12	551	1059
days_to_death	949	8	551	1059
days_to_death	336	6	551	1059
days_to_death	1073	6	551	1059
days_to_death	61	6	551	1059
days_to_death	153	6	551	1059
days_to_death	976	5	551	1059
days_to_death	896	5	551	1059
days_to_death	2965	5	551	1059
days_to_death	524	5	551	1059
days_to_death	1484	5	551	1059
days_to_death	354	4	551	1059
days_to_death	574	4	551	1059
days_to_death	179	4	551	1059
days_to_death	1499	4	551	1059
days_to_death	385	4	551	1059
days_to_death	1265	4	551	1059
days_to_death	244	4	551	1059
days_to_death	800	4	551	1059
days_to_death	189	4	551	1059
days_to_death	701	4	551	1059
days_to_death	1492	4	551	1059
days_to_death	711	4	551	1059
days_to_death	91	4	551	1059
days_to_death	97	4	551	1059
days_to_death	760	4	551	1059
days_to_death	172	4	551	1059
days_to_death	1	4	551	1059
days_to_death	743	4	551	1059
days_to_death	1348	4	551	1059
days_to_death	991	4	551	1059
days_to_death	365	4	551	1059
days_to_death	2097	4	551	1059
days_to_death	883	4	551	1059
days_to_death	1032	4	551	1059
days_to_death	548	4	551	1059
days_to_death	563	4	551	1059
days_to_death	1024	4	551	1059
days_to_death	1354	4	551	1059
days_to_death	679	4	551	1059
days_to_death	820	4	551	1059
days_to_death	1102	4	551	1059
days_to_death	1579	4	551	1059
days_to_death	629	4	551	1059
days_to_death	1583	4	551	1059
days_to_death	31	4	551	1059
days_to_death	676	4	551	1059
days_to_death	1446	4	551	1059
days_to_death	608	4	551	1059
days_to_death	594	3	551	1059
days_to_death	468	3	551	1059
days_to_death	434	3	551	1059
days_to_death	3169	3	551	1059
days_to_death	1516	3	551	1059
days_to_death	995	3	551	1059
days_to_death	260	3	551	1059
days_to_death	952	3	551	1059
days_to_death	176	3	551	1059
days_to_death	4961	3	551	1059
days_to_death	879	3	551	1059
days_to_death	321	3	551	1059
days_to_death	1357	3	551	1059
days_to_death	74	3	551	1059
days_to_death	1046	3	551	1059
days_to_death	442	3	551	1059
days_to_death	1229	3	551	1059
days_to_death	457	3	551	1059
days_to_death	737	3	551	1059
days_to_death	624	3	551	1059
days_to_death	306	3	551	1059
days_to_death	1158	3	551	1059
days_to_death	427	3	551	1059
days_to_death	90	3	551	1059
days_to_death	405	3	551	1059
days_to_death	30	3	551	1059
days_to_death	1793	3	551	1059
days_to_death	1993	3	551	1059
days_to_death	1688	3	551	1059
days_to_death	1104	3	551	1059
days_to_death	446	3	551	1059
days_to_death	1004	3	551	1059
days_to_death	1324	3	551	1059
days_to_death	377	3	551	1059
days_to_death	821	3	551	1059
days_to_death	197	3	551	1059
days_to_death	304	3	551	1059
days_to_death	1088	3	551	1059
days_to_death	38	2	551	1059
days_to_death	1421	2	551	1059
days_to_death	428	2	551	1059
days_to_death	777	2	551	1059
days_to_death	1379	2	551	1059
days_to_death	653	2	551	1059
days_to_death	1288	2	551	1059
days_to_death	864	2	551	1059
days_to_death	460	2	551	1059
days_to_death	1258	2	551	1059
days_to_death	87	2	551	1059
days_to_death	4	2	551	1059
days_to_death	444	2	551	1059
days_to_death	987	2	551	1059
days_to_death	282	2	551	1059
days_to_death	826	2	551	1059
days_to_death	268	2	551	1059
days_to_death	116	2	551	1059
days_to_death	1043	2	551	1059
days_to_death	237	2	551	1059
days_to_death	2318	2	551	1059
days_to_death	1026	2	551	1059
days_to_death	1622	2	551	1059
days_to_death	2393	2	551	1059
days_to_death	464	2	551	1059
days_to_death	1293	2	551	1059
days_to_death	370	2	551	1059
days_to_death	628	2	551	1059
days_to_death	119	2	551	1059
days_to_death	2174	2	551	1059
days_to_death	118	2	551	1059
days_to_death	666	2	551	1059
days_to_death	905	2	551	1059
days_to_death	22	2	551	1059
days_to_death	1600	2	551	1059
days_to_death	258	2	551	1059
days_to_death	999	2	551	1059
days_to_death	855	2	551	1059
days_to_death	1725	2	551	1059
days_to_death	1167	2	551	1059
days_to_death	1081	2	551	1059
days_to_death	62	2	551	1059
days_to_death	500	2	551	1059
days_to_death	593	2	551	1059
days_to_death	929	2	551	1059
days_to_death	1147	2	551	1059
days_to_death	869	2	551	1059
days_to_death	18	2	551	1059
days_to_death	586	2	551	1059
days_to_death	626	2	551	1059
days_to_death	1235	2	551	1059
days_to_death	257	2	551	1059
days_to_death	582	2	551	1059
days_to_death	1171	2	551	1059
days_to_death	807	2	551	1059
days_to_death	2681	2	551	1059
days_to_death	1094	2	551	1059
days_to_death	426	2	551	1059
days_to_death	49	2	551	1059
days_to_death	29	2	551	1059
days_to_death	643	2	551	1059
days_to_death	858	2	551	1059
days_to_death	302	2	551	1059
days_to_death	899	2	551	1059
days_to_death	236	2	551	1059
days_to_death	496	2	551	1059
days_to_death	424	2	551	1059
days_to_death	758	2	551	1059
days_to_death	3042	2	551	1059
days_to_death	159	2	551	1059
days_to_death	2821	2	551	1059
days_to_death	1881	2	551	1059
days_to_death	1910	2	551	1059
days_to_death	383	2	551	1059
days_to_death	805	2	551	1059
days_to_death	334	2	551	1059
days_to_death	1503	2	551	1059
days_to_death	1162	2	551	1059
days_to_death	43	2	551	1059
days_to_death	357	2	551	1059
days_to_death	290	2	551	1059
days_to_death	494	2	551	1059
days_to_death	680	2	551	1059
days_to_death	156	2	551	1059
days_to_death	570	2	551	1059
days_to_death	59	2	551	1059
days_to_death	228	2	551	1059
days_to_death	2475	2	551	1059
days_to_death	206	2	551	1059
days_to_death	1849	2	551	1059
days_to_death	571	2	551	1059
days_to_death	538	2	551	1059
days_to_death	2483	2	551	1059
days_to_death	1812	2	551	1059
days_to_death	255	2	551	1059
days_to_death	723	2	551	1059
days_to_death	2373	2	551	1059
days_to_death	3941	2	551	1059
days_to_death	2573	2	551	1059
days_to_death	1034	2	551	1059
days_to_death	266	2	551	1059
days_to_death	3945	2	551	1059
days_to_death	158	2	551	1059
days_to_death	4456	2	551	1059
days_to_death	239	2	551	1059
days_to_death	616	2	551	1059
days_to_death	322	2	551	1059
days_to_death	362	2	551	1059
days_to_death	3126	2	551	1059
days_to_death	860	2	551	1059
days_to_death	2469	2	551	1059
days_to_death	1781	2	551	1059
days_to_death	2361	2	551	1059
days_to_death	1920	2	551	1059
days_to_death	1127	2	551	1059
days_to_death	749	2	551	1059
days_to_death	943	2	551	1059
days_to_death	2417	2	551	1059
days_to_death	3063	2	551	1059
days_to_death	1365	2	551	1059
days_to_death	2551	2	551	1059
days_to_death	639	2	551	1059
days_to_death	967	2	551	1059
days_to_death	912	2	551	1059
days_to_death	825	2	551	1059
days_to_death	4267	2	551	1059
days_to_death	160	2	551	1059
days_to_death	2854	2	551	1059
days_to_death	1699	2	551	1059
days_to_death	754	2	551	1059
days_to_death	558	2	551	1059
days_to_death	3461	2	551	1059
days_to_death	1199	2	551	1059
days_to_death	2400	2	551	1059
days_to_death	23	2	551	1059
days_to_death	857	2	551	1059
days_to_death	730	2	551	1059
days_to_death	1767	2	551	1059
days_to_death	1769	2	551	1059
days_to_death	2561	2	551	1059
days_to_death	728	2	551	1059
days_to_death	695	2	551	1059
days_to_death	1064	2	551	1059
days_to_death	1662	2	551	1059
days_to_death	2028	2	551	1059
days_to_death	1319	2	551	1059
days_to_death	455	2	551	1059
days_to_death	2218	2	551	1059
days_to_death	138	2	551	1059
days_to_death	1249	2	551	1059
days_to_death	2742	2	551	1059
days_to_death	11	2	551	1059
days_to_death	1082	2	551	1059
days_to_death	1187	2	551	1059
days_to_death	1891	2	551	1059
days_to_death	3337	2	551	1059
days_to_death	1757	2	551	1059
days_to_death	1059	2	551	1059
days_to_death	919	2	551	1059
days_to_death	25	2	551	1059
days_to_death	542	2	551	1059
days_to_death	395	2	551	1059
days_to_death	863	2	551	1059
days_to_death	3224	2	551	1059
days_to_death	528	2	551	1059
days_to_death	1069	2	551	1059
days_to_death	1721	2	551	1059
days_to_death	627	2	551	1059
days_to_death	2342	2	551	1059
days_to_death	379	2	551	1059
days_to_death	951	2	551	1059
days_to_death	3622	2	551	1059
days_to_death	8	2	551	1059
days_to_death	1155	2	551	1059
days_to_death	914	2	551	1059
days_to_death	1384	2	551	1059
days_to_death	36	2	551	1059
days_to_death	1451	2	551	1059
days_to_death	2634	2	551	1059
days_to_death	568	2	551	1059
days_to_death	2012	2	551	1059
days_to_death	1279	2	551	1059
days_to_death	186	2	551	1059
days_to_death	1278	2	551	1059
days_to_death	2692	2	551	1059
days_to_death	1103	2	551	1059
days_to_death	1163	2	551	1059
days_to_death	1018	2	551	1059
days_to_death	895	2	551	1059
days_to_death	1259	2	551	1059
days_to_death	92	2	551	1059
days_to_death	3260	2	551	1059
days_to_death	2688	2	551	1059
days_to_death	204	2	551	1059
days_to_death	518	2	551	1059
days_to_death	493	2	551	1059
days_to_death	887	2	551	1059
days_to_death	9	2	551	1059
days_to_death	663	2	551	1059
days_to_death	1033	2	551	1059
days_to_death	1448	2	551	1059
days_to_death	1336	2	551	1059
days_to_death	65	2	551	1059
days_to_death	1089	2	551	1059
days_to_death	2148	2	551	1059
days_to_death	1875	2	551	1059
days_to_death	1562	2	551	1059
days_to_death	75	2	551	1059
days_to_death	1620	2	551	1059
days_to_death	565	2	551	1059
days_to_death	396	2	551	1059
days_to_death	690	2	551	1059
days_to_death	2717	2	551	1059
days_to_death	515	2	551	1059
days_to_death	562	2	551	1059
days_to_death	840	2	551	1059
days_to_death	1977	2	551	1059
days_to_death	2490	2	551	1059
days_to_death	1264	2	551	1059
days_to_death	1736	2	551	1059
days_to_death	547	2	551	1059
days_to_death	1955	2	551	1059
days_to_death	2154	2	551	1059
days_to_death	962	2	551	1059
days_to_death	83	2	551	1059
days_to_death	1341	2	551	1059
days_to_death	1815	2	551	1059
days_to_death	1470	2	551	1059
days_to_death	1247	2	551	1059
days_to_death	361	2	551	1059
days_to_death	2049	2	551	1059
days_to_death	506	2	551	1059
days_to_death	2089	2	551	1059
days_to_death	1799	2	551	1059
days_to_death	2648	2	551	1059
days_to_death	1947	2	551	1059
days_to_death	681	2	551	1059
days_to_death	1114	2	551	1059
days_to_death	871	2	551	1059
days_to_death	1161	2	551	1059
days_to_death	312	2	551	1059
days_to_death	1511	2	551	1059
days_to_death	84	2	551	1059
days_to_death	1189	2	551	1059
days_to_death	787	2	551	1059
days_to_death	351	2	551	1059
days_to_death	1000	2	551	1059
days_to_death	129	2	551	1059
days_to_death	788	2	551	1059
days_to_death	1720	2	551	1059
days_to_death	1746	2	551	1059
days_to_death	1646	2	551	1059
days_to_death	1877	2	551	1059
days_to_death	1483	2	551	1059
days_to_death	1380	2	551	1059
days_to_death	1169	2	551	1059
days_to_death	555	2	551	1059
days_to_death	1933	2	551	1059
days_to_death	1369	2	551	1059
days_to_death	1106	2	551	1059
days_to_death	1197	1	551	1059
days_to_death	550	1	551	1059
days_to_death	243	1	551	1059
days_to_death	1268	1	551	1059
days_to_death	702	1	551	1059
days_to_death	250	1	551	1059
days_to_death	1778	1	551	1059
days_to_death	3361	1	551	1059
days_to_death	281	1	551	1059
days_to_death	607	1	551	1059
days_to_death	2027	1	551	1059
days_to_death	488	1	551	1059
days_to_death	340	1	551	1059
days_to_death	58	1	551	1059
days_to_death	469	1	551	1059
days_to_death	2617	1	551	1059
days_to_death	1115	1	551	1059
days_to_death	124	1	551	1059
days_to_death	440	1	551	1059
days_to_death	719	1	551	1059
days_to_death	210	1	551	1059
days_to_death	307	1	551	1059
days_to_death	193	1	551	1059
days_to_death	33	1	551	1059
days_to_death	1798	1	551	1059
days_to_death	1498	1	551	1059
days_to_death	1528	1	551	1059
days_to_death	167	1	551	1059
days_to_death	154	1	551	1059
days_to_death	625	1	551	1059
days_to_death	375	1	551	1059
days_to_death	414	1	551	1059
days_to_death	1209	1	551	1059
days_to_death	1790	1	551	1059
days_to_death	275	1	551	1059
days_to_death	808	1	551	1059
days_to_death	187	1	551	1059
days_to_death	731	1	551	1059
days_to_death	2620	1	551	1059
days_to_death	139	1	551	1059
days_to_death	1531	1	551	1059
days_to_death	161	1	551	1059
days_to_death	308	1	551	1059
days_to_death	291	1	551	1059
days_to_death	694	1	551	1059
days_to_death	164	1	551	1059
days_to_death	1501	1	551	1059
days_to_death	339	1	551	1059
days_to_death	656	1	551	1059
days_to_death	677	1	551	1059
days_to_death	950	1	551	1059
days_to_death	1135	1	551	1059
days_to_death	303	1	551	1059
days_to_death	922	1	551	1059
days_to_death	1215	1	551	1059
days_to_death	99	1	551	1059
days_to_death	761	1	551	1059
days_to_death	409	1	551	1059
days_to_death	343	1	551	1059
days_to_death	19	1	551	1059
days_to_death	697	1	551	1059
days_to_death	1632	1	551	1059
days_to_death	503	1	551	1059
days_to_death	561	1	551	1059
days_to_death	557	1	551	1059
days_to_death	1830	1	551	1059
days_to_death	274	1	551	1059
days_to_death	1454	1	551	1059
days_to_death	376	1	551	1059
days_to_death	1653	1	551	1059
days_to_death	478	1	551	1059
days_to_death	1194	1	551	1059
days_to_death	171	1	551	1059
days_to_death	300	1	551	1059
days_to_death	429	1	551	1059
days_to_death	121	1	551	1059
days_to_death	1661	1	551	1059
days_to_death	472	1	551	1059
days_to_death	1126	1	551	1059
days_to_death	511	1	551	1059
days_to_death	2003	1	551	1059
days_to_death	338	1	551	1059
days_to_death	972	1	551	1059
days_to_death	2134	1	551	1059
days_to_death	1331	1	551	1059
days_to_death	331	1	551	1059
days_to_death	1711	1	551	1059
days_to_death	670	1	551	1059
days_to_death	1305	1	551	1059
days_to_death	2532	1	551	1059
days_to_death	256	1	551	1059
days_to_death	262	1	551	1059
days_to_death	1381	1	551	1059
days_to_death	368	1	551	1059
days_to_death	682	1	551	1059
days_to_death	214	1	551	1059
days_to_death	1095	1	551	1059
days_to_death	1493	1	551	1059
days_to_death	1188	1	551	1059
days_to_death	242	1	551	1059
days_to_death	740	1	551	1059
days_to_death	579	1	551	1059
days_to_death	122	1	551	1059
days_to_death	403	1	551	1059
days_to_death	146	1	551	1059
days_to_death	188	1	551	1059
days_to_death	335	1	551	1059
days_to_death	504	1	551	1059
days_to_death	2534	1	551	1059
days_to_death	320	1	551	1059
days_to_death	3926	1	551	1059
days_to_death	1673	1	551	1059
days_to_death	7455	1	551	1059
days_to_death	584	1	551	1059
days_to_death	1649	1	551	1059
days_to_death	785	1	551	1059
days_to_death	1563	1	551	1059
days_to_death	1275	1	551	1059
days_to_death	2911	1	551	1059
days_to_death	224	1	551	1059
days_to_death	3409	1	551	1059
days_to_death	1009	1	551	1059
days_to_death	227	1	551	1059
days_to_death	2009	1	551	1059
days_to_death	2798	1	551	1059
days_to_death	904	1	551	1059
days_to_death	2273	1	551	1059
days_to_death	2763	1	551	1059
days_to_death	3462	1	551	1059
days_to_death	3959	1	551	1059
days_to_death	573	1	551	1059
days_to_death	1439	1	551	1059
days_to_death	921	1	551	1059
days_to_death	3873	1	551	1059
days_to_death	295	1	551	1059
days_to_death	1900	1	551	1059
days_to_death	786	1	551	1059
days_to_death	959	1	551	1059
days_to_death	1556	1	551	1059
days_to_death	2192	1	551	1059
days_to_death	1430	1	551	1059
days_to_death	1508	1	551	1059
days_to_death	1388	1	551	1059
days_to_death	2127	1	551	1059
days_to_death	614	1	551	1059
days_to_death	1884	1	551	1059
days_to_death	1468	1	551	1059
days_to_death	1152	1	551	1059
days_to_death	678	1	551	1059
days_to_death	1694	1	551	1059
days_to_death	811	1	551	1059
days_to_death	1286	1	551	1059
days_to_death	1072	1	551	1059
days_to_death	1174	1	551	1059
days_to_death	3472	1	551	1059
days_to_death	1642	1	551	1059
days_to_death	6593	1	551	1059
days_to_death	792	1	551	1059
days_to_death	6456	1	551	1059
days_to_death	3262	1	551	1059
days_to_death	612	1	551	1059
days_to_death	2348	1	551	1059
days_to_death	1411	1	551	1059
days_to_death	577	1	551	1059
days_to_death	348	1	551	1059
days_to_death	1692	1	551	1059
days_to_death	1048	1	551	1059
days_to_death	1759	1	551	1059
days_to_death	2866	1	551	1059
days_to_death	1093	1	551	1059
days_to_death	2712	1	551	1059
days_to_death	2296	1	551	1059
days_to_death	2207	1	551	1059
days_to_death	1142	1	551	1059
days_to_death	2636	1	551	1059
days_to_death	1058	1	551	1059
days_to_death	3128	1	551	1059
days_to_death	1843	1	551	1059
days_to_death	2345	1	551	1059
days_to_death	1742	1	551	1059
days_to_death	1039	1	551	1059
days_to_death	868	1	551	1059
days_to_death	583	1	551	1059
days_to_death	567	1	551	1059
days_to_death	1314	1	551	1059
days_to_death	3819	1	551	1059
days_to_death	2811	1	551	1059
days_to_death	592	1	551	1059
days_to_death	2553	1	551	1059
days_to_death	2749	1	551	1059
days_to_death	1650	1	551	1059
days_to_death	286	1	551	1059
days_to_death	1389	1	551	1059
days_to_death	2182	1	551	1059
days_to_death	24	1	551	1059
days_to_death	1355	1	551	1059
days_to_death	1680	1	551	1059
days_to_death	531	1	551	1059
days_to_death	619	1	551	1059
days_to_death	1399	1	551	1059
days_to_death	2133	1	551	1059
days_to_death	1359	1	551	1059
days_to_death	1784	1	551	1059
days_to_death	2856	1	551	1059
days_to_last_followup	0	184	1690	4501
days_to_last_followup	31	50	1690	4501
days_to_last_followup	10	36	1690	4501
days_to_last_followup	30	27	1690	4501
days_to_last_followup	365	20	1690	4501
days_to_last_followup	304	16	1690	4501
days_to_last_followup	396	16	1690	4501
days_to_last_followup	34	15	1690	4501
days_to_last_followup	791	14	1690	4501
days_to_last_followup	16	14	1690	4501
days_to_last_followup	518	14	1690	4501
days_to_last_followup	761	13	1690	4501
days_to_last_followup	21	12	1690	4501
days_to_last_followup	457	12	1690	4501
days_to_last_followup	8	12	1690	4501
days_to_last_followup	912	11	1690	4501
days_to_last_followup	61	11	1690	4501
days_to_last_followup	186	11	1690	4501
days_to_last_followup	168	11	1690	4501
days_to_last_followup	2	11	1690	4501
days_to_last_followup	212	11	1690	4501
days_to_last_followup	14	10	1690	4501
days_to_last_followup	19	10	1690	4501
days_to_last_followup	122	10	1690	4501
days_to_last_followup	1126	10	1690	4501
days_to_last_followup	385	10	1690	4501
days_to_last_followup	608	10	1690	4501
days_to_last_followup	426	10	1690	4501
days_to_last_followup	7	10	1690	4501
days_to_last_followup	943	10	1690	4501
days_to_last_followup	224	9	1690	4501
days_to_last_followup	40	9	1690	4501
days_to_last_followup	11	9	1690	4501
days_to_last_followup	9	9	1690	4501
days_to_last_followup	182	9	1690	4501
days_to_last_followup	441	9	1690	4501
days_to_last_followup	13	9	1690	4501
days_to_last_followup	547	9	1690	4501
days_to_last_followup	90	9	1690	4501
days_to_last_followup	244	9	1690	4501
days_to_last_followup	15	8	1690	4501
days_to_last_followup	252	8	1690	4501
days_to_last_followup	568	8	1690	4501
days_to_last_followup	392	8	1690	4501
days_to_last_followup	362	8	1690	4501
days_to_last_followup	455	8	1690	4501
days_to_last_followup	5	8	1690	4501
days_to_last_followup	383	8	1690	4501
days_to_last_followup	134	8	1690	4501
days_to_last_followup	427	7	1690	4501
days_to_last_followup	730	7	1690	4501
days_to_last_followup	287	7	1690	4501
days_to_last_followup	405	7	1690	4501
days_to_last_followup	435	7	1690	4501
days_to_last_followup	29	7	1690	4501
days_to_last_followup	3	7	1690	4501
days_to_last_followup	35	7	1690	4501
days_to_last_followup	1	7	1690	4501
days_to_last_followup	163	7	1690	4501
days_to_last_followup	184	7	1690	4501
days_to_last_followup	162	7	1690	4501
days_to_last_followup	424	7	1690	4501
days_to_last_followup	24	7	1690	4501
days_to_last_followup	6	7	1690	4501
days_to_last_followup	354	7	1690	4501
days_to_last_followup	541	7	1690	4501
days_to_last_followup	23	7	1690	4501
days_to_last_followup	260	7	1690	4501
days_to_last_followup	476	7	1690	4501
days_to_last_followup	170	7	1690	4501
days_to_last_followup	119	7	1690	4501
days_to_last_followup	153	7	1690	4501
days_to_last_followup	549	7	1690	4501
days_to_last_followup	1127	7	1690	4501
days_to_last_followup	379	7	1690	4501
days_to_last_followup	488	7	1690	4501
days_to_last_followup	242	7	1690	4501
days_to_last_followup	293	7	1690	4501
days_to_last_followup	243	7	1690	4501
days_to_last_followup	456	7	1690	4501
days_to_last_followup	974	7	1690	4501
days_to_last_followup	210	7	1690	4501
days_to_last_followup	375	7	1690	4501
days_to_last_followup	78	7	1690	4501
days_to_last_followup	883	6	1690	4501
days_to_last_followup	127	6	1690	4501
days_to_last_followup	575	6	1690	4501
days_to_last_followup	218	6	1690	4501
days_to_last_followup	651	6	1690	4501
days_to_last_followup	373	6	1690	4501
days_to_last_followup	420	6	1690	4501
days_to_last_followup	106	6	1690	4501
days_to_last_followup	578	6	1690	4501
days_to_last_followup	197	6	1690	4501
days_to_last_followup	47	6	1690	4501
days_to_last_followup	448	6	1690	4501
days_to_last_followup	418	6	1690	4501
days_to_last_followup	886	6	1690	4501
days_to_last_followup	595	6	1690	4501
days_to_last_followup	214	6	1690	4501
days_to_last_followup	515	6	1690	4501
days_to_last_followup	44	6	1690	4501
days_to_last_followup	43	6	1690	4501
days_to_last_followup	487	6	1690	4501
days_to_last_followup	231	6	1690	4501
days_to_last_followup	89	6	1690	4501
days_to_last_followup	760	6	1690	4501
days_to_last_followup	629	6	1690	4501
days_to_last_followup	189	6	1690	4501
days_to_last_followup	181	6	1690	4501
days_to_last_followup	253	6	1690	4501
days_to_last_followup	1004	6	1690	4501
days_to_last_followup	335	6	1690	4501
days_to_last_followup	579	6	1690	4501
days_to_last_followup	273	6	1690	4501
days_to_last_followup	360	6	1690	4501
days_to_last_followup	91	6	1690	4501
days_to_last_followup	820	6	1690	4501
days_to_last_followup	447	6	1690	4501
days_to_last_followup	371	6	1690	4501
days_to_last_followup	699	6	1690	4501
days_to_last_followup	145	6	1690	4501
days_to_last_followup	554	6	1690	4501
days_to_last_followup	274	6	1690	4501
days_to_last_followup	92	6	1690	4501
days_to_last_followup	439	6	1690	4501
days_to_last_followup	679	6	1690	4501
days_to_last_followup	98	6	1690	4501
days_to_last_followup	395	5	1690	4501
days_to_last_followup	147	5	1690	4501
days_to_last_followup	302	5	1690	4501
days_to_last_followup	508	5	1690	4501
days_to_last_followup	603	5	1690	4501
days_to_last_followup	610	5	1690	4501
days_to_last_followup	84	5	1690	4501
days_to_last_followup	552	5	1690	4501
days_to_last_followup	863	5	1690	4501
days_to_last_followup	285	5	1690	4501
days_to_last_followup	133	5	1690	4501
days_to_last_followup	76	5	1690	4501
days_to_last_followup	1093	5	1690	4501
days_to_last_followup	297	5	1690	4501
days_to_last_followup	185	5	1690	4501
days_to_last_followup	607	5	1690	4501
days_to_last_followup	596	5	1690	4501
days_to_last_followup	411	5	1690	4501
days_to_last_followup	105	5	1690	4501
days_to_last_followup	26	5	1690	4501
days_to_last_followup	36	5	1690	4501
days_to_last_followup	591	5	1690	4501
days_to_last_followup	129	5	1690	4501
days_to_last_followup	1216	5	1690	4501
days_to_last_followup	39	5	1690	4501
days_to_last_followup	190	5	1690	4501
days_to_last_followup	522	5	1690	4501
days_to_last_followup	202	5	1690	4501
days_to_last_followup	4	5	1690	4501
days_to_last_followup	669	5	1690	4501
days_to_last_followup	715	5	1690	4501
days_to_last_followup	519	5	1690	4501
days_to_last_followup	1708	5	1690	4501
days_to_last_followup	741	5	1690	4501
days_to_last_followup	169	5	1690	4501
days_to_last_followup	215	5	1690	4501
days_to_last_followup	747	5	1690	4501
days_to_last_followup	626	5	1690	4501
days_to_last_followup	369	5	1690	4501
days_to_last_followup	1369	5	1690	4501
days_to_last_followup	312	5	1690	4501
days_to_last_followup	377	5	1690	4501
days_to_last_followup	889	5	1690	4501
days_to_last_followup	481	5	1690	4501
days_to_last_followup	467	5	1690	4501
days_to_last_followup	22	5	1690	4501
days_to_last_followup	529	5	1690	4501
days_to_last_followup	366	5	1690	4501
days_to_last_followup	622	5	1690	4501
days_to_last_followup	477	5	1690	4501
days_to_last_followup	28	5	1690	4501
days_to_last_followup	158	5	1690	4501
days_to_last_followup	254	5	1690	4501
days_to_last_followup	400	5	1690	4501
days_to_last_followup	1163	5	1690	4501
days_to_last_followup	822	5	1690	4501
days_to_last_followup	580	5	1690	4501
days_to_last_followup	125	5	1690	4501
days_to_last_followup	68	5	1690	4501
days_to_last_followup	229	5	1690	4501
days_to_last_followup	1492	5	1690	4501
days_to_last_followup	337	5	1690	4501
days_to_last_followup	763	5	1690	4501
days_to_last_followup	523	5	1690	4501
days_to_last_followup	20	5	1690	4501
days_to_last_followup	1124	5	1690	4501
days_to_last_followup	952	5	1690	4501
days_to_last_followup	644	5	1690	4501
days_to_last_followup	1309	5	1690	4501
days_to_last_followup	160	5	1690	4501
days_to_last_followup	588	5	1690	4501
days_to_last_followup	496	5	1690	4501
days_to_last_followup	1001	5	1690	4501
days_to_last_followup	380	5	1690	4501
days_to_last_followup	635	5	1690	4501
days_to_last_followup	277	5	1690	4501
days_to_last_followup	1059	5	1690	4501
days_to_last_followup	322	5	1690	4501
days_to_last_followup	562	5	1690	4501
days_to_last_followup	620	5	1690	4501
days_to_last_followup	1150	5	1690	4501
days_to_last_followup	410	5	1690	4501
days_to_last_followup	267	5	1690	4501
days_to_last_followup	1919	5	1690	4501
days_to_last_followup	326	5	1690	4501
days_to_last_followup	268	5	1690	4501
days_to_last_followup	577	5	1690	4501
days_to_last_followup	463	5	1690	4501
days_to_last_followup	2521	5	1690	4501
days_to_last_followup	176	5	1690	4501
days_to_last_followup	1620	5	1690	4501
days_to_last_followup	295	4	1690	4501
days_to_last_followup	446	4	1690	4501
days_to_last_followup	121	4	1690	4501
days_to_last_followup	417	4	1690	4501
days_to_last_followup	1148	4	1690	4501
days_to_last_followup	100	4	1690	4501
days_to_last_followup	422	4	1690	4501
days_to_last_followup	42	4	1690	4501
days_to_last_followup	630	4	1690	4501
days_to_last_followup	890	4	1690	4501
days_to_last_followup	246	4	1690	4501
days_to_last_followup	690	4	1690	4501
days_to_last_followup	99	4	1690	4501
days_to_last_followup	414	4	1690	4501
days_to_last_followup	824	4	1690	4501
days_to_last_followup	705	4	1690	4501
days_to_last_followup	67	4	1690	4501
days_to_last_followup	116	4	1690	4501
days_to_last_followup	370	4	1690	4501
days_to_last_followup	1202	4	1690	4501
days_to_last_followup	50	4	1690	4501
days_to_last_followup	225	4	1690	4501
days_to_last_followup	997	4	1690	4501
days_to_last_followup	565	4	1690	4501
days_to_last_followup	540	4	1690	4501
days_to_last_followup	328	4	1690	4501
days_to_last_followup	805	4	1690	4501
days_to_last_followup	141	4	1690	4501
days_to_last_followup	259	4	1690	4501
days_to_last_followup	255	4	1690	4501
days_to_last_followup	1686	4	1690	4501
days_to_last_followup	27	4	1690	4501
days_to_last_followup	236	4	1690	4501
days_to_last_followup	926	4	1690	4501
days_to_last_followup	652	4	1690	4501
days_to_last_followup	1485	4	1690	4501
days_to_last_followup	531	4	1690	4501
days_to_last_followup	882	4	1690	4501
days_to_last_followup	718	4	1690	4501
days_to_last_followup	550	4	1690	4501
days_to_last_followup	146	4	1690	4501
days_to_last_followup	408	4	1690	4501
days_to_last_followup	775	4	1690	4501
days_to_last_followup	148	4	1690	4501
days_to_last_followup	1189	4	1690	4501
days_to_last_followup	48	4	1690	4501
days_to_last_followup	701	4	1690	4501
days_to_last_followup	271	4	1690	4501
days_to_last_followup	1157	4	1690	4501
days_to_last_followup	480	4	1690	4501
days_to_last_followup	711	4	1690	4501
days_to_last_followup	372	4	1690	4501
days_to_last_followup	230	4	1690	4501
days_to_last_followup	54	4	1690	4501
days_to_last_followup	208	4	1690	4501
days_to_last_followup	97	4	1690	4501
days_to_last_followup	238	4	1690	4501
days_to_last_followup	671	4	1690	4501
days_to_last_followup	423	4	1690	4501
days_to_last_followup	1631	4	1690	4501
days_to_last_followup	1728	4	1690	4501
days_to_last_followup	914	4	1690	4501
days_to_last_followup	1064	4	1690	4501
days_to_last_followup	201	4	1690	4501
days_to_last_followup	1935	4	1690	4501
days_to_last_followup	167	4	1690	4501
days_to_last_followup	915	4	1690	4501
days_to_last_followup	183	4	1690	4501
days_to_last_followup	1359	4	1690	4501
days_to_last_followup	195	4	1690	4501
days_to_last_followup	1035	4	1690	4501
days_to_last_followup	834	4	1690	4501
days_to_last_followup	286	4	1690	4501
days_to_last_followup	454	4	1690	4501
days_to_last_followup	475	4	1690	4501
days_to_last_followup	394	4	1690	4501
days_to_last_followup	376	4	1690	4501
days_to_last_followup	543	4	1690	4501
days_to_last_followup	12	4	1690	4501
days_to_last_followup	627	4	1690	4501
days_to_last_followup	1247	4	1690	4501
days_to_last_followup	178	4	1690	4501
days_to_last_followup	399	4	1690	4501
days_to_last_followup	247	4	1690	4501
days_to_last_followup	393	4	1690	4501
days_to_last_followup	506	4	1690	4501
days_to_last_followup	368	4	1690	4501
days_to_last_followup	821	4	1690	4501
days_to_last_followup	1386	4	1690	4501
days_to_last_followup	464	4	1690	4501
days_to_last_followup	397	4	1690	4501
days_to_last_followup	113	4	1690	4501
days_to_last_followup	1948	4	1690	4501
days_to_last_followup	421	4	1690	4501
days_to_last_followup	81	4	1690	4501
days_to_last_followup	643	4	1690	4501
days_to_last_followup	140	4	1690	4501
days_to_last_followup	2442	4	1690	4501
days_to_last_followup	1471	4	1690	4501
days_to_last_followup	727	4	1690	4501
days_to_last_followup	1288	4	1690	4501
days_to_last_followup	217	4	1690	4501
days_to_last_followup	3088	4	1690	4501
days_to_last_followup	1277	4	1690	4501
days_to_last_followup	196	4	1690	4501
days_to_last_followup	1732	4	1690	4501
days_to_last_followup	343	4	1690	4501
days_to_last_followup	1224	4	1690	4501
days_to_last_followup	334	4	1690	4501
days_to_last_followup	1212	4	1690	4501
days_to_last_followup	1172	4	1690	4501
days_to_last_followup	1684	4	1690	4501
days_to_last_followup	358	4	1690	4501
days_to_last_followup	1162	4	1690	4501
days_to_last_followup	461	4	1690	4501
days_to_last_followup	75	4	1690	4501
days_to_last_followup	220	4	1690	4501
days_to_last_followup	2298	4	1690	4501
days_to_last_followup	289	4	1690	4501
days_to_last_followup	1319	4	1690	4501
days_to_last_followup	1746	4	1690	4501
days_to_last_followup	1103	4	1690	4501
days_to_last_followup	1484	4	1690	4501
days_to_last_followup	1364	4	1690	4501
days_to_last_followup	1354	4	1690	4501
days_to_last_followup	1053	4	1690	4501
days_to_last_followup	932	4	1690	4501
days_to_last_followup	1579	4	1690	4501
days_to_last_followup	676	4	1690	4501
days_to_last_followup	194	4	1690	4501
days_to_last_followup	128	4	1690	4501
days_to_last_followup	1446	4	1690	4501
days_to_last_followup	1246	3	1690	4501
days_to_last_followup	617	3	1690	4501
days_to_last_followup	881	3	1690	4501
days_to_last_followup	670	3	1690	4501
days_to_last_followup	605	3	1690	4501
days_to_last_followup	1324	3	1690	4501
days_to_last_followup	499	3	1690	4501
days_to_last_followup	1072	3	1690	4501
days_to_last_followup	1015	3	1690	4501
days_to_last_followup	2973	3	1690	4501
days_to_last_followup	745	3	1690	4501
days_to_last_followup	498	3	1690	4501
days_to_last_followup	2595	3	1690	4501
days_to_last_followup	1013	3	1690	4501
days_to_last_followup	949	3	1690	4501
days_to_last_followup	114	3	1690	4501
days_to_last_followup	216	3	1690	4501
days_to_last_followup	79	3	1690	4501
days_to_last_followup	513	3	1690	4501
days_to_last_followup	944	3	1690	4501
days_to_last_followup	1442	3	1690	4501
days_to_last_followup	1431	3	1690	4501
days_to_last_followup	213	3	1690	4501
days_to_last_followup	33	3	1690	4501
days_to_last_followup	658	3	1690	4501
days_to_last_followup	154	3	1690	4501
days_to_last_followup	553	3	1690	4501
days_to_last_followup	107	3	1690	4501
days_to_last_followup	546	3	1690	4501
days_to_last_followup	83	3	1690	4501
days_to_last_followup	1559	3	1690	4501
days_to_last_followup	139	3	1690	4501
days_to_last_followup	829	3	1690	4501
days_to_last_followup	256	3	1690	4501
days_to_last_followup	1221	3	1690	4501
days_to_last_followup	1826	3	1690	4501
days_to_last_followup	237	3	1690	4501
days_to_last_followup	264	3	1690	4501
days_to_last_followup	132	3	1690	4501
days_to_last_followup	1435	3	1690	4501
days_to_last_followup	1965	3	1690	4501
days_to_last_followup	431	3	1690	4501
days_to_last_followup	18	3	1690	4501
days_to_last_followup	913	3	1690	4501
days_to_last_followup	677	3	1690	4501
days_to_last_followup	526	3	1690	4501
days_to_last_followup	49	3	1690	4501
days_to_last_followup	567	3	1690	4501
days_to_last_followup	466	3	1690	4501
days_to_last_followup	478	3	1690	4501
days_to_last_followup	489	3	1690	4501
days_to_last_followup	96	3	1690	4501
days_to_last_followup	704	3	1690	4501
days_to_last_followup	25	3	1690	4501
days_to_last_followup	1305	3	1690	4501
days_to_last_followup	323	3	1690	4501
days_to_last_followup	228	3	1690	4501
days_to_last_followup	87	3	1690	4501
days_to_last_followup	1119	3	1690	4501
days_to_last_followup	415	3	1690	4501
days_to_last_followup	171	3	1690	4501
days_to_last_followup	788	3	1690	4501
days_to_last_followup	266	3	1690	4501
days_to_last_followup	41	3	1690	4501
days_to_last_followup	203	3	1690	4501
days_to_last_followup	534	3	1690	4501
days_to_last_followup	165	3	1690	4501
days_to_last_followup	209	3	1690	4501
days_to_last_followup	492	3	1690	4501
days_to_last_followup	678	3	1690	4501
days_to_last_followup	2616	3	1690	4501
days_to_last_followup	349	3	1690	4501
days_to_last_followup	686	3	1690	4501
days_to_last_followup	545	3	1690	4501
days_to_last_followup	351	3	1690	4501
days_to_last_followup	773	3	1690	4501
days_to_last_followup	500	3	1690	4501
days_to_last_followup	462	3	1690	4501
days_to_last_followup	272	3	1690	4501
days_to_last_followup	614	3	1690	4501
days_to_last_followup	1233	3	1690	4501
days_to_last_followup	282	3	1690	4501
days_to_last_followup	409	3	1690	4501
days_to_last_followup	45	3	1690	4501
days_to_last_followup	1474	3	1690	4501
days_to_last_followup	551	3	1690	4501
days_to_last_followup	70	3	1690	4501
days_to_last_followup	1301	3	1690	4501
days_to_last_followup	1096	3	1690	4501
days_to_last_followup	204	3	1690	4501
days_to_last_followup	662	3	1690	4501
days_to_last_followup	1186	3	1690	4501
days_to_last_followup	346	3	1690	4501
days_to_last_followup	1434	3	1690	4501
days_to_last_followup	1006	3	1690	4501
days_to_last_followup	356	3	1690	4501
days_to_last_followup	1882	3	1690	4501
days_to_last_followup	320	3	1690	4501
days_to_last_followup	348	3	1690	4501
days_to_last_followup	911	3	1690	4501
days_to_last_followup	1561	3	1690	4501
days_to_last_followup	437	3	1690	4501
days_to_last_followup	1286	3	1690	4501
days_to_last_followup	2289	3	1690	4501
days_to_last_followup	945	3	1690	4501
days_to_last_followup	387	3	1690	4501
days_to_last_followup	1024	3	1690	4501
days_to_last_followup	306	3	1690	4501
days_to_last_followup	404	3	1690	4501
days_to_last_followup	150	3	1690	4501
days_to_last_followup	648	3	1690	4501
days_to_last_followup	2600	3	1690	4501
days_to_last_followup	2506	3	1690	4501
days_to_last_followup	1278	3	1690	4501
days_to_last_followup	344	3	1690	4501
days_to_last_followup	1089	3	1690	4501
days_to_last_followup	123	3	1690	4501
days_to_last_followup	449	3	1690	4501
days_to_last_followup	996	3	1690	4501
days_to_last_followup	612	3	1690	4501
days_to_last_followup	1829	3	1690	4501
days_to_last_followup	350	3	1690	4501
days_to_last_followup	751	3	1690	4501
days_to_last_followup	460	3	1690	4501
days_to_last_followup	555	3	1690	4501
days_to_last_followup	987	3	1690	4501
days_to_last_followup	1005	3	1690	4501
days_to_last_followup	792	3	1690	4501
days_to_last_followup	975	3	1690	4501
days_to_last_followup	503	3	1690	4501
days_to_last_followup	1883	3	1690	4501
days_to_last_followup	1977	3	1690	4501
days_to_last_followup	241	3	1690	4501
days_to_last_followup	666	3	1690	4501
days_to_last_followup	525	3	1690	4501
days_to_last_followup	962	3	1690	4501
days_to_last_followup	1574	3	1690	4501
days_to_last_followup	672	3	1690	4501
days_to_last_followup	137	3	1690	4501
days_to_last_followup	472	3	1690	4501
days_to_last_followup	1849	3	1690	4501
days_to_last_followup	640	3	1690	4501
days_to_last_followup	1547	3	1690	4501
days_to_last_followup	530	3	1690	4501
days_to_last_followup	1051	3	1690	4501
days_to_last_followup	1165	3	1690	4501
days_to_last_followup	594	3	1690	4501
days_to_last_followup	428	3	1690	4501
days_to_last_followup	1025	3	1690	4501
days_to_last_followup	1998	3	1690	4501
days_to_last_followup	118	3	1690	4501
days_to_last_followup	330	3	1690	4501
days_to_last_followup	1203	3	1690	4501
days_to_last_followup	172	3	1690	4501
days_to_last_followup	574	3	1690	4501
days_to_last_followup	1611	3	1690	4501
days_to_last_followup	702	3	1690	4501
days_to_last_followup	659	3	1690	4501
days_to_last_followup	1623	3	1690	4501
days_to_last_followup	192	3	1690	4501
days_to_last_followup	501	3	1690	4501
days_to_last_followup	1249	3	1690	4501
days_to_last_followup	1102	3	1690	4501
days_to_last_followup	1648	3	1690	4501
days_to_last_followup	303	3	1690	4501
days_to_last_followup	1325	3	1690	4501
days_to_last_followup	748	3	1690	4501
days_to_last_followup	714	3	1690	4501
days_to_last_followup	1966	3	1690	4501
days_to_last_followup	331	3	1690	4501
days_to_last_followup	-7	3	1690	4501
days_to_last_followup	402	3	1690	4501
days_to_last_followup	2513	3	1690	4501
days_to_last_followup	257	3	1690	4501
days_to_last_followup	856	3	1690	4501
days_to_last_followup	180	3	1690	4501
days_to_last_followup	2596	3	1690	4501
days_to_last_followup	516	3	1690	4501
days_to_last_followup	895	3	1690	4501
days_to_last_followup	1330	3	1690	4501
days_to_last_followup	1156	3	1690	4501
days_to_last_followup	1132	3	1690	4501
days_to_last_followup	2255	3	1690	4501
days_to_last_followup	352	3	1690	4501
days_to_last_followup	1229	3	1690	4501
days_to_last_followup	425	3	1690	4501
days_to_last_followup	1357	3	1690	4501
days_to_last_followup	124	3	1690	4501
days_to_last_followup	837	3	1690	4501
days_to_last_followup	1168	3	1690	4501
days_to_last_followup	74	3	1690	4501
days_to_last_followup	313	3	1690	4501
days_to_last_followup	1548	3	1690	4501
days_to_last_followup	294	3	1690	4501
days_to_last_followup	2240	3	1690	4501
days_to_last_followup	1026	3	1690	4501
days_to_last_followup	258	3	1690	4501
days_to_last_followup	72	3	1690	4501
days_to_last_followup	1550	3	1690	4501
days_to_last_followup	762	3	1690	4501
days_to_last_followup	1043	3	1690	4501
days_to_last_followup	532	3	1690	4501
days_to_last_followup	450	3	1690	4501
days_to_last_followup	982	3	1690	4501
days_to_last_followup	1994	3	1690	4501
days_to_last_followup	956	3	1690	4501
days_to_last_followup	1138	3	1690	4501
days_to_last_followup	502	3	1690	4501
days_to_last_followup	1903	3	1690	4501
days_to_last_followup	584	3	1690	4501
days_to_last_followup	413	3	1690	4501
days_to_last_followup	633	3	1690	4501
days_to_last_followup	847	3	1690	4501
days_to_last_followup	187	3	1690	4501
days_to_last_followup	1158	3	1690	4501
days_to_last_followup	1121	3	1690	4501
days_to_last_followup	989	3	1690	4501
days_to_last_followup	1120	3	1690	4501
days_to_last_followup	783	3	1690	4501
days_to_last_followup	655	3	1690	4501
days_to_last_followup	647	3	1690	4501
days_to_last_followup	1519	3	1690	4501
days_to_last_followup	1374	3	1690	4501
days_to_last_followup	681	3	1690	4501
days_to_last_followup	1658	3	1690	4501
days_to_last_followup	1363	3	1690	4501
days_to_last_followup	1161	3	1690	4501
days_to_last_followup	563	3	1690	4501
days_to_last_followup	797	3	1690	4501
days_to_last_followup	265	3	1690	4501
days_to_last_followup	381	3	1690	4501
days_to_last_followup	1308	3	1690	4501
days_to_last_followup	2141	3	1690	4501
days_to_last_followup	336	3	1690	4501
days_to_last_followup	1209	3	1690	4501
days_to_last_followup	1972	3	1690	4501
days_to_last_followup	1662	3	1690	4501
days_to_last_followup	663	3	1690	4501
days_to_last_followup	585	3	1690	4501
days_to_last_followup	848	3	1690	4501
days_to_last_followup	143	3	1690	4501
days_to_last_followup	918	3	1690	4501
days_to_last_followup	2661	3	1690	4501
days_to_last_followup	2143	3	1690	4501
days_to_last_followup	2151	2	1690	4501
days_to_last_followup	3261	2	1690	4501
days_to_last_followup	728	2	1690	4501
days_to_last_followup	653	2	1690	4501
days_to_last_followup	1683	2	1690	4501
days_to_last_followup	164	2	1690	4501
days_to_last_followup	1476	2	1690	4501
days_to_last_followup	1932	2	1690	4501
days_to_last_followup	764	2	1690	4501
days_to_last_followup	1750	2	1690	4501
days_to_last_followup	507	2	1690	4501
days_to_last_followup	1285	2	1690	4501
days_to_last_followup	445	2	1690	4501
days_to_last_followup	407	2	1690	4501
days_to_last_followup	482	2	1690	4501
days_to_last_followup	2515	2	1690	4501
days_to_last_followup	724	2	1690	4501
days_to_last_followup	1170	2	1690	4501
days_to_last_followup	2109	2	1690	4501
days_to_last_followup	689	2	1690	4501
days_to_last_followup	361	2	1690	4501
days_to_last_followup	151	2	1690	4501
days_to_last_followup	624	2	1690	4501
days_to_last_followup	739	2	1690	4501
days_to_last_followup	1870	2	1690	4501
days_to_last_followup	142	2	1690	4501
days_to_last_followup	1130	2	1690	4501
days_to_last_followup	719	2	1690	4501
days_to_last_followup	582	2	1690	4501
days_to_last_followup	994	2	1690	4501
days_to_last_followup	993	2	1690	4501
days_to_last_followup	174	2	1690	4501
days_to_last_followup	618	2	1690	4501
days_to_last_followup	53	2	1690	4501
days_to_last_followup	111	2	1690	4501
days_to_last_followup	66	2	1690	4501
days_to_last_followup	1893	2	1690	4501
days_to_last_followup	1720	2	1690	4501
days_to_last_followup	2161	2	1690	4501
days_to_last_followup	6812	2	1690	4501
days_to_last_followup	1110	2	1690	4501
days_to_last_followup	1864	2	1690	4501
days_to_last_followup	103	2	1690	4501
days_to_last_followup	573	2	1690	4501
days_to_last_followup	520	2	1690	4501
days_to_last_followup	722	2	1690	4501
days_to_last_followup	1036	2	1690	4501
days_to_last_followup	827	2	1690	4501
days_to_last_followup	136	2	1690	4501
days_to_last_followup	1847	2	1690	4501
days_to_last_followup	416	2	1690	4501
days_to_last_followup	327	2	1690	4501
days_to_last_followup	280	2	1690	4501
days_to_last_followup	557	2	1690	4501
days_to_last_followup	479	2	1690	4501
days_to_last_followup	896	2	1690	4501
days_to_last_followup	2248	2	1690	4501
days_to_last_followup	38	2	1690	4501
days_to_last_followup	459	2	1690	4501
days_to_last_followup	842	2	1690	4501
days_to_last_followup	3094	2	1690	4501
days_to_last_followup	382	2	1690	4501
days_to_last_followup	442	2	1690	4501
days_to_last_followup	46	2	1690	4501
days_to_last_followup	888	2	1690	4501
days_to_last_followup	474	2	1690	4501
days_to_last_followup	325	2	1690	4501
days_to_last_followup	664	2	1690	4501
days_to_last_followup	95	2	1690	4501
days_to_last_followup	536	2	1690	4501
days_to_last_followup	621	2	1690	4501
days_to_last_followup	1600	2	1690	4501
days_to_last_followup	484	2	1690	4501
days_to_last_followup	1938	2	1690	4501
days_to_last_followup	2590	2	1690	4501
days_to_last_followup	839	2	1690	4501
days_to_last_followup	62	2	1690	4501
days_to_last_followup	785	2	1690	4501
days_to_last_followup	673	2	1690	4501
days_to_last_followup	609	2	1690	4501
days_to_last_followup	740	2	1690	4501
days_to_last_followup	600	2	1690	4501
days_to_last_followup	1479	2	1690	4501
days_to_last_followup	1125	2	1690	4501
days_to_last_followup	1239	2	1690	4501
days_to_last_followup	135	2	1690	4501
days_to_last_followup	310	2	1690	4501
days_to_last_followup	852	2	1690	4501
days_to_last_followup	1079	2	1690	4501
days_to_last_followup	535	2	1690	4501
days_to_last_followup	1091	2	1690	4501
days_to_last_followup	683	2	1690	4501
days_to_last_followup	1351	2	1690	4501
days_to_last_followup	440	2	1690	4501
days_to_last_followup	706	2	1690	4501
days_to_last_followup	2550	2	1690	4501
days_to_last_followup	1094	2	1690	4501
days_to_last_followup	846	2	1690	4501
days_to_last_followup	1321	2	1690	4501
days_to_last_followup	665	2	1690	4501
days_to_last_followup	1456	2	1690	4501
days_to_last_followup	342	2	1690	4501
days_to_last_followup	155	2	1690	4501
days_to_last_followup	1205	2	1690	4501
days_to_last_followup	65	2	1690	4501
days_to_last_followup	485	2	1690	4501
days_to_last_followup	1532	2	1690	4501
days_to_last_followup	734	2	1690	4501
days_to_last_followup	388	2	1690	4501
days_to_last_followup	3203	2	1690	4501
days_to_last_followup	1595	2	1690	4501
days_to_last_followup	2134	2	1690	4501
days_to_last_followup	1034	2	1690	4501
days_to_last_followup	198	2	1690	4501
days_to_last_followup	853	2	1690	4501
days_to_last_followup	735	2	1690	4501
days_to_last_followup	275	2	1690	4501
days_to_last_followup	2048	2	1690	4501
days_to_last_followup	3324	2	1690	4501
days_to_last_followup	1066	2	1690	4501
days_to_last_followup	279	2	1690	4501
days_to_last_followup	1014	2	1690	4501
days_to_last_followup	333	2	1690	4501
days_to_last_followup	1054	2	1690	4501
days_to_last_followup	93	2	1690	4501
days_to_last_followup	802	2	1690	4501
days_to_last_followup	731	2	1690	4501
days_to_last_followup	1522	2	1690	4501
days_to_last_followup	1074	2	1690	4501
days_to_last_followup	742	2	1690	4501
days_to_last_followup	278	2	1690	4501
days_to_last_followup	3247	2	1690	4501
days_to_last_followup	1112	2	1690	4501
days_to_last_followup	726	2	1690	4501
days_to_last_followup	1065	2	1690	4501
days_to_last_followup	2821	2	1690	4501
days_to_last_followup	314	2	1690	4501
days_to_last_followup	120	2	1690	4501
days_to_last_followup	521	2	1690	4501
days_to_last_followup	1200	2	1690	4501
days_to_last_followup	598	2	1690	4501
days_to_last_followup	1419	2	1690	4501
days_to_last_followup	1260	2	1690	4501
days_to_last_followup	650	2	1690	4501
days_to_last_followup	1612	2	1690	4501
days_to_last_followup	1117	2	1690	4501
days_to_last_followup	1087	2	1690	4501
days_to_last_followup	235	2	1690	4501
days_to_last_followup	1348	2	1690	4501
days_to_last_followup	804	2	1690	4501
days_to_last_followup	367	2	1690	4501
days_to_last_followup	17	2	1690	4501
days_to_last_followup	639	2	1690	4501
days_to_last_followup	4233	2	1690	4501
days_to_last_followup	1047	2	1690	4501
days_to_last_followup	572	2	1690	4501
days_to_last_followup	746	2	1690	4501
days_to_last_followup	570	2	1690	4501
days_to_last_followup	2475	2	1690	4501
days_to_last_followup	1918	2	1690	4501
days_to_last_followup	759	2	1690	4501
days_to_last_followup	2877	2	1690	4501
days_to_last_followup	1234	2	1690	4501
days_to_last_followup	3350	2	1690	4501
days_to_last_followup	569	2	1690	4501
days_to_last_followup	55	2	1690	4501
days_to_last_followup	1208	2	1690	4501
days_to_last_followup	175	2	1690	4501
days_to_last_followup	6719	2	1690	4501
days_to_last_followup	786	2	1690	4501
days_to_last_followup	6435	2	1690	4501
days_to_last_followup	1641	2	1690	4501
days_to_last_followup	1813	2	1690	4501
days_to_last_followup	2190	2	1690	4501
days_to_last_followup	4929	2	1690	4501
days_to_last_followup	713	2	1690	4501
days_to_last_followup	345	2	1690	4501
days_to_last_followup	222	2	1690	4501
days_to_last_followup	191	2	1690	4501
days_to_last_followup	57	2	1690	4501
days_to_last_followup	1730	2	1690	4501
days_to_last_followup	3374	2	1690	4501
days_to_last_followup	1326	2	1690	4501
days_to_last_followup	1371	2	1690	4501
days_to_last_followup	1167	2	1690	4501
days_to_last_followup	5677	2	1690	4501
days_to_last_followup	725	2	1690	4501
days_to_last_followup	4550	2	1690	4501
days_to_last_followup	767	2	1690	4501
days_to_last_followup	733	2	1690	4501
days_to_last_followup	1062	2	1690	4501
days_to_last_followup	1463	2	1690	4501
days_to_last_followup	590	2	1690	4501
days_to_last_followup	5261	2	1690	4501
days_to_last_followup	743	2	1690	4501
days_to_last_followup	838	2	1690	4501
days_to_last_followup	468	2	1690	4501
days_to_last_followup	586	2	1690	4501
days_to_last_followup	1642	2	1690	4501
days_to_last_followup	1605	2	1690	4501
days_to_last_followup	403	2	1690	4501
days_to_last_followup	1085	2	1690	4501
days_to_last_followup	1467	2	1690	4501
days_to_last_followup	316	2	1690	4501
days_to_last_followup	3172	2	1690	4501
days_to_last_followup	5383	2	1690	4501
days_to_last_followup	1743	2	1690	4501
days_to_last_followup	363	2	1690	4501
days_to_last_followup	616	2	1690	4501
days_to_last_followup	1707	2	1690	4501
days_to_last_followup	2074	2	1690	4501
days_to_last_followup	3283	2	1690	4501
days_to_last_followup	1409	2	1690	4501
days_to_last_followup	177	2	1690	4501
days_to_last_followup	2645	2	1690	4501
days_to_last_followup	458	2	1690	4501
days_to_last_followup	227	2	1690	4501
days_to_last_followup	1542	2	1690	4501
days_to_last_followup	1417	2	1690	4501
days_to_last_followup	878	2	1690	4501
days_to_last_followup	495	2	1690	4501
days_to_last_followup	339	2	1690	4501
days_to_last_followup	1465	2	1690	4501
days_to_last_followup	64	2	1690	4501
days_to_last_followup	52	2	1690	4501
days_to_last_followup	875	2	1690	4501
days_to_last_followup	2721	2	1690	4501
days_to_last_followup	504	2	1690	4501
days_to_last_followup	1236	2	1690	4501
days_to_last_followup	867	2	1690	4501
days_to_last_followup	528	2	1690	4501
days_to_last_followup	1572	2	1690	4501
days_to_last_followup	965	2	1690	4501
days_to_last_followup	2991	2	1690	4501
days_to_last_followup	126	2	1690	4501
days_to_last_followup	692	2	1690	4501
days_to_last_followup	972	2	1690	4501
days_to_last_followup	905	2	1690	4501
days_to_last_followup	3021	2	1690	4501
days_to_last_followup	412	2	1690	4501
days_to_last_followup	7067	2	1690	4501
days_to_last_followup	973	2	1690	4501
days_to_last_followup	1616	2	1690	4501
days_to_last_followup	675	2	1690	4501
days_to_last_followup	3333	2	1690	4501
days_to_last_followup	2372	2	1690	4501
days_to_last_followup	1855	2	1690	4501
days_to_last_followup	984	2	1690	4501
days_to_last_followup	1505	2	1690	4501
days_to_last_followup	2632	2	1690	4501
days_to_last_followup	2403	2	1690	4501
days_to_last_followup	812	2	1690	4501
days_to_last_followup	1270	2	1690	4501
days_to_last_followup	1180	2	1690	4501
days_to_last_followup	317	2	1690	4501
days_to_last_followup	752	2	1690	4501
days_to_last_followup	754	2	1690	4501
days_to_last_followup	3019	2	1690	4501
days_to_last_followup	1613	2	1690	4501
days_to_last_followup	2653	2	1690	4501
days_to_last_followup	85	2	1690	4501
days_to_last_followup	80	2	1690	4501
days_to_last_followup	777	2	1690	4501
days_to_last_followup	1645	2	1690	4501
days_to_last_followup	261	2	1690	4501
days_to_last_followup	533	2	1690	4501
days_to_last_followup	1881	2	1690	4501
days_to_last_followup	1310	2	1690	4501
days_to_last_followup	2755	2	1690	4501
days_to_last_followup	1220	2	1690	4501
days_to_last_followup	2082	2	1690	4501
days_to_last_followup	1339	2	1690	4501
days_to_last_followup	315	2	1690	4501
days_to_last_followup	990	2	1690	4501
days_to_last_followup	2365	2	1690	4501
days_to_last_followup	707	2	1690	4501
days_to_last_followup	1256	2	1690	4501
days_to_last_followup	825	2	1690	4501
days_to_last_followup	200	2	1690	4501
days_to_last_followup	1991	2	1690	4501
days_to_last_followup	611	2	1690	4501
days_to_last_followup	935	2	1690	4501
days_to_last_followup	73	2	1690	4501
days_to_last_followup	1673	2	1690	4501
days_to_last_followup	1953	2	1690	4501
days_to_last_followup	3120	2	1690	4501
days_to_last_followup	865	2	1690	4501
days_to_last_followup	576	2	1690	4501
days_to_last_followup	2385	2	1690	4501
days_to_last_followup	755	2	1690	4501
days_to_last_followup	309	2	1690	4501
days_to_last_followup	1512	2	1690	4501
days_to_last_followup	5749	2	1690	4501
days_to_last_followup	1217	2	1690	4501
days_to_last_followup	2317	2	1690	4501
days_to_last_followup	2923	2	1690	4501
days_to_last_followup	1191	2	1690	4501
days_to_last_followup	2316	2	1690	4501
days_to_last_followup	2850	2	1690	4501
days_to_last_followup	509	2	1690	4501
days_to_last_followup	931	2	1690	4501
days_to_last_followup	511	2	1690	4501
days_to_last_followup	1173	2	1690	4501
days_to_last_followup	1569	2	1690	4501
days_to_last_followup	660	2	1690	4501
days_to_last_followup	694	2	1690	4501
days_to_last_followup	1295	2	1690	4501
days_to_last_followup	2535	2	1690	4501
days_to_last_followup	1187	2	1690	4501
days_to_last_followup	2221	2	1690	4501
days_to_last_followup	1988	2	1690	4501
days_to_last_followup	1190	2	1690	4501
days_to_last_followup	967	2	1690	4501
days_to_last_followup	2400	2	1690	4501
days_to_last_followup	2338	2	1690	4501
days_to_last_followup	857	2	1690	4501
days_to_last_followup	2099	2	1690	4501
days_to_last_followup	1767	2	1690	4501
days_to_last_followup	1769	2	1690	4501
days_to_last_followup	695	2	1690	4501
days_to_last_followup	2028	2	1690	4501
days_to_last_followup	3532	2	1690	4501
days_to_last_followup	2218	2	1690	4501
days_to_last_followup	2078	2	1690	4501
days_to_last_followup	2742	2	1690	4501
days_to_last_followup	262	2	1690	4501
days_to_last_followup	1843	2	1690	4501
days_to_last_followup	1455	2	1690	4501
days_to_last_followup	5481	2	1690	4501
days_to_last_followup	3337	2	1690	4501
days_to_last_followup	2032	2	1690	4501
days_to_last_followup	919	2	1690	4501
days_to_last_followup	2780	2	1690	4501
days_to_last_followup	524	2	1690	4501
days_to_last_followup	3953	2	1690	4501
days_to_last_followup	946	2	1690	4501
days_to_last_followup	3224	2	1690	4501
days_to_last_followup	517	2	1690	4501
days_to_last_followup	583	2	1690	4501
days_to_last_followup	1721	2	1690	4501
days_to_last_followup	1844	2	1690	4501
days_to_last_followup	1384	2	1690	4501
days_to_last_followup	571	2	1690	4501
days_to_last_followup	1752	2	1690	4501
days_to_last_followup	1451	2	1690	4501
days_to_last_followup	737	2	1690	4501
days_to_last_followup	2606	2	1690	4501
days_to_last_followup	999	2	1690	4501
days_to_last_followup	1144	2	1690	4501
days_to_last_followup	2097	2	1690	4501
days_to_last_followup	374	2	1690	4501
days_to_last_followup	2692	2	1690	4501
days_to_last_followup	239	2	1690	4501
days_to_last_followup	1259	2	1690	4501
days_to_last_followup	1553	2	1690	4501
days_to_last_followup	3260	2	1690	4501
days_to_last_followup	2237	2	1690	4501
days_to_last_followup	2688	2	1690	4501
days_to_last_followup	493	2	1690	4501
days_to_last_followup	1033	2	1690	4501
days_to_last_followup	1360	2	1690	4501
days_to_last_followup	1900	2	1690	4501
days_to_last_followup	3096	2	1690	4501
days_to_last_followup	1498	2	1690	4501
days_to_last_followup	2148	2	1690	4501
days_to_last_followup	869	2	1690	4501
days_to_last_followup	1748	2	1690	4501
days_to_last_followup	1562	2	1690	4501
days_to_last_followup	1073	2	1690	4501
days_to_last_followup	94	2	1690	4501
days_to_last_followup	950	2	1690	4501
days_to_last_followup	514	2	1690	4501
days_to_last_followup	548	2	1690	4501
days_to_last_followup	843	2	1690	4501
days_to_last_followup	1722	2	1690	4501
days_to_last_followup	3825	2	1690	4501
days_to_last_followup	2259	2	1690	4501
days_to_last_followup	1293	2	1690	4501
days_to_last_followup	2478	2	1690	4501
days_to_last_followup	581	2	1690	4501
days_to_last_followup	1264	2	1690	4501
days_to_last_followup	1736	2	1690	4501
days_to_last_followup	1955	2	1690	4501
days_to_last_followup	2154	2	1690	4501
days_to_last_followup	772	2	1690	4501
days_to_last_followup	1341	2	1690	4501
days_to_last_followup	684	2	1690	4501
days_to_last_followup	928	2	1690	4501
days_to_last_followup	2182	2	1690	4501
days_to_last_followup	1815	2	1690	4501
days_to_last_followup	1128	2	1690	4501
days_to_last_followup	2049	2	1690	4501
days_to_last_followup	1558	2	1690	4501
days_to_last_followup	1652	2	1690	4501
days_to_last_followup	2089	2	1690	4501
days_to_last_followup	1573	2	1690	4501
days_to_last_followup	2648	2	1690	4501
days_to_last_followup	1947	2	1690	4501
days_to_last_followup	966	2	1690	4501
days_to_last_followup	1114	2	1690	4501
days_to_last_followup	527	2	1690	4501
days_to_last_followup	787	2	1690	4501
days_to_last_followup	1342	2	1690	4501
days_to_last_followup	2068	2	1690	4501
days_to_last_followup	3525	2	1690	4501
days_to_last_followup	1646	2	1690	4501
days_to_last_followup	1877	2	1690	4501
days_to_last_followup	1933	2	1690	4501
days_to_last_followup	232	2	1690	4501
days_to_last_followup	179	1	1690	4501
days_to_last_followup	667	1	1690	4501
days_to_last_followup	806	1	1690	4501
days_to_last_followup	6346	1	1690	4501
days_to_last_followup	6528	1	1690	4501
days_to_last_followup	7062	1	1690	4501
days_to_last_followup	1375	1	1690	4501
days_to_last_followup	2065	1	1690	4501
days_to_last_followup	131	1	1690	4501
days_to_last_followup	864	1	1690	4501
days_to_last_followup	2368	1	1690	4501
days_to_last_followup	964	1	1690	4501
days_to_last_followup	537	1	1690	4501
days_to_last_followup	3674	1	1690	4501
days_to_last_followup	723	1	1690	4501
days_to_last_followup	305	1	1690	4501
days_to_last_followup	3940	1	1690	4501
days_to_last_followup	2137	1	1690	4501
days_to_last_followup	353	1	1690	4501
days_to_last_followup	269	1	1690	4501
days_to_last_followup	166	1	1690	4501
days_to_last_followup	1332	1	1690	4501
days_to_last_followup	4415	1	1690	4501
days_to_last_followup	4655	1	1690	4501
days_to_last_followup	4765	1	1690	4501
days_to_last_followup	311	1	1690	4501
days_to_last_followup	749	1	1690	4501
days_to_last_followup	1429	1	1690	4501
days_to_last_followup	1445	1	1690	4501
days_to_last_followup	2449	1	1690	4501
days_to_last_followup	3059	1	1690	4501
days_to_last_followup	307	1	1690	4501
days_to_last_followup	800	1	1690	4501
days_to_last_followup	1974	1	1690	4501
days_to_last_followup	3755	1	1690	4501
days_to_last_followup	3759	1	1690	4501
days_to_last_followup	1432	1	1690	4501
days_to_last_followup	2823	1	1690	4501
days_to_last_followup	1499	1	1690	4501
days_to_last_followup	60	1	1690	4501
days_to_last_followup	7248	1	1690	4501
days_to_last_followup	2832	1	1690	4501
days_to_last_followup	904	1	1690	4501
days_to_last_followup	634	1	1690	4501
days_to_last_followup	2093	1	1690	4501
days_to_last_followup	2696	1	1690	4501
days_to_last_followup	505	1	1690	4501
days_to_last_followup	872	1	1690	4501
days_to_last_followup	3305	1	1690	4501
days_to_last_followup	1178	1	1690	4501
days_to_last_followup	71	1	1690	4501
days_to_last_followup	1183	1	1690	4501
days_to_last_followup	674	1	1690	4501
days_to_last_followup	2067	1	1690	4501
days_to_last_followup	2370	1	1690	4501
days_to_last_followup	938	1	1690	4501
days_to_last_followup	1071	1	1690	4501
days_to_last_followup	1097	1	1690	4501
days_to_last_followup	1726	1	1690	4501
days_to_last_followup	1904	1	1690	4501
days_to_last_followup	2261	1	1690	4501
days_to_last_followup	2488	1	1690	4501
days_to_last_followup	1060	1	1690	4501
days_to_last_followup	486	1	1690	4501
days_to_last_followup	830	1	1690	4501
days_to_last_followup	845	1	1690	4501
days_to_last_followup	1400	1	1690	4501
days_to_last_followup	1490	1	1690	4501
days_to_last_followup	1862	1	1690	4501
days_to_last_followup	940	1	1690	4501
days_to_last_followup	1289	1	1690	4501
days_to_last_followup	102	1	1690	4501
days_to_last_followup	599	1	1690	4501
days_to_last_followup	539	1	1690	4501
days_to_last_followup	251	1	1690	4501
days_to_last_followup	1118	1	1690	4501
days_to_last_followup	2146	1	1690	4501
days_to_last_followup	930	1	1690	4501
days_to_last_followup	6443	1	1690	4501
days_to_last_followup	6732	1	1690	4501
days_to_last_followup	4630	1	1690	4501
days_to_last_followup	4992	1	1690	4501
days_to_last_followup	156	1	1690	4501
days_to_last_followup	115	1	1690	4501
days_to_last_followup	589	1	1690	4501
days_to_last_followup	813	1	1690	4501
days_to_last_followup	157	1	1690	4501
days_to_last_followup	1621	1	1690	4501
days_to_last_followup	947	1	1690	4501
days_to_last_followup	592	1	1690	4501
days_to_last_followup	866	1	1690	4501
days_to_last_followup	2360	1	1690	4501
days_to_last_followup	657	1	1690	4501
days_to_last_followup	1272	1	1690	4501
days_to_last_followup	977	1	1690	4501
days_to_last_followup	1040	1	1690	4501
days_to_last_followup	299	1	1690	4501
days_to_last_followup	444	1	1690	4501
days_to_last_followup	691	1	1690	4501
days_to_last_followup	1314	1	1690	4501
days_to_last_followup	1700	1	1690	4501
days_to_last_followup	862	1	1690	4501
days_to_last_followup	1147	1	1690	4501
days_to_last_followup	1367	1	1690	4501
days_to_last_followup	601	1	1690	4501
days_to_last_followup	3635	1	1690	4501
days_to_last_followup	1475	1	1690	4501
days_to_last_followup	37	1	1690	4501
days_to_last_followup	1617	1	1690	4501
days_to_last_followup	1280	1	1690	4501
days_to_last_followup	1175	1	1690	4501
days_to_last_followup	1333	1	1690	4501
days_to_last_followup	779	1	1690	4501
days_to_last_followup	988	1	1690	4501
days_to_last_followup	910	1	1690	4501
days_to_last_followup	77	1	1690	4501
days_to_last_followup	1159	1	1690	4501
days_to_last_followup	2199	1	1690	4501
days_to_last_followup	1945	1	1690	4501
days_to_last_followup	2224	1	1690	4501
days_to_last_followup	564	1	1690	4501
days_to_last_followup	2676	1	1690	4501
days_to_last_followup	389	1	1690	4501
days_to_last_followup	276	1	1690	4501
days_to_last_followup	308	1	1690	4501
days_to_last_followup	419	1	1690	4501
days_to_last_followup	56	1	1690	4501
days_to_last_followup	249	1	1690	4501
days_to_last_followup	778	1	1690	4501
days_to_last_followup	1366	1	1690	4501
days_to_last_followup	1372	1	1690	4501
days_to_last_followup	2175	1	1690	4501
days_to_last_followup	3625	1	1690	4501
days_to_last_followup	3974	1	1690	4501
days_to_last_followup	1077	1	1690	4501
days_to_last_followup	957	1	1690	4501
days_to_last_followup	2310	1	1690	4501
days_to_last_followup	2077	1	1690	4501
days_to_last_followup	2268	1	1690	4501
days_to_last_followup	995	1	1690	4501
days_to_last_followup	386	1	1690	4501
days_to_last_followup	3275	1	1690	4501
days_to_last_followup	4051	1	1690	4501
days_to_last_followup	1765	1	1690	4501
days_to_last_followup	406	1	1690	4501
days_to_last_followup	887	1	1690	4501
days_to_last_followup	1606	1	1690	4501
days_to_last_followup	2424	1	1690	4501
days_to_last_followup	884	1	1690	4501
days_to_last_followup	1003	1	1690	4501
days_to_last_followup	1856	1	1690	4501
days_to_last_followup	1706	1	1690	4501
days_to_last_followup	1946	1	1690	4501
days_to_last_followup	542	1	1690	4501
days_to_last_followup	108	1	1690	4501
days_to_last_followup	781	1	1690	4501
days_to_last_followup	1715	1	1690	4501
days_to_last_followup	2835	1	1690	4501
days_to_last_followup	2988	1	1690	4501
days_to_last_followup	117	1	1690	4501
days_to_last_followup	685	1	1690	4501
days_to_last_followup	1020	1	1690	4501
days_to_last_followup	1674	1	1690	4501
days_to_last_followup	1331	1	1690	4501
days_to_last_followup	130	1	1690	4501
days_to_last_followup	638	1	1690	4501
days_to_last_followup	3116	1	1690	4501
days_to_last_followup	4502	1	1690	4501
days_to_last_followup	2673	1	1690	4501
days_to_last_followup	2792	1	1690	4501
days_to_last_followup	921	1	1690	4501
days_to_last_followup	1177	1	1690	4501
days_to_last_followup	766	1	1690	4501
days_to_last_followup	173	1	1690	4501
days_to_last_followup	2180	1	1690	4501
days_to_last_followup	2549	1	1690	4501
days_to_last_followup	3429	1	1690	4501
days_to_last_followup	3641	1	1690	4501
days_to_last_followup	1199	1	1690	4501
days_to_last_followup	1387	1	1690	4501
days_to_last_followup	2038	1	1690	4501
days_to_last_followup	2130	1	1690	4501
days_to_last_followup	1915	1	1690	4501
days_to_last_followup	3530	1	1690	4501
days_to_last_followup	3648	1	1690	4501
days_to_last_followup	3786	1	1690	4501
days_to_last_followup	4126	1	1690	4501
days_to_last_followup	796	1	1690	4501
days_to_last_followup	494	1	1690	4501
days_to_last_followup	1581	1	1690	4501
days_to_last_followup	1551	1	1690	4501
days_to_last_followup	1701	1	1690	4501
days_to_last_followup	2056	1	1690	4501
days_to_last_followup	453	1	1690	4501
days_to_last_followup	1643	1	1690	4501
days_to_last_followup	1031	1	1690	4501
days_to_last_followup	3423	1	1690	4501
days_to_last_followup	3561	1	1690	4501
days_to_last_followup	491	1	1690	4501
days_to_last_followup	378	1	1690	4501
days_to_last_followup	696	1	1690	4501
days_to_last_followup	1395	1	1690	4501
days_to_last_followup	1868	1	1690	4501
days_to_last_followup	2683	1	1690	4501
days_to_last_followup	1111	1	1690	4501
days_to_last_followup	668	1	1690	4501
days_to_last_followup	900	1	1690	4501
days_to_last_followup	1002	1	1690	4501
days_to_last_followup	1466	1	1690	4501
days_to_last_followup	1227	1	1690	4501
days_to_last_followup	2599	1	1690	4501
days_to_last_followup	2775	1	1690	4501
days_to_last_followup	2895	1	1690	4501
days_to_last_followup	1430	1	1690	4501
days_to_last_followup	937	1	1690	4501
days_to_last_followup	1705	1	1690	4501
days_to_last_followup	894	1	1690	4501
days_to_last_followup	1095	1	1690	4501
days_to_last_followup	1316	1	1690	4501
days_to_last_followup	112	1	1690	4501
days_to_last_followup	2587	1	1690	4501
days_to_last_followup	1334	1	1690	4501
days_to_last_followup	1776	1	1690	4501
days_to_last_followup	3920	1	1690	4501
days_to_last_followup	4270	1	1690	4501
days_to_last_followup	1133	1	1690	4501
days_to_last_followup	4122	1	1690	4501
days_to_last_followup	2375	1	1690	4501
days_to_last_followup	700	1	1690	4501
days_to_last_followup	1068	1	1690	4501
days_to_last_followup	3102	1	1690	4501
days_to_last_followup	954	1	1690	4501
days_to_last_followup	3248	1	1690	4501
days_to_last_followup	3872	1	1690	4501
days_to_last_followup	4285	1	1690	4501
days_to_last_followup	808	1	1690	4501
days_to_last_followup	1179	1	1690	4501
days_to_last_followup	680	1	1690	4501
days_to_last_followup	2156	1	1690	4501
days_to_last_followup	5042	1	1690	4501
days_to_last_followup	1516	1	1690	4501
days_to_last_followup	831	1	1690	4501
days_to_last_followup	1888	1	1690	4501
days_to_last_followup	2976	1	1690	4501
days_to_last_followup	8391	1	1690	4501
days_to_last_followup	7777	1	1690	4501
days_to_last_followup	2019	1	1690	4501
days_to_last_followup	2041	1	1690	4501
days_to_last_followup	1218	1	1690	4501
days_to_last_followup	1585	1	1690	4501
days_to_last_followup	152	1	1690	4501
days_to_last_followup	434	1	1690	4501
days_to_last_followup	850	1	1690	4501
days_to_last_followup	2561	1	1690	4501
days_to_last_followup	3607	1	1690	4501
days_to_last_followup	1590	1	1690	4501
days_to_last_followup	2033	1	1690	4501
days_to_last_followup	2619	1	1690	4501
days_to_last_followup	3017	1	1690	4501
days_to_last_followup	2636	1	1690	4501
days_to_last_followup	3316	1	1690	4501
days_to_last_followup	1232	1	1690	4501
days_to_last_followup	859	1	1690	4501
days_to_last_followup	1546	1	1690	4501
days_to_last_followup	1139	1	1690	4501
days_to_last_followup	384	1	1690	4501
days_to_last_followup	1534	1	1690	4501
days_to_last_followup	3153	1	1690	4501
days_to_last_followup	3188	1	1690	4501
days_to_last_followup	4354	1	1690	4501
days_to_last_followup	8556	1	1690	4501
days_to_last_followup	207	1	1690	4501
days_to_last_followup	1304	1	1690	4501
days_to_last_followup	1486	1	1690	4501
days_to_last_followup	2654	1	1690	4501
days_to_last_followup	144	1	1690	4501
days_to_last_followup	2236	1	1690	4501
days_to_last_followup	2971	1	1690	4501
days_to_last_followup	1640	1	1690	4501
days_to_last_followup	1733	1	1690	4501
days_to_last_followup	2559	1	1690	4501
days_to_last_followup	2053	1	1690	4501
days_to_last_followup	2426	1	1690	4501
days_to_last_followup	8008	1	1690	4501
days_to_last_followup	1926	1	1690	4501
days_to_last_followup	1318	1	1690	4501
days_to_last_followup	2383	1	1690	4501
days_to_last_followup	3042	1	1690	4501
days_to_last_followup	3287	1	1690	4501
days_to_last_followup	2363	1	1690	4501
days_to_last_followup	3128	1	1690	4501
days_to_last_followup	471	1	1690	4501
days_to_last_followup	2197	1	1690	4501
days_to_last_followup	645	1	1690	4501
days_to_last_followup	3330	1	1690	4501
days_to_last_followup	398	1	1690	4501
days_to_last_followup	2009	1	1690	4501
days_to_last_followup	1021	1	1690	4501
days_to_last_followup	319	1	1690	4501
days_to_last_followup	606	1	1690	4501
days_to_last_followup	2612	1	1690	4501
days_to_last_followup	1614	1	1690	4501
days_to_last_followup	769	1	1690	4501
days_to_last_followup	7106	1	1690	4501
days_to_last_followup	2142	1	1690	4501
days_to_last_followup	765	1	1690	4501
days_to_last_followup	983	1	1690	4501
days_to_last_followup	2362	1	1690	4501
days_to_last_followup	2576	1	1690	4501
days_to_last_followup	3364	1	1690	4501
days_to_last_followup	899	1	1690	4501
days_to_last_followup	1312	1	1690	4501
days_to_last_followup	2091	1	1690	4501
days_to_last_followup	2758	1	1690	4501
days_to_last_followup	2388	1	1690	4501
days_to_last_followup	3035	1	1690	4501
days_to_last_followup	1042	1	1690	4501
days_to_last_followup	3827	1	1690	4501
days_to_last_followup	4361	1	1690	4501
days_to_last_followup	2830	1	1690	4501
days_to_last_followup	32	1	1690	4501
days_to_last_followup	2750	1	1690	4501
days_to_last_followup	3121	1	1690	4501
days_to_last_followup	1914	1	1690	4501
days_to_last_followup	2318	1	1690	4501
days_to_last_followup	2868	1	1690	4501
days_to_last_followup	321	1	1690	4501
days_to_last_followup	2335	1	1690	4501
days_to_last_followup	942	1	1690	4501
days_to_last_followup	646	1	1690	4501
days_to_last_followup	858	1	1690	4501
days_to_last_followup	1853	1	1690	4501
days_to_last_followup	1896	1	1690	4501
days_to_last_followup	2953	1	1690	4501
days_to_last_followup	738	1	1690	4501
days_to_last_followup	1185	1	1690	4501
days_to_last_followup	2420	1	1690	4501
days_to_last_followup	2759	1	1690	4501
days_to_last_followup	1088	1	1690	4501
days_to_last_followup	1633	1	1690	4501
days_to_last_followup	2330	1	1690	4501
days_to_last_followup	109	1	1690	4501
days_to_last_followup	1596	1	1690	4501
days_to_last_followup	1052	1	1690	4501
days_to_last_followup	104	1	1690	4501
days_to_last_followup	1010	1	1690	4501
days_to_last_followup	1228	1	1690	4501
days_to_last_followup	1302	1	1690	4501
days_to_last_followup	2920	1	1690	4501
days_to_last_followup	298	1	1690	4501
days_to_last_followup	631	1	1690	4501
days_to_last_followup	2184	1	1690	4501
days_to_last_followup	219	1	1690	4501
days_to_last_followup	1989	1	1690	4501
days_to_last_followup	2548	1	1690	4501
days_to_last_followup	3004	1	1690	4501
days_to_last_followup	1842	1	1690	4501
days_to_last_followup	736	1	1690	4501
days_to_last_followup	1873	1	1690	4501
days_to_last_followup	976	1	1690	4501
days_to_last_followup	2955	1	1690	4501
days_to_last_followup	2226	1	1690	4501
days_to_last_followup	2838	1	1690	4501
days_to_last_followup	284	1	1690	4501
days_to_last_followup	1783	1	1690	4501
days_to_last_followup	849	1	1690	4501
days_to_last_followup	756	1	1690	4501
days_to_last_followup	1871	1	1690	4501
days_to_last_followup	907	1	1690	4501
days_to_last_followup	59	1	1690	4501
days_to_last_followup	703	1	1690	4501
days_to_last_followup	593	1	1690	4501
days_to_last_followup	908	1	1690	4501
days_to_last_followup	221	1	1690	4501
days_to_last_followup	3801	1	1690	4501
days_to_last_followup	4005	1	1690	4501
days_to_last_followup	250	1	1690	4501
days_to_last_followup	2352	1	1690	4501
days_to_last_followup	3091	1	1690	4501
days_to_last_followup	2193	1	1690	4501
days_to_last_followup	798	1	1690	4501
days_to_last_followup	199	1	1690	4501
days_to_last_followup	3836	1	1690	4501
days_to_last_followup	3820	1	1690	4501
days_to_last_followup	4159	1	1690	4501
days_to_last_followup	1827	1	1690	4501
days_to_last_followup	1964	1	1690	4501
days_to_last_followup	3015	1	1690	4501
days_to_last_followup	355	1	1690	4501
days_to_last_followup	2371	1	1690	4501
days_to_last_followup	1500	1	1690	4501
days_to_last_followup	2784	1	1690	4501
days_to_last_followup	-31	1	1690	4501
days_to_last_followup	4088	1	1690	4501
days_to_last_followup	2718	1	1690	4501
days_to_last_followup	615	1	1690	4501
days_to_last_followup	2213	1	1690	4501
days_to_last_followup	2605	1	1690	4501
days_to_last_followup	2618	1	1690	4501
days_to_last_followup	430	1	1690	4501
days_to_last_followup	828	1	1690	4501
days_to_last_followup	1753	1	1690	4501
days_to_last_followup	2191	1	1690	4501
days_to_last_followup	1692	1	1690	4501
days_to_last_followup	2288	1	1690	4501
days_to_last_followup	193	1	1690	4501
days_to_last_followup	1269	1	1690	4501
days_to_last_followup	656	1	1690	4501
days_to_last_followup	1717	1	1690	4501
days_to_last_followup	2108	1	1690	4501
days_to_last_followup	1428	1	1690	4501
days_to_last_followup	2477	1	1690	4501
days_to_last_followup	3273	1	1690	4501
days_to_last_followup	3603	1	1690	4501
days_to_last_followup	991	1	1690	4501
days_to_last_followup	8605	1	1690	4501
days_to_last_followup	341	1	1690	4501
days_to_last_followup	1000	1	1690	4501
days_to_last_followup	473	1	1690	4501
days_to_last_followup	1682	1	1690	4501
days_to_last_followup	1149	1	1690	4501
days_to_last_followup	1928	1	1690	4501
days_to_last_followup	2982	1	1690	4501
days_to_last_followup	3361	1	1690	4501
days_to_last_followup	2406	1	1690	4501
days_to_last_followup	3767	1	1690	4501
days_to_last_followup	3928	1	1690	4501
days_to_last_followup	4047	1	1690	4501
days_to_last_followup	4776	1	1690	4501
days_to_last_followup	4894	1	1690	4501
days_to_last_followup	2222	1	1690	4501
days_to_last_followup	968	1	1690	4501
days_to_last_followup	1719	1	1690	4501
days_to_last_followup	2012	1	1690	4501
days_to_last_followup	2615	1	1690	4501
days_to_last_followup	687	1	1690	4501
days_to_last_followup	774	1	1690	4501
days_to_last_followup	1349	1	1690	4501
days_to_last_followup	1865	1	1690	4501
days_to_last_followup	1912	1	1690	4501
days_to_last_followup	710	1	1690	4501
days_to_last_followup	2263	1	1690	4501
days_to_last_followup	149	1	1690	4501
days_to_last_followup	1350	1	1690	4501
days_to_last_followup	2331	1	1690	4501
days_to_last_followup	3226	1	1690	4501
days_to_last_followup	1651	1	1690	4501
days_to_last_followup	2281	1	1690	4501
days_to_last_followup	1405	1	1690	4501
days_to_last_followup	2489	1	1690	4501
days_to_last_followup	1820	1	1690	4501
days_to_last_followup	2650	1	1690	4501
days_to_last_followup	1836	1	1690	4501
days_to_last_followup	566	1	1690	4501
days_to_last_followup	1464	1	1690	4501
days_to_last_followup	2709	1	1690	4501
days_to_last_followup	917	1	1690	4501
days_to_last_followup	923	1	1690	4501
days_to_last_followup	948	1	1690	4501
days_to_last_followup	1461	1	1690	4501
days_to_last_followup	223	1	1690	4501
days_to_last_followup	793	1	1690	4501
days_to_last_followup	3022	1	1690	4501
days_to_last_followup	1251	1	1690	4501
days_to_last_followup	429	1	1690	4501
days_to_last_followup	868	1	1690	4501
days_to_last_followup	1008	1	1690	4501
days_to_last_followup	1545	1	1690	4501
days_to_last_followup	324	1	1690	4501
days_to_last_followup	3152	1	1690	4501
days_to_last_followup	3456	1	1690	4501
days_to_last_followup	1063	1	1690	4501
days_to_last_followup	1477	1	1690	4501
days_to_last_followup	2329	1	1690	4501
days_to_last_followup	1361	1	1690	4501
days_to_last_followup	2387	1	1690	4501
days_to_last_followup	3030	1	1690	4501
days_to_last_followup	770	1	1690	4501
days_to_last_followup	51	1	1690	4501
days_to_last_followup	3009	1	1690	4501
days_to_last_followup	1468	1	1690	4501
days_to_last_followup	941	1	1690	4501
days_to_last_followup	161	1	1690	4501
days_to_last_followup	347	1	1690	4501
days_to_last_followup	538	1	1690	4501
days_to_last_followup	391	1	1690	4501
days_to_last_followup	1340	1	1690	4501
days_to_last_followup	2278	1	1690	4501
days_to_last_followup	2031	1	1690	4501
days_to_last_followup	2856	1	1690	4501
days_to_last_followup	3159	1	1690	4501
days_to_last_followup	2064	1	1690	4501
days_to_last_followup	1996	1	1690	4501
days_to_last_followup	807	1	1690	4501
days_to_last_followup	2275	1	1690	4501
days_to_last_followup	2558	1	1690	4501
days_to_last_followup	3296	1	1690	4501
days_to_last_followup	4840	1	1690	4501
days_to_last_followup	5176	1	1690	4501
days_to_last_followup	819	1	1690	4501
days_to_last_followup	1101	1	1690	4501
days_to_last_followup	2072	1	1690	4501
days_to_last_followup	1271	1	1690	4501
days_to_last_followup	3112	1	1690	4501
days_to_last_followup	1027	1	1690	4501
days_to_last_followup	854	1	1690	4501
days_to_last_followup	1440	1	1690	4501
days_to_last_followup	1665	1	1690	4501
days_to_last_followup	2231	1	1690	4501
days_to_last_followup	1099	1	1690	4501
days_to_last_followup	2136	1	1690	4501
days_to_last_followup	205	1	1690	4501
days_to_last_followup	233	1	1690	4501
days_to_last_followup	2312	1	1690	4501
days_to_last_followup	3202	1	1690	4501
days_to_last_followup	3342	1	1690	4501
days_to_last_followup	558	1	1690	4501
days_to_last_followup	3001	1	1690	4501
days_to_last_followup	688	1	1690	4501
days_to_last_followup	870	1	1690	4501
days_to_last_followup	2274	1	1690	4501
days_to_last_followup	2707	1	1690	4501
days_to_last_followup	332	1	1690	4501
days_to_last_followup	438	1	1690	4501
days_to_last_followup	803	1	1690	4501
days_to_last_followup	1437	1	1690	4501
days_to_last_followup	3807	1	1690	4501
days_to_last_followup	2763	1	1690	4501
days_to_last_followup	3519	1	1690	4501
days_to_last_followup	2128	1	1690	4501
days_to_last_followup	1106	1	1690	4501
days_to_last_followup	1587	1	1690	4501
days_to_last_followup	2947	1	1690	4501
days_to_last_followup	3660	1	1690	4501
days_to_last_followup	2968	1	1690	4501
days_to_last_followup	3276	1	1690	4501
days_to_last_followup	2393	1	1690	4501
days_to_last_followup	2695	1	1690	4501
days_to_last_followup	3386	1	1690	4501
days_to_last_followup	4275	1	1690	4501
days_to_last_followup	510	1	1690	4501
days_to_last_followup	1039	1	1690	4501
days_to_last_followup	789	1	1690	4501
days_to_last_followup	1198	1	1690	4501
days_to_last_followup	1930	1	1690	4501
days_to_last_followup	3011	1	1690	4501
days_to_last_followup	469	1	1690	4501
days_to_last_followup	1535	1	1690	4501
days_to_last_followup	654	1	1690	4501
days_to_last_followup	3506	1	1690	4501
days_to_last_followup	2800	1	1690	4501
days_to_last_followup	3256	1	1690	4501
days_to_last_followup	661	1	1690	4501
days_to_last_followup	2282	1	1690	4501
days_to_last_followup	2179	1	1690	4501
days_to_last_followup	841	1	1690	4501
days_to_last_followup	1219	1	1690	4501
days_to_last_followup	2381	1	1690	4501
days_to_last_followup	2511	1	1690	4501
days_to_last_followup	2796	1	1690	4501
days_to_last_followup	3204	1	1690	4501
days_to_last_followup	1206	1	1690	4501
days_to_last_followup	2140	1	1690	4501
days_to_last_followup	1800	1	1690	4501
days_to_last_followup	1887	1	1690	4501
days_to_last_followup	2181	1	1690	4501
days_to_last_followup	6796	1	1690	4501
days_to_last_followup	7126	1	1690	4501
days_to_last_followup	1712	1	1690	4501
days_to_last_followup	5909	1	1690	4501
days_to_last_followup	1876	1	1690	4501
days_to_last_followup	1009	1	1690	4501
days_to_last_followup	1448	1	1690	4501
days_to_last_followup	3468	1	1690	4501
days_to_last_followup	4080	1	1690	4501
days_to_last_followup	1352	1	1690	4501
days_to_last_followup	300	1	1690	4501
days_to_last_followup	3286	1	1690	4501
days_to_last_followup	2238	1	1690	4501
days_to_last_followup	2525	1	1690	4501
days_to_last_followup	2770	1	1690	4501
days_to_last_followup	1303	1	1690	4501
days_to_last_followup	433	1	1690	4501
days_to_last_followup	1416	1	1690	4501
days_to_last_followup	1780	1	1690	4501
days_to_last_followup	1080	1	1690	4501
days_to_last_followup	3307	1	1690	4501
days_to_last_followup	4788	1	1690	4501
days_to_last_followup	5156	1	1690	4501
days_to_last_followup	1248	1	1690	4501
days_to_last_followup	1742	1	1690	4501
days_to_last_followup	63	1	1690	4501
days_to_last_followup	1422	1	1690	4501
days_to_last_followup	1604	1	1690	4501
days_to_last_followup	1644	1	1690	4501
days_to_last_followup	364	1	1690	4501
days_to_last_followup	248	1	1690	4501
days_to_last_followup	1925	1	1690	4501
days_to_last_followup	1299	1	1690	4501
days_to_last_followup	2155	1	1690	4501
days_to_last_followup	5396	1	1690	4501
days_to_last_followup	5739	1	1690	4501
days_to_last_followup	2876	1	1690	4501
days_to_last_followup	69	1	1690	4501
days_to_last_followup	876	1	1690	4501
days_to_last_followup	497	1	1690	4501
days_to_last_followup	3430	1	1690	4501
days_to_last_followup	1394	1	1690	4501
days_to_last_followup	2486	1	1690	4501
days_to_last_followup	290	1	1690	4501
days_to_last_followup	470	1	1690	4501
days_to_last_followup	1154	1	1690	4501
days_to_last_followup	1347	1	1690	4501
days_to_last_followup	1084	1	1690	4501
days_to_last_followup	1449	1	1690	4501
days_to_last_followup	1628	1	1690	4501
days_to_last_followup	628	1	1690	4501
days_to_last_followup	1038	1	1690	4501
days_to_last_followup	2124	1	1690	4501
days_to_last_followup	1688	1	1690	4501
days_to_last_followup	709	1	1690	4501
days_to_last_followup	2311	1	1690	4501
days_to_last_followup	338	1	1690	4501
days_to_last_followup	2767	1	1690	4501
days_to_last_followup	1528	1	1690	4501
days_to_last_followup	560	1	1690	4501
days_to_last_followup	3913	1	1690	4501
days_to_last_followup	4239	1	1690	4501
days_to_last_followup	4356	1	1690	4501
days_to_last_followup	5062	1	1690	4501
days_to_last_followup	1563	1	1690	4501
days_to_last_followup	782	1	1690	4501
days_to_last_followup	708	1	1690	4501
days_to_last_followup	795	1	1690	4501
days_to_last_followup	698	1	1690	4501
days_to_last_followup	1082	1	1690	4501
days_to_last_followup	1792	1	1690	4501
days_to_last_followup	1140	1	1690	4501
days_to_last_followup	1291	1	1690	4501
days_to_last_followup	2315	1	1690	4501
days_to_last_followup	263	1	1690	4501
days_to_last_followup	641	1	1690	4501
days_to_last_followup	1523	1	1690	4501
days_to_last_followup	1266	1	1690	4501
days_to_last_followup	1007	1	1690	4501
days_to_last_followup	1481	1	1690	4501
days_to_last_followup	451	1	1690	4501
days_to_last_followup	860	1	1690	4501
days_to_last_followup	920	1	1690	4501
days_to_last_followup	1210	1	1690	4501
days_to_last_followup	1980	1	1690	4501
days_to_last_followup	2499	1	1690	4501
days_to_last_followup	3709	1	1690	4501
days_to_last_followup	1890	1	1690	4501
days_to_last_followup	2629	1	1690	4501
days_to_last_followup	1141	1	1690	4501
days_to_last_followup	58	1	1690	4501
days_to_last_followup	292	1	1690	4501
days_to_last_followup	1231	1	1690	4501
days_to_last_followup	2306	1	1690	4501
days_to_last_followup	2483	1	1690	4501
days_to_last_followup	2164	1	1690	4501
days_to_last_followup	2495	1	1690	4501
days_to_last_followup	2813	1	1690	4501
days_to_last_followup	1058	1	1690	4501
days_to_last_followup	2121	1	1690	4501
days_to_last_followup	2369	1	1690	4501
days_to_last_followup	3746	1	1690	4501
days_to_last_followup	1207	1	1690	4501
days_to_last_followup	3388	1	1690	4501
days_to_last_followup	2547	1	1690	4501
days_to_last_followup	3325	1	1690	4501
days_to_last_followup	1785	1	1690	4501
days_to_last_followup	2469	1	1690	4501
days_to_last_followup	4665	1	1690	4501
days_to_last_followup	3500	1	1690	4501
days_to_last_followup	3548	1	1690	4501
days_to_last_followup	245	1	1690	4501
days_to_last_followup	3871	1	1690	4501
days_to_last_followup	2464	1	1690	4501
days_to_last_followup	4424	1	1690	4501
days_to_last_followup	2534	1	1690	4501
days_to_last_followup	1296	1	1690	4501
days_to_last_followup	1666	1	1690	4501
days_to_last_followup	2614	1	1690	4501
days_to_last_followup	2438	1	1690	4501
days_to_last_known_alive	575	1	19	19
days_to_last_known_alive	9	1	19	19
days_to_last_known_alive	141	1	19	19
days_to_last_known_alive	1178	1	19	19
days_to_last_known_alive	197	1	19	19
days_to_last_known_alive	96	1	19	19
days_to_last_known_alive	97	1	19	19
days_to_last_known_alive	3625	1	19	19
days_to_last_known_alive	2600	1	19	19
days_to_last_known_alive	2821	1	19	19
days_to_last_known_alive	3786	1	19	19
days_to_last_known_alive	383	1	19	19
days_to_last_known_alive	1348	1	19	19
days_to_last_known_alive	3920	1	19	19
days_to_last_known_alive	570	1	19	19
days_to_last_known_alive	228	1	19	19
days_to_last_known_alive	0	1	19	19
days_to_last_known_alive	2576	1	19	19
days_to_last_known_alive	735	1	19	19
new_tumor_event_after_initial_treatment	NO	2153	2	2681
new_tumor_event_after_initial_treatment	YES	528	2	2681
new_neoplasm_event_type	Recurrence	197	8	629
new_neoplasm_event_type	Distant Metastasis	180	8	629
new_neoplasm_event_type	Locoregional Recurrence	91	8	629
new_neoplasm_event_type	Locoregional Disease	61	8	629
new_neoplasm_event_type	Metastatic	45	8	629
new_neoplasm_event_type	New Primary Tumor	33	8	629
new_neoplasm_event_type	Progression of Disease	19	8	629
new_neoplasm_event_type	Both Locoregional and Distant Metastasis	3	8	629
primary_therapy_outcome_success	Complete Remission/Response	940	4	1225
primary_therapy_outcome_success	Progressive Disease	143	4	1225
primary_therapy_outcome_success	Stable Disease	85	4	1225
primary_therapy_outcome_success	Partial Remission/Response	57	4	1225
followup_treatment_success	Complete Remission/Response	473	4	750
followup_treatment_success	Progressive Disease	197	4	750
followup_treatment_success	Stable Disease	60	4	750
followup_treatment_success	Partial Remission/Response	20	4	750
progression_determined_by	Imaging Study	208	8	423
progression_determined_by	Convincing Imaging	103	8	423
progression_determined_by	Biopsy with Histologic Confirmation	53	8	423
progression_determined_by	First Seen At Further Surgery	17	8	423
progression_determined_by	Molecular Markers	17	8	423
progression_determined_by	Physical Examination	16	8	423
progression_determined_by	Other Method	8	8	423
progression_determined_by	Positive Biomarker(s)	1	8	423
