dataset_id	accession	cell_id	n_genes_detected	zero_fraction	individual	organism_part	sampling_site	disease	histology
SC001	E-MTAB-6653	ERR2744032-AAAGCAATCCGGCA	269	0.9887818507861045	6	lung	tumour middle (in between core and edge sample)	lung carcinoma	
SC001	E-MTAB-6653	ERR2744032-CGTCAGGGTGTTCG	296	0.9876558655490221	6	lung	tumour middle (in between core and edge sample)	lung carcinoma	
SC001	E-MTAB-6653	ERR2744033-AATGAAAGTAGTGA	137	0.9942866675007298	6	lung	tumour core	lung carcinoma	
SC001	E-MTAB-6653	ERR2744033-CACAAACAGTAGGT	240	0.9899912423370449	6	lung	tumour core	lung carcinoma	
SC001	E-MTAB-6653	ERR2744033-CGACCTTCATGGTC	229	0.9904499770632637	6	lung	tumour core	lung carcinoma	
SC001	E-MTAB-6653	ERR2744033-GATCGTACATGCAT	287	0.9880311939613828	6	lung	tumour core	lung carcinoma	
SC001	E-MTAB-6653	ERR2744033-GTGAAGGCAGTGAC	260	0.9891571791984654	6	lung	tumour core	lung carcinoma	
SC001	E-MTAB-6653	ERR2744033-TACTTGTCATTTGC	264	0.9889903665707495	6	lung	tumour core	lung carcinoma	
SC001	E-MTAB-6653	ERR2744033-TTATGCTCACATCT	246	0.989741023395471	6	lung	tumour core	lung carcinoma	
SC001	E-MTAB-6653	ERR2744033-TTGACTTCAGTTAA	251	0.9895325076108261	6	lung	tumour core	lung carcinoma	
SC001	E-MTAB-6653	ERR2744034-ACACCCTAGGTAGC	268	0.9888235539430335	7	lung	tumour core	lung carcinoma	
SC001	E-MTAB-6653	ERR2744034-CTCACACGTCGCGA	289	0.9879477876475249	7	lung	tumour core	lung carcinoma	
SC001	E-MTAB-6653	ERR2744034-GACAGAGTCCAAAC	273	0.9886150381583886	7	lung	tumour core	lung carcinoma	
SC001	E-MTAB-6653	ERR2744035-AAACGGGAGTACGC	298	0.9875724592351641	7	lung	tumour middle (in between core and edge sample)	lung carcinoma	
SC001	E-MTAB-6653	ERR2744035-AAGTCCTGTAGGAG	192	0.9919929938696359	7	lung	tumour middle (in between core and edge sample)	lung carcinoma	
SC001	E-MTAB-6653	ERR2744035-AAGTGGTGTGGTAA	198	0.9917427749280621	7	lung	tumour middle (in between core and edge sample)	lung carcinoma	
SC001	E-MTAB-6653	ERR2744035-ACACCTATCAGATA	212	0.9911589307310563	7	lung	tumour middle (in between core and edge sample)	lung carcinoma	
SC001	E-MTAB-6653	ERR2744035-ACATCAGGTCTAAA	261	0.9891154760415364	7	lung	tumour middle (in between core and edge sample)	lung carcinoma	
SC001	E-MTAB-6653	ERR2744035-ACGGGACCAGGCGA	180	0.9924934317527837	7	lung	tumour middle (in between core and edge sample)	lung carcinoma	
SC001	E-MTAB-6653	ERR2744035-ACTTTCTTCTAACT	187	0.9922015096542808	7	lung	tumour middle (in between core and edge sample)	lung carcinoma	
SC001	E-MTAB-6653	ERR2744035-AGCGTATAGGTGTG	269	0.9887818507861045	7	lung	tumour middle (in between core and edge sample)	lung carcinoma	
SC001	E-MTAB-6653	ERR2744035-AGCTGGTTCACTTC	204	0.9914925559864882	7	lung	tumour middle (in between core and edge sample)	lung carcinoma	
SC001	E-MTAB-6653	ERR2744035-AGGACGCCAAGCGT	232	0.9903248675924767	7	lung	tumour middle (in between core and edge sample)	lung carcinoma	
SC001	E-MTAB-6653	ERR2744035-AGGCTAGGTGATAA	228	0.9904916802201926	7	lung	tumour middle (in between core and edge sample)	lung carcinoma	
SC001	E-MTAB-6653	ERR2744035-AGTTGGTCAGACAC	289	0.9879477876475249	7	lung	tumour middle (in between core and edge sample)	lung carcinoma	
SC001	E-MTAB-6653	ERR2744035-ATCACGATCGCAAA	209	0.9912840402018432	7	lung	tumour middle (in between core and edge sample)	lung carcinoma	
SC001	E-MTAB-6653	ERR2744035-ATGACTTGTGTAAT	144	0.993994745402227	7	lung	tumour middle (in between core and edge sample)	lung carcinoma	
SC001	E-MTAB-6653	ERR2744035-ATGAGGGAGACTAC	157	0.9934526043621502	7	lung	tumour middle (in between core and edge sample)	lung carcinoma	
SC001	E-MTAB-6653	ERR2744035-ATTGGTGCAGATCT	287	0.9880311939613828	7	lung	tumour middle (in between core and edge sample)	lung carcinoma	
SC001	E-MTAB-6653	ERR2744035-CACATTTCAACGCA	225	0.9906167896909797	7	lung	tumour middle (in between core and edge sample)	lung carcinoma	
SC001	E-MTAB-6653	ERR2744035-CACCAGGAGTGTAC	295	0.987697568705951	7	lung	tumour middle (in between core and edge sample)	lung carcinoma	
SC001	E-MTAB-6653	ERR2744035-CCAGCGATCAATCA	293	0.987780975019809	7	lung	tumour middle (in between core and edge sample)	lung carcinoma	
SC001	E-MTAB-6653	ERR2744035-CCCAATCGTATCAC	279	0.9883648192168147	7	lung	tumour middle (in between core and edge sample)	lung carcinoma	
SC001	E-MTAB-6653	ERR2744035-CCCAGTTTCTGCAG	160	0.9933274948913633	7	lung	tumour middle (in between core and edge sample)	lung carcinoma	
SC001	E-MTAB-6653	ERR2744035-CCGTTCAAGCCCAG	261	0.9891154760415364	7	lung	tumour middle (in between core and edge sample)	lung carcinoma	
SC001	E-MTAB-6653	ERR2744035-CGTTGGGGTCCAGT	235	0.9901997581216898	7	lung	tumour middle (in between core and edge sample)	lung carcinoma	
SC001	E-MTAB-6653	ERR2744035-CTACATTTCCACGA	190	0.9920764001834939	7	lung	tumour middle (in between core and edge sample)	lung carcinoma	
SC001	E-MTAB-6653	ERR2744035-CTCACACAGTGGAC	294	0.98773927186288	7	lung	tumour middle (in between core and edge sample)	lung carcinoma	
SC001	E-MTAB-6653	ERR2744035-CTCGGGATCCTCTA	243	0.989866132866258	7	lung	tumour middle (in between core and edge sample)	lung carcinoma	
SC001	E-MTAB-6653	ERR2744035-CTGCCTAGTTACCG	256	0.9893239918261812	7	lung	tumour middle (in between core and edge sample)	lung carcinoma	
SC001	E-MTAB-6653	ERR2744035-GAAATGAAGTCGCC	254	0.9894073981400392	7	lung	tumour middle (in between core and edge sample)	lung carcinoma	
SC001	E-MTAB-6653	ERR2744035-GACTACATCACTTC	236	0.9901580549647608	7	lung	tumour middle (in between core and edge sample)	lung carcinoma	
SC001	E-MTAB-6653	ERR2744035-GAGGTGATCTGTCA	187	0.9922015096542808	7	lung	tumour middle (in between core and edge sample)	lung carcinoma	
SC001	E-MTAB-6653	ERR2744035-GATTCAGGTATAGG	248	0.989657617081613	7	lung	tumour middle (in between core and edge sample)	lung carcinoma	
SC001	E-MTAB-6653	ERR2744035-GCAGTTACATGTAG	271	0.9886984444722465	7	lung	tumour middle (in between core and edge sample)	lung carcinoma	
SC001	E-MTAB-6653	ERR2744035-GCGCAGTAGAGTCG	198	0.9917427749280621	7	lung	tumour middle (in between core and edge sample)	lung carcinoma	
SC001	E-MTAB-6653	ERR2744035-GGGATGATCCTCCT	273	0.9886150381583886	7	lung	tumour middle (in between core and edge sample)	lung carcinoma	
SC001	E-MTAB-6653	ERR2744035-GTAACTGAGGATCG	248	0.989657617081613	7	lung	tumour middle (in between core and edge sample)	lung carcinoma	
SC001	E-MTAB-6653	ERR2744035-GTCAAGTGTCCCTA	233	0.9902831644355478	7	lung	tumour middle (in between core and edge sample)	lung carcinoma	
SC001	E-MTAB-6653	ERR2744035-TCAGCAATCAGGCG	293	0.987780975019809	7	lung	tumour middle (in between core and edge sample)	lung carcinoma	
SC001	E-MTAB-6653	ERR2744035-TCGTACCAGGCTAT	271	0.9886984444722465	7	lung	tumour middle (in between core and edge sample)	lung carcinoma	
SC001	E-MTAB-6653	ERR2744035-TGGCTGGCAGACGT	296	0.9876558655490221	7	lung	tumour middle (in between core and edge sample)	lung carcinoma	
SC001	E-MTAB-6653	ERR2744035-TGGGAAGCAGTGAC	240	0.9899912423370449	7	lung	tumour middle (in between core and edge sample)	lung carcinoma	
SC001	E-MTAB-6653	ERR2744035-TTCGGTCCAGTATG	169	0.9929521664790024	7	lung	tumour middle (in between core and edge sample)	lung carcinoma	
SC001	E-MTAB-6653	ERR2744035-TTGCCGTTCAGTTC	224	0.9906584928479086	7	lung	tumour middle (in between core and edge sample)	lung carcinoma	
SC001	E-MTAB-6653	ERR2744036-AAACGGGGTACGAC	190	0.9920764001834939	7	lung	tumour edge	lung carcinoma	
SC001	E-MTAB-6653	ERR2744036-AAATGCCGTCAACA	234	0.9902414612786188	7	lung	tumour edge	lung carcinoma	
SC001	E-MTAB-6653	ERR2744036-AACACGTCACAGAT	119	0.9950373243254514	7	lung	tumour edge	lung carcinoma	
SC001	E-MTAB-6653	ERR2744036-AACCATGGTTCCAT	171	0.9928687601651445	7	lung	tumour edge	lung carcinoma	
SC001	E-MTAB-6653	ERR2744036-AACCATGTCCGTAG	226	0.9905750865340506	7	lung	tumour edge	lung carcinoma	
SC001	E-MTAB-6653	ERR2744036-ACATCAGCAAAGGC	155	0.9935360106760082	7	lung	tumour edge	lung carcinoma	
SC001	E-MTAB-6653	ERR2744036-ACATGGTAGTGGGA	94	0.9960799032486759	7	lung	tumour edge	lung carcinoma	
SC001	E-MTAB-6653	ERR2744036-ACATGGTGTTAAGA	221	0.9907836023186956	7	lung	tumour edge	lung carcinoma	
SC001	E-MTAB-6653	ERR2744036-ACGAGCCCAGGACG	283	0.9881980065890988	7	lung	tumour edge	lung carcinoma	
SC001	E-MTAB-6653	ERR2744036-ACGCCAGCACCGAA	295	0.987697568705951	7	lung	tumour edge	lung carcinoma	
SC001	E-MTAB-6653	ERR2744036-ACGCGTTTCTTCCT	93	0.9961216064056049	7	lung	tumour edge	lung carcinoma	
SC001	E-MTAB-6653	ERR2744036-ACGGAGACAATGGA	290	0.9879060844905959	7	lung	tumour edge	lung carcinoma	
SC001	E-MTAB-6653	ERR2744036-ACTTTCAGTGACTA	227	0.9905333833771216	7	lung	tumour edge	lung carcinoma	
SC001	E-MTAB-6653	ERR2744036-AGAGCTTGTACGAA	150	0.993744526460653	7	lung	tumour edge	lung carcinoma	
SC001	E-MTAB-6653	ERR2744036-AGCAGCCAGTGTTA	285	0.9881146002752408	7	lung	tumour edge	lung carcinoma	
SC001	E-MTAB-6653	ERR2744036-AGCATACTCACCTC	120	0.9949956211685225	7	lung	tumour edge	lung carcinoma	
SC001	E-MTAB-6653	ERR2744036-AGCTCCTTCGGCGC	255	0.9893656949831102	7	lung	tumour edge	lung carcinoma	
SC001	E-MTAB-6653	ERR2744036-AGGGATGCACCACC	159	0.9933691980482923	7	lung	tumour edge	lung carcinoma	
SC001	E-MTAB-6653	ERR2744036-AGTAGTCGTACCCA	116	0.9951624337962384	7	lung	tumour edge	lung carcinoma	
SC001	E-MTAB-6653	ERR2744036-AGTGTCAAGTGCAA	287	0.9880311939613828	7	lung	tumour edge	lung carcinoma	
SC001	E-MTAB-6653	ERR2744036-AGTGTCATCTCAAC	279	0.9883648192168147	7	lung	tumour edge	lung carcinoma	
SC001	E-MTAB-6653	ERR2744036-ATCATGGCAAGTCT	285	0.9881146002752408	7	lung	tumour edge	lung carcinoma	
SC001	E-MTAB-6653	ERR2744036-ATCGAGTGTAGCAA	261	0.9891154760415364	7	lung	tumour edge	lung carcinoma	
SC001	E-MTAB-6653	ERR2744036-ATGAGGGAGCTAGT	201	0.9916176654572751	7	lung	tumour edge	lung carcinoma	
SC001	E-MTAB-6653	ERR2744036-CACACCTCAGAGCC	213	0.9911172275741273	7	lung	tumour edge	lung carcinoma	
SC001	E-MTAB-6653	ERR2744036-CACACCTGTGTAAT	242	0.989907836023187	7	lung	tumour edge	lung carcinoma	
SC001	E-MTAB-6653	ERR2744036-CACCACTTCGCCAT	281	0.9882814129029568	7	lung	tumour edge	lung carcinoma	
SC001	E-MTAB-6653	ERR2744036-CACCTTGGTGGTCT	143	0.994036448559156	7	lung	tumour edge	lung carcinoma	
SC001	E-MTAB-6653	ERR2744036-CAGAGAGTCAAACA	150	0.993744526460653	7	lung	tumour edge	lung carcinoma	
SC001	E-MTAB-6653	ERR2744036-CAGTCCTAGTGTAC	224	0.9906584928479086	7	lung	tumour edge	lung carcinoma	
SC001	E-MTAB-6653	ERR2744036-CATATTCCATTTGC	152	0.9936611201467951	7	lung	tumour edge	lung carcinoma	
SC001	E-MTAB-6653	ERR2744036-CCAATCCCAGCTGC	295	0.987697568705951	7	lung	tumour edge	lung carcinoma	
SC001	E-MTAB-6653	ERR2744036-CCACCTAGTTTGTT	174	0.9927436506943575	7	lung	tumour edge	lung carcinoma	
SC001	E-MTAB-6653	ERR2744036-CCGGTAGGTAAAGG	163	0.9932023854205764	7	lung	tumour edge	lung carcinoma	
SC001	E-MTAB-6653	ERR2744036-CCTAGCTAGCTGTT	143	0.994036448559156	7	lung	tumour edge	lung carcinoma	
SC001	E-MTAB-6653	ERR2744036-CCTATTAGTTCAGG	133	0.9944534801284457	7	lung	tumour edge	lung carcinoma	
SC001	E-MTAB-6653	ERR2744036-CCTTACGGTAGCGT	129	0.9946202927561616	7	lung	tumour edge	lung carcinoma	
SC001	E-MTAB-6653	ERR2744036-CGAGCACGTTAGTG	239	0.9900329454939739	7	lung	tumour edge	lung carcinoma	
SC001	E-MTAB-6653	ERR2744036-CGCGGTACATGATC	216	0.9909921181033404	7	lung	tumour edge	lung carcinoma	
SC001	E-MTAB-6653	ERR2744036-CGCTATCAGTGTGG	102	0.9957462779932441	7	lung	tumour edge	lung carcinoma	
SC001	E-MTAB-6653	ERR2744036-CGGGTCATCGATGA	123	0.9948705116977355	7	lung	tumour edge	lung carcinoma	
SC001	E-MTAB-6653	ERR2744036-CGGGTCATCGGGAG	279	0.9883648192168147	7	lung	tumour edge	lung carcinoma	
SC001	E-MTAB-6653	ERR2744036-CGTCCATCAATCAC	260	0.9891571791984654	7	lung	tumour edge	lung carcinoma	
SC001	E-MTAB-6653	ERR2744036-CTACACCAGGACAG	243	0.989866132866258	7	lung	tumour edge	lung carcinoma	
SC001	E-MTAB-6653	ERR2744036-CTAGTGAGTCTAGT	268	0.9888235539430335	7	lung	tumour edge	lung carcinoma	
SC001	E-MTAB-6653	ERR2744036-CTCGGAGTCCATGC	150	0.993744526460653	7	lung	tumour edge	lung carcinoma	
SC001	E-MTAB-6653	ERR2744036-CTCGGGACAGTGGA	183	0.9923683222819968	7	lung	tumour edge	lung carcinoma	
SC001	E-MTAB-6653	ERR2744036-CTGATAGCATTTGC	122	0.9949122148546645	7	lung	tumour edge	lung carcinoma	
SC001	E-MTAB-6653	ERR2744036-CTGCTGTTCCGGGT	126	0.9947454022269486	7	lung	tumour edge	lung carcinoma	
SC001	E-MTAB-6653	ERR2744036-CTTACCGTCAGTGT	194	0.991909587555778	7	lung	tumour edge	lung carcinoma	
SC001	E-MTAB-6653	ERR2744036-CTTCTCTCAAGTAA	297	0.9876141623920931	7	lung	tumour edge	lung carcinoma	
SC001	E-MTAB-6653	ERR2744036-GATCGTAGTATTAG	294	0.98773927186288	7	lung	tumour edge	lung carcinoma	
SC001	E-MTAB-6653	ERR2744036-GATCGTATCAAACC	89	0.9962884190333208	7	lung	tumour edge	lung carcinoma	
SC001	E-MTAB-6653	ERR2744036-GCCAAATGTGCATC	239	0.9900329454939739	7	lung	tumour edge	lung carcinoma	
SC001	E-MTAB-6653	ERR2744036-GCGCCAACAGGAAC	225	0.9906167896909797	7	lung	tumour edge	lung carcinoma	
SC001	E-MTAB-6653	ERR2744036-GGGACCTGTTCCAT	147	0.9938696359314401	7	lung	tumour edge	lung carcinoma	
SC001	E-MTAB-6653	ERR2744036-GGGTCTGAGTGAAC	217	0.9909504149464115	7	lung	tumour edge	lung carcinoma	
SC001	E-MTAB-6653	ERR2744036-GGGTTGCAGTTCGA	261	0.9891154760415364	7	lung	tumour edge	lung carcinoma	
SC001	E-MTAB-6653	ERR2744036-GTAGTCAGTTCCAC	238	0.9900746486509029	7	lung	tumour edge	lung carcinoma	
SC001	E-MTAB-6653	ERR2744036-GTCGGGTAGCTAGT	271	0.9886984444722465	7	lung	tumour edge	lung carcinoma	
SC001	E-MTAB-6653	ERR2744036-GTCGGGTTCAAAGA	237	0.9901163518078319	7	lung	tumour edge	lung carcinoma	
SC001	E-MTAB-6653	ERR2744036-GTGAAGGTCTGGAG	207	0.9913674465157012	7	lung	tumour edge	lung carcinoma	
SC001	E-MTAB-6653	ERR2744036-GTGCAGCCACCGTT	280	0.9883231160598858	7	lung	tumour edge	lung carcinoma	
SC001	E-MTAB-6653	ERR2744036-GTGCATAGTCCGAA	108	0.9954960590516702	7	lung	tumour edge	lung carcinoma	
SC001	E-MTAB-6653	ERR2744036-GTGGGTCTCATCTG	138	0.9942449643438008	7	lung	tumour edge	lung carcinoma	
SC001	E-MTAB-6653	ERR2744036-GTTAAGCAGGCTCA	268	0.9888235539430335	7	lung	tumour edge	lung carcinoma	
SC001	E-MTAB-6653	ERR2744036-GTTCGGGTCATTGC	235	0.9901997581216898	7	lung	tumour edge	lung carcinoma	
SC001	E-MTAB-6653	ERR2744036-TACTTACAGTTAAG	250	0.9895742107677551	7	lung	tumour edge	lung carcinoma	
SC001	E-MTAB-6653	ERR2744036-TATTACCAGTGGCA	154	0.9935777138329371	7	lung	tumour edge	lung carcinoma	
SC001	E-MTAB-6653	ERR2744036-TCAACGATCCCTAA	182	0.9924100254389258	7	lung	tumour edge	lung carcinoma	
SC001	E-MTAB-6653	ERR2744036-TCACAAGAGGGAAA	119	0.9950373243254514	7	lung	tumour edge	lung carcinoma	
SC001	E-MTAB-6653	ERR2744036-TCGGTAAGTAAACA	274	0.9885733350014596	7	lung	tumour edge	lung carcinoma	
SC001	E-MTAB-6653	ERR2744036-TCTTCGGTCACAGG	249	0.9896159139246841	7	lung	tumour edge	lung carcinoma	
SC001	E-MTAB-6653	ERR2744036-TGACTAGGTCTCCA	193	0.9919512907127069	7	lung	tumour edge	lung carcinoma	
SC001	E-MTAB-6653	ERR2744036-TGACTTTCACAGAC	144	0.993994745402227	7	lung	tumour edge	lung carcinoma	
SC001	E-MTAB-6653	ERR2744036-TGACTTTCACTACA	222	0.9907418991617666	7	lung	tumour edge	lung carcinoma	
SC001	E-MTAB-6653	ERR2744036-TGCCCTACACATGA	166	0.9930772759497895	7	lung	tumour edge	lung carcinoma	
SC001	E-MTAB-6653	ERR2744036-TGCTACCAGAGACT	189	0.9921181033404228	7	lung	tumour edge	lung carcinoma	
SC001	E-MTAB-6653	ERR2744036-TGCTGCTTCATGTC	191	0.9920346970265649	7	lung	tumour edge	lung carcinoma	
SC001	E-MTAB-6653	ERR2744036-TGTCCCACAGTGAG	117	0.9951207306393094	7	lung	tumour edge	lung carcinoma	
SC001	E-MTAB-6653	ERR2744036-TGTTCCGCAATGAC	278	0.9884065223737437	7	lung	tumour edge	lung carcinoma	
SC001	E-MTAB-6653	ERR2744036-TTGACTTAGCTAGC	196	0.99182618124192	7	lung	tumour edge	lung carcinoma	
SC001	E-MTAB-6653	ERR2744036-TTGCGTCCATACGC	208	0.9913257433587722	7	lung	tumour edge	lung carcinoma	
SC001	E-MTAB-6653	ERR2744036-TTGCGTCGTCATCG	251	0.9895325076108261	7	lung	tumour edge	lung carcinoma	
SC001	E-MTAB-6653	ERR2744036-TTTCCTCAGATCTG	159	0.9933691980482923	7	lung	tumour edge	lung carcinoma	
SC001	E-MTAB-6653	ERR2744036-TTTGTCAGTTGGTT	225	0.9906167896909797	7	lung	tumour edge	lung carcinoma	
SC001	E-MTAB-6653	ERR2744037-AACTTTCCAAGGTT	233	0.9902831644355478	7	lung	normal tissue adjacent to tumour	lung carcinoma	
SC001	E-MTAB-6653	ERR2744037-AGGGTGACATACAG	218	0.9909087117894825	7	lung	normal tissue adjacent to tumour	lung carcinoma	
SC001	E-MTAB-6653	ERR2744037-ATAAGAGGTGTAAT	178	0.9925768380666417	7	lung	normal tissue adjacent to tumour	lung carcinoma	
SC001	E-MTAB-6653	ERR2744037-ATTGGACTCAAAGA	281	0.9882814129029568	7	lung	normal tissue adjacent to tumour	lung carcinoma	
SC001	E-MTAB-6653	ERR2744037-CACAAACAGCCCAG	181	0.9924517285958547	7	lung	normal tissue adjacent to tumour	lung carcinoma	
SC001	E-MTAB-6653	ERR2744037-CAGCCGATCACCCG	179	0.9925351349097127	7	lung	normal tissue adjacent to tumour	lung carcinoma	
SC001	E-MTAB-6653	ERR2744037-CATCGGGGTAGCGT	150	0.993744526460653	7	lung	normal tissue adjacent to tumour	lung carcinoma	
SC001	E-MTAB-6653	ERR2744037-CCACGGAGTTAAGA	172	0.9928270570082155	7	lung	normal tissue adjacent to tumour	lung carcinoma	
SC001	E-MTAB-6653	ERR2744037-CCCAATCGTCAGGA	284	0.9881563034321699	7	lung	normal tissue adjacent to tumour	lung carcinoma	
SC001	E-MTAB-6653	ERR2744037-CCTTTCTAGTAACC	191	0.9920346970265649	7	lung	normal tissue adjacent to tumour	lung carcinoma	
SC001	E-MTAB-6653	ERR2744037-CGATTGATCAGAAA	241	0.989949539180116	7	lung	normal tissue adjacent to tumour	lung carcinoma	
SC001	E-MTAB-6653	ERR2744037-CGTTGGGGTAAAGG	279	0.9883648192168147	7	lung	normal tissue adjacent to tumour	lung carcinoma	
SC001	E-MTAB-6653	ERR2744037-CTACGTCTCGTTTA	259	0.9891988823553943	7	lung	normal tissue adjacent to tumour	lung carcinoma	
SC001	E-MTAB-6653	ERR2744037-CTAGCCTAGACCGG	256	0.9893239918261812	7	lung	normal tissue adjacent to tumour	lung carcinoma	
SC001	E-MTAB-6653	ERR2744037-CTAGCCTGTTTGTG	244	0.989824429709329	7	lung	normal tissue adjacent to tumour	lung carcinoma	
SC001	E-MTAB-6653	ERR2744037-CTGAAACGTCCAGT	147	0.9938696359314401	7	lung	normal tissue adjacent to tumour	lung carcinoma	
SC001	E-MTAB-6653	ERR2744037-CTGTTTAGTTGTCT	271	0.9886984444722465	7	lung	normal tissue adjacent to tumour	lung carcinoma	
SC001	E-MTAB-6653	ERR2744037-CTTAGGAAGCGTAA	256	0.9893239918261812	7	lung	normal tissue adjacent to tumour	lung carcinoma	
SC001	E-MTAB-6653	ERR2744037-GAGGTGACAGATGG	257	0.9892822886692523	7	lung	normal tissue adjacent to tumour	lung carcinoma	
SC001	E-MTAB-6653	ERR2744037-GAGGTGAGTCTCTT	218	0.9909087117894825	7	lung	normal tissue adjacent to tumour	lung carcinoma	
SC001	E-MTAB-6653	ERR2744037-GCAGTTACACGGCT	251	0.9895325076108261	7	lung	normal tissue adjacent to tumour	lung carcinoma	
SC001	E-MTAB-6653	ERR2744037-GGGCACTTCGGCTT	219	0.9908670086325535	7	lung	normal tissue adjacent to tumour	lung carcinoma	
SC001	E-MTAB-6653	ERR2744037-GGTGAAGCAGGTGG	206	0.9914091496726303	7	lung	normal tissue adjacent to tumour	lung carcinoma	
SC001	E-MTAB-6653	ERR2744037-GGTGTTAAGTGGCA	193	0.9919512907127069	7	lung	normal tissue adjacent to tumour	lung carcinoma	
SC001	E-MTAB-6653	ERR2744037-GTCACAAAGTCCGT	215	0.9910338212602694	7	lung	normal tissue adjacent to tumour	lung carcinoma	
SC001	E-MTAB-6653	ERR2744037-TAGGCATCAGCTGG	285	0.9881146002752408	7	lung	normal tissue adjacent to tumour	lung carcinoma	
SC001	E-MTAB-6653	ERR2744037-TCACAAGGTCCGTC	218	0.9909087117894825	7	lung	normal tissue adjacent to tumour	lung carcinoma	
SC001	E-MTAB-6653	ERR2744037-TCATTACAGGCTAG	227	0.9905333833771216	7	lung	normal tissue adjacent to tumour	lung carcinoma	
SC001	E-MTAB-6653	ERR2744037-TCCACACGTAAGTT	240	0.9899912423370449	7	lung	normal tissue adjacent to tumour	lung carcinoma	
SC001	E-MTAB-6653	ERR2744037-TGGCTGGTCTACTA	299	0.9875307560782352	7	lung	normal tissue adjacent to tumour	lung carcinoma	
SC001	E-MTAB-6653	ERR2744037-TTGGCAAGTAGCGA	242	0.989907836023187	7	lung	normal tissue adjacent to tumour	lung carcinoma	
SC001	E-MTAB-6653	ERR2744037-TTTCCTCCAAAGGA	187	0.9922015096542808	7	lung	normal tissue adjacent to tumour	lung carcinoma	
SC001	E-MTAB-6653	ERR2744038-CACACTCGTACTCA	247	0.989699320238542	8	lung	tumour core	lung carcinoma	
SC001	E-MTAB-6653	ERR2744039-TGAGAGGAGCTAGG	245	0.9897827265524	8	lung	tumour middle (in between core and edge sample)	lung carcinoma	
SC001	E-MTAB-6653	ERR2744039-TTCTTAGTCAATCA	294	0.98773927186288	8	lung	tumour middle (in between core and edge sample)	lung carcinoma	
SC001	E-MTAB-6653	ERR2744040-AAGACCTCATGGTT	112	0.9953292464239543	8	lung	tumour edge	lung carcinoma	
SC002	E-MTAB-8410	SAMEA6057390-AAGCCGCAGCTGCGAA	257	0.990192337047779	SC001 (KUL01)	caecum	normal tissue adjacent to neoplasm	colorectal cancer	
SC002	E-MTAB-8410	SAMEA6057390-ACCAGTAAGGGCTTCC	290	0.9889329873301786	SC001 (KUL01)	caecum	normal tissue adjacent to neoplasm	colorectal cancer	
SC002	E-MTAB-8410	SAMEA6057390-ACGTCAATCGCATGGC	248	0.99053579606167	SC001 (KUL01)	caecum	normal tissue adjacent to neoplasm	colorectal cancer	
SC002	E-MTAB-8410	SAMEA6057390-AGATCTGCAAACAACA	290	0.9889329873301786	SC001 (KUL01)	caecum	normal tissue adjacent to neoplasm	colorectal cancer	
SC002	E-MTAB-8410	SAMEA6057390-AGCGTATAGTATTGGA	274	0.9895435811326515	SC001 (KUL01)	caecum	normal tissue adjacent to neoplasm	colorectal cancer	
SC002	E-MTAB-8410	SAMEA6057390-AGCTTGATCTAACTGG	291	0.988894825217524	SC001 (KUL01)	caecum	normal tissue adjacent to neoplasm	colorectal cancer	
SC002	E-MTAB-8410	SAMEA6057390-AGTAGTCGTAAGGATT	274	0.9895435811326515	SC001 (KUL01)	caecum	normal tissue adjacent to neoplasm	colorectal cancer	
SC002	E-MTAB-8410	SAMEA6057390-ATCACGAGTAGGGTAC	294	0.9887803388795604	SC001 (KUL01)	caecum	normal tissue adjacent to neoplasm	colorectal cancer	
SC002	E-MTAB-8410	SAMEA6057390-CGGAGCTTCTCTGAGA	272	0.9896199053579606	SC001 (KUL01)	caecum	normal tissue adjacent to neoplasm	colorectal cancer	
SC002	E-MTAB-8410	SAMEA6057390-CGTTGGGAGCTGCGAA	299	0.9885895283162875	SC001 (KUL01)	caecum	normal tissue adjacent to neoplasm	colorectal cancer	
SC002	E-MTAB-8410	SAMEA6057390-CTCGGAGTCTCTAGGA	208	0.9920622805678523	SC001 (KUL01)	caecum	normal tissue adjacent to neoplasm	colorectal cancer	
SC002	E-MTAB-8410	SAMEA6057390-GACACGCCACATCCAA	287	0.9890474736681423	SC001 (KUL01)	caecum	normal tissue adjacent to neoplasm	colorectal cancer	
SC002	E-MTAB-8410	SAMEA6057390-GATCTAGTCTGCCCTA	248	0.99053579606167	SC001 (KUL01)	caecum	normal tissue adjacent to neoplasm	colorectal cancer	
SC002	E-MTAB-8410	SAMEA6057390-GGAGCAATCAGCAACT	261	0.9900396885971607	SC001 (KUL01)	caecum	normal tissue adjacent to neoplasm	colorectal cancer	
SC002	E-MTAB-8410	SAMEA6057390-TGACGGCTCGCTAGCG	252	0.9903831476110517	SC001 (KUL01)	caecum	normal tissue adjacent to neoplasm	colorectal cancer	
SC002	E-MTAB-8410	SAMEA6057390-TTAGGACGTACCCAAT	298	0.9886276904289422	SC001 (KUL01)	caecum	normal tissue adjacent to neoplasm	colorectal cancer	
SC002	E-MTAB-8410	SAMEA6057390-TTGAACGTCGGTGTCG	295	0.9887421767669058	SC001 (KUL01)	caecum	normal tissue adjacent to neoplasm	colorectal cancer	
SC002	E-MTAB-8410	SAMEA6057392-ATTATCCGTTCCACGG	283	0.9892001221187605	SC019 (KUL19)	rectosigmoid junction	tumour border	colorectal cancer	
SC002	E-MTAB-8410	SAMEA6057392-CGAGCACGTAAAGTCA	290	0.9889329873301786	SC019 (KUL19)	rectosigmoid junction	tumour border	colorectal cancer	
SC002	E-MTAB-8410	SAMEA6057392-CGTAGGCTCAGGTAAA	262	0.9900015264845062	SC019 (KUL19)	rectosigmoid junction	tumour border	colorectal cancer	
SC002	E-MTAB-8410	SAMEA6057392-GGATGTTAGAAACCGC	285	0.9891237978934514	SC019 (KUL19)	rectosigmoid junction	tumour border	colorectal cancer	
SC002	E-MTAB-8410	SAMEA6057392-GTCCTCAAGCGTAGTG	242	0.9907647687375973	SC019 (KUL19)	rectosigmoid junction	tumour border	colorectal cancer	
SC002	E-MTAB-8410	SAMEA6057392-TATGCCCAGCTCCTCT	271	0.9896580674706151	SC019 (KUL19)	rectosigmoid junction	tumour border	colorectal cancer	
SC002	E-MTAB-8410	SAMEA6057392-TCTCTAAAGCGATCCC	291	0.988894825217524	SC019 (KUL19)	rectosigmoid junction	tumour border	colorectal cancer	
SC002	E-MTAB-8410	SAMEA6057392-TGGTTCCCACTGAAGG	288	0.9890093115554877	SC019 (KUL19)	rectosigmoid junction	tumour border	colorectal cancer	
SC002	E-MTAB-8410	SAMEA6057393-ACGATACGTGGACGAT	256	0.9902304991604335	SC019 (KUL19)	rectosigmoid junction	normal tissue adjacent to neoplasm	colorectal cancer	
SC002	E-MTAB-8410	SAMEA6057393-AGTGTCATCAGGTAAA	278	0.9893909326820333	SC019 (KUL19)	rectosigmoid junction	normal tissue adjacent to neoplasm	colorectal cancer	
SC002	E-MTAB-8410	SAMEA6057393-ATTATCCCACGTCTCT	222	0.9915280109906884	SC019 (KUL19)	rectosigmoid junction	normal tissue adjacent to neoplasm	colorectal cancer	
SC002	E-MTAB-8410	SAMEA6057393-CACATTTGTGCAGACA	255	0.9902686612730881	SC019 (KUL19)	rectosigmoid junction	normal tissue adjacent to neoplasm	colorectal cancer	
SC002	E-MTAB-8410	SAMEA6057393-CCCAGTTCAAAGCGGT	258	0.9901541749351244	SC019 (KUL19)	rectosigmoid junction	normal tissue adjacent to neoplasm	colorectal cancer	
SC002	E-MTAB-8410	SAMEA6057393-CCCTCCTCAGCGTTCG	260	0.9900778507098152	SC019 (KUL19)	rectosigmoid junction	normal tissue adjacent to neoplasm	colorectal cancer	
SC002	E-MTAB-8410	SAMEA6057393-CTGAAGTGTATGAAAC	286	0.9890856357807968	SC019 (KUL19)	rectosigmoid junction	normal tissue adjacent to neoplasm	colorectal cancer	
SC002	E-MTAB-8410	SAMEA6057393-CTTAGGATCTAACTTC	233	0.9911082277514883	SC019 (KUL19)	rectosigmoid junction	normal tissue adjacent to neoplasm	colorectal cancer	
SC002	E-MTAB-8410	SAMEA6057393-CTTGGCTGTTTGCATG	288	0.9890093115554877	SC019 (KUL19)	rectosigmoid junction	normal tissue adjacent to neoplasm	colorectal cancer	
SC002	E-MTAB-8410	SAMEA6057393-GCAATCACAAAGGAAG	293	0.9888185009922149	SC019 (KUL19)	rectosigmoid junction	normal tissue adjacent to neoplasm	colorectal cancer	
SC002	E-MTAB-8410	SAMEA6057393-GCTGGGTTCCTCTAGC	261	0.9900396885971607	SC019 (KUL19)	rectosigmoid junction	normal tissue adjacent to neoplasm	colorectal cancer	
SC002	E-MTAB-8410	SAMEA6057393-GTAACTGAGTGGAGAA	281	0.9892764463440696	SC019 (KUL19)	rectosigmoid junction	normal tissue adjacent to neoplasm	colorectal cancer	
SC002	E-MTAB-8410	SAMEA6057393-TTTGTCAGTGTGAAAT	287	0.9890474736681423	SC019 (KUL19)	rectosigmoid junction	normal tissue adjacent to neoplasm	colorectal cancer	
SC002	E-MTAB-8410	SAMEA6057396-AACCGCGCATTGGGCC	273	0.989581743245306	SC021 (KUL21)	sigmoid colon	normal tissue adjacent to neoplasm	colorectal cancer	
SC002	E-MTAB-8410	SAMEA6057396-AACTCCCTCGGCTTGG	248	0.99053579606167	SC021 (KUL21)	sigmoid colon	normal tissue adjacent to neoplasm	colorectal cancer	
SC002	E-MTAB-8410	SAMEA6057396-AAGCCGCTCCACGACG	197	0.9924820638070524	SC021 (KUL21)	sigmoid colon	normal tissue adjacent to neoplasm	colorectal cancer	
SC002	E-MTAB-8410	SAMEA6057396-AAGTCTGAGGCCCTTG	161	0.9938558998626164	SC021 (KUL21)	sigmoid colon	normal tissue adjacent to neoplasm	colorectal cancer	
SC002	E-MTAB-8410	SAMEA6057396-ACATGGTTCCTTTCGG	217	0.9917188215539612	SC021 (KUL21)	sigmoid colon	normal tissue adjacent to neoplasm	colorectal cancer	
SC002	E-MTAB-8410	SAMEA6057396-ACTGCTCGTATAGGTA	193	0.9926347122576706	SC021 (KUL21)	sigmoid colon	normal tissue adjacent to neoplasm	colorectal cancer	
SC002	E-MTAB-8410	SAMEA6057396-AGTCTTTAGAGGGATA	212	0.991909632117234	SC021 (KUL21)	sigmoid colon	normal tissue adjacent to neoplasm	colorectal cancer	
SC002	E-MTAB-8410	SAMEA6057396-AGTGAGGAGCTAACTC	193	0.9926347122576706	SC021 (KUL21)	sigmoid colon	normal tissue adjacent to neoplasm	colorectal cancer	
SC002	E-MTAB-8410	SAMEA6057396-CAACCAATCGCCAGCA	242	0.9907647687375973	SC021 (KUL21)	sigmoid colon	normal tissue adjacent to neoplasm	colorectal cancer	
SC002	E-MTAB-8410	SAMEA6057396-CAACCTCCAAGGACTG	194	0.992596550145016	SC021 (KUL21)	sigmoid colon	normal tissue adjacent to neoplasm	colorectal cancer	
SC002	E-MTAB-8410	SAMEA6057396-CACACAAAGAAGCCCA	260	0.9900778507098152	SC021 (KUL21)	sigmoid colon	normal tissue adjacent to neoplasm	colorectal cancer	
SC002	E-MTAB-8410	SAMEA6057396-CACACCTGTGCTCTTC	166	0.9936650892993436	SC021 (KUL21)	sigmoid colon	normal tissue adjacent to neoplasm	colorectal cancer	
SC002	E-MTAB-8410	SAMEA6057396-CAGCTGGCACTACAGT	143	0.9945428178903984	SC021 (KUL21)	sigmoid colon	normal tissue adjacent to neoplasm	colorectal cancer	
SC002	E-MTAB-8410	SAMEA6057396-CAGTCCTAGCTCCCAG	172	0.9934361166234162	SC021 (KUL21)	sigmoid colon	normal tissue adjacent to neoplasm	colorectal cancer	
SC002	E-MTAB-8410	SAMEA6057396-CATATTCGTGGAAAGA	267	0.9898107159212334	SC021 (KUL21)	sigmoid colon	normal tissue adjacent to neoplasm	colorectal cancer	
SC002	E-MTAB-8410	SAMEA6057396-CATGACAGTTTGCATG	240	0.9908410929629065	SC021 (KUL21)	sigmoid colon	normal tissue adjacent to neoplasm	colorectal cancer	
SC002	E-MTAB-8410	SAMEA6057396-CCTATTAAGACAAGCC	199	0.9924057395817433	SC021 (KUL21)	sigmoid colon	normal tissue adjacent to neoplasm	colorectal cancer	
SC002	E-MTAB-8410	SAMEA6057396-CCTCTGACACGTGAGA	129	0.9950770874675622	SC021 (KUL21)	sigmoid colon	normal tissue adjacent to neoplasm	colorectal cancer	
SC002	E-MTAB-8410	SAMEA6057396-CGAATGTCATAGAAAC	257	0.990192337047779	SC021 (KUL21)	sigmoid colon	normal tissue adjacent to neoplasm	colorectal cancer	
SC002	E-MTAB-8410	SAMEA6057396-CGCGGTAGTTGTCTTT	239	0.990879255075561	SC021 (KUL21)	sigmoid colon	normal tissue adjacent to neoplasm	colorectal cancer	
SC002	E-MTAB-8410	SAMEA6057396-CGCGTTTAGGACGAAA	213	0.9918714700045794	SC021 (KUL21)	sigmoid colon	normal tissue adjacent to neoplasm	colorectal cancer	
SC002	E-MTAB-8410	SAMEA6057396-CGGACGTAGTTACGGG	149	0.9943138452144711	SC021 (KUL21)	sigmoid colon	normal tissue adjacent to neoplasm	colorectal cancer	
SC002	E-MTAB-8410	SAMEA6057396-CTAGAGTTCCGAAGAG	231	0.9911845519767974	SC021 (KUL21)	sigmoid colon	normal tissue adjacent to neoplasm	colorectal cancer	
SC002	E-MTAB-8410	SAMEA6057396-CTCACACCAGCTGGCT	210	0.9919859563425432	SC021 (KUL21)	sigmoid colon	normal tissue adjacent to neoplasm	colorectal cancer	
SC002	E-MTAB-8410	SAMEA6057396-CTGATAGGTAGCGTCC	275	0.989505419019997	SC021 (KUL21)	sigmoid colon	normal tissue adjacent to neoplasm	colorectal cancer	
SC002	E-MTAB-8410	SAMEA6057396-CTGATCCGTTCGGGCT	182	0.9930544954968707	SC021 (KUL21)	sigmoid colon	normal tissue adjacent to neoplasm	colorectal cancer	
SC002	E-MTAB-8410	SAMEA6057396-CTGCCTACAGGAACGT	183	0.9930163333842161	SC021 (KUL21)	sigmoid colon	normal tissue adjacent to neoplasm	colorectal cancer	
SC002	E-MTAB-8410	SAMEA6057396-CTTAGGAGTATCGCAT	223	0.9914898488780339	SC021 (KUL21)	sigmoid colon	normal tissue adjacent to neoplasm	colorectal cancer	
SC002	E-MTAB-8410	SAMEA6057396-GAGTCCGAGTCATGCT	167	0.9936269271866891	SC021 (KUL21)	sigmoid colon	normal tissue adjacent to neoplasm	colorectal cancer	
SC002	E-MTAB-8410	SAMEA6057396-GATCTAGCACAGACTT	201	0.9923294153564342	SC021 (KUL21)	sigmoid colon	normal tissue adjacent to neoplasm	colorectal cancer	
SC002	E-MTAB-8410	SAMEA6057396-GATGCTAGTACCCAAT	205	0.9921767669058159	SC021 (KUL21)	sigmoid colon	normal tissue adjacent to neoplasm	colorectal cancer	
SC002	E-MTAB-8410	SAMEA6057396-GCAATCACAAACAACA	165	0.9937032514119982	SC021 (KUL21)	sigmoid colon	normal tissue adjacent to neoplasm	colorectal cancer	
SC002	E-MTAB-8410	SAMEA6057396-GCAGCCAAGGGTGTGT	154	0.9941230346511983	SC021 (KUL21)	sigmoid colon	normal tissue adjacent to neoplasm	colorectal cancer	
SC002	E-MTAB-8410	SAMEA6057396-GCATGCGGTCAGAATA	195	0.9925583880323615	SC021 (KUL21)	sigmoid colon	normal tissue adjacent to neoplasm	colorectal cancer	
SC002	E-MTAB-8410	SAMEA6057396-GCCTCTAAGCACCGTC	248	0.99053579606167	SC021 (KUL21)	sigmoid colon	normal tissue adjacent to neoplasm	colorectal cancer	
SC002	E-MTAB-8410	SAMEA6057396-GCGCAACTCTCATTCA	209	0.9920241184551977	SC021 (KUL21)	sigmoid colon	normal tissue adjacent to neoplasm	colorectal cancer	
SC002	E-MTAB-8410	SAMEA6057396-GCGCCAACAAACCCAT	195	0.9925583880323615	SC021 (KUL21)	sigmoid colon	normal tissue adjacent to neoplasm	colorectal cancer	
SC002	E-MTAB-8410	SAMEA6057396-GCTGCTTAGTCGTACT	257	0.990192337047779	SC021 (KUL21)	sigmoid colon	normal tissue adjacent to neoplasm	colorectal cancer	
SC002	E-MTAB-8410	SAMEA6057396-GCTGCTTTCCGTAGTA	223	0.9914898488780339	SC021 (KUL21)	sigmoid colon	normal tissue adjacent to neoplasm	colorectal cancer	
SC002	E-MTAB-8410	SAMEA6057396-GGACAAGCAGCTGCTG	193	0.9926347122576706	SC021 (KUL21)	sigmoid colon	normal tissue adjacent to neoplasm	colorectal cancer	
SC002	E-MTAB-8410	SAMEA6057396-GGCTGGTGTACCAGTT	228	0.9912990383147611	SC021 (KUL21)	sigmoid colon	normal tissue adjacent to neoplasm	colorectal cancer	
SC002	E-MTAB-8410	SAMEA6057396-GGGAGATTCTCGATGA	220	0.9916043352159976	SC021 (KUL21)	sigmoid colon	normal tissue adjacent to neoplasm	colorectal cancer	
SC002	E-MTAB-8410	SAMEA6057396-GGTATTGCACACATGT	290	0.9889329873301786	SC021 (KUL21)	sigmoid colon	normal tissue adjacent to neoplasm	colorectal cancer	
SC002	E-MTAB-8410	SAMEA6057396-GGTATTGCATATACGC	201	0.9923294153564342	SC021 (KUL21)	sigmoid colon	normal tissue adjacent to neoplasm	colorectal cancer	
SC002	E-MTAB-8410	SAMEA6057396-GGTGCGTCAAAGAATC	147	0.9943901694397802	SC021 (KUL21)	sigmoid colon	normal tissue adjacent to neoplasm	colorectal cancer	
SC002	E-MTAB-8410	SAMEA6057396-GGTGTTATCGCGGATC	213	0.9918714700045794	SC021 (KUL21)	sigmoid colon	normal tissue adjacent to neoplasm	colorectal cancer	
SC002	E-MTAB-8410	SAMEA6057396-GTACTTTTCGAGCCCA	278	0.9893909326820333	SC021 (KUL21)	sigmoid colon	normal tissue adjacent to neoplasm	colorectal cancer	
SC002	E-MTAB-8410	SAMEA6057396-GTATCTTGTCTCTTTA	234	0.9910700656388338	SC021 (KUL21)	sigmoid colon	normal tissue adjacent to neoplasm	colorectal cancer	
SC002	E-MTAB-8410	SAMEA6057396-GTCGGGTCACAACGCC	198	0.9924439016943978	SC021 (KUL21)	sigmoid colon	normal tissue adjacent to neoplasm	colorectal cancer	
SC002	E-MTAB-8410	SAMEA6057396-TACGGGCCAGTTCATG	225	0.9914135246527248	SC021 (KUL21)	sigmoid colon	normal tissue adjacent to neoplasm	colorectal cancer	
SC002	E-MTAB-8410	SAMEA6057396-TAGACCACAGCCTTGG	177	0.9932453060601435	SC021 (KUL21)	sigmoid colon	normal tissue adjacent to neoplasm	colorectal cancer	
SC002	E-MTAB-8410	SAMEA6057396-TCAGCAAAGAGTACAT	214	0.9918333078919249	SC021 (KUL21)	sigmoid colon	normal tissue adjacent to neoplasm	colorectal cancer	
SC002	E-MTAB-8410	SAMEA6057396-TCTTCGGTCCTGTACC	282	0.989238284231415	SC021 (KUL21)	sigmoid colon	normal tissue adjacent to neoplasm	colorectal cancer	
SC002	E-MTAB-8410	SAMEA6057396-TGACTAGCAATGAATG	254	0.9903068233857426	SC021 (KUL21)	sigmoid colon	normal tissue adjacent to neoplasm	colorectal cancer	
SC002	E-MTAB-8410	SAMEA6057396-TGCTGCTAGGGATGGG	249	0.9904976339490155	SC021 (KUL21)	sigmoid colon	normal tissue adjacent to neoplasm	colorectal cancer	
SC002	E-MTAB-8410	SAMEA6057396-TGGACGCGTCACCTAA	204	0.9922149290184704	SC021 (KUL21)	sigmoid colon	normal tissue adjacent to neoplasm	colorectal cancer	
SC002	E-MTAB-8410	SAMEA6057396-TTCCCAGTCTTGCATT	201	0.9923294153564342	SC021 (KUL21)	sigmoid colon	normal tissue adjacent to neoplasm	colorectal cancer	
SC002	E-MTAB-8410	SAMEA6057396-TTTACTGCACATCTTT	230	0.991222714089452	SC021 (KUL21)	sigmoid colon	normal tissue adjacent to neoplasm	colorectal cancer	
SC002	E-MTAB-8410	SAMEA6057396-TTTCCTCAGGTAGCCA	197	0.9924820638070524	SC021 (KUL21)	sigmoid colon	normal tissue adjacent to neoplasm	colorectal cancer	
SC002	E-MTAB-8410	SAMEA6057396-TTTGTCAAGATCCGAG	180	0.9931308197221799	SC021 (KUL21)	sigmoid colon	normal tissue adjacent to neoplasm	colorectal cancer	
SC002	E-MTAB-8410	SAMEA6057397-AGATTGCAGTGTACTC	206	0.9921386047931613	SC024	colon	tumour core	colorectal cancer	
SC002	E-MTAB-8410	SAMEA6057397-AGGGAGTCAGCTCCGA	299	0.9885895283162875	SC024	colon	tumour core	colorectal cancer	
SC002	E-MTAB-8410	SAMEA6057397-ATCTACTCAAGGGTCA	268	0.9897725538085789	SC024	colon	tumour core	colorectal cancer	
SC002	E-MTAB-8410	SAMEA6057397-ATTACTCTCGCGCCAA	157	0.9940085483132346	SC024	colon	tumour core	colorectal cancer	
SC002	E-MTAB-8410	SAMEA6057397-CACACTCCCTGCGCAC	135	0.9948481147916348	SC024	colon	tumour core	colorectal cancer	
SC002	E-MTAB-8410	SAMEA6057397-CAGCAGCCAGCTGTGC	293	0.9888185009922149	SC024	colon	tumour core	colorectal cancer	
SC002	E-MTAB-8410	SAMEA6057397-CAGGTGCGTGCTGTAT	159	0.9939322240879255	SC024	colon	tumour core	colorectal cancer	
SC002	E-MTAB-8410	SAMEA6057397-CCACGGACATTGGCGC	212	0.991909632117234	SC024	colon	tumour core	colorectal cancer	
SC002	E-MTAB-8410	SAMEA6057397-CCATTCGGTCGCGCTC	257	0.990192337047779	SC024	colon	tumour core	colorectal cancer	
SC002	E-MTAB-8410	SAMEA6057397-CCGGTAGTCTCACATT	285	0.9891237978934514	SC024	colon	tumour core	colorectal cancer	
SC002	E-MTAB-8410	SAMEA6057397-CCTTACGTCAACACGT	269	0.9897343916959243	SC024	colon	tumour core	colorectal cancer	
SC002	E-MTAB-8410	SAMEA6057397-CGACTTCTCTACCAGA	219	0.9916424973286521	SC024	colon	tumour core	colorectal cancer	
SC002	E-MTAB-8410	SAMEA6057397-CGAGAAGGTACCAGTT	275	0.989505419019997	SC024	colon	tumour core	colorectal cancer	
SC002	E-MTAB-8410	SAMEA6057397-CGATGGCAGACGCTTT	297	0.9886658525415967	SC024	colon	tumour core	colorectal cancer	
SC002	E-MTAB-8410	SAMEA6057397-CGTCACTCAGTATAAG	263	0.9899633643718516	SC024	colon	tumour core	colorectal cancer	
SC002	E-MTAB-8410	SAMEA6057397-CGTGTAAGTCTCCACT	200	0.9923675774690887	SC024	colon	tumour core	colorectal cancer	
SC002	E-MTAB-8410	SAMEA6057397-CTACGTCAGCTCCCAG	287	0.9890474736681423	SC024	colon	tumour core	colorectal cancer	
SC002	E-MTAB-8410	SAMEA6057397-CTCGTACAGCCAGTAG	242	0.9907647687375973	SC024	colon	tumour core	colorectal cancer	
SC002	E-MTAB-8410	SAMEA6057397-CTCGTACTCGTATCAG	278	0.9893909326820333	SC024	colon	tumour core	colorectal cancer	
SC002	E-MTAB-8410	SAMEA6057397-CTCGTCATCGTGGTCG	224	0.9914516867653793	SC024	colon	tumour core	colorectal cancer	
SC002	E-MTAB-8410	SAMEA6057397-GAATGAAAGGAGCGTT	214	0.9918333078919249	SC024	colon	tumour core	colorectal cancer	
SC002	E-MTAB-8410	SAMEA6057397-GACTGCGTCATGCTCC	198	0.9924439016943978	SC024	colon	tumour core	colorectal cancer	
SC002	E-MTAB-8410	SAMEA6057397-GATCGATTCGTGACAT	211	0.9919477942298885	SC024	colon	tumour core	colorectal cancer	
SC002	E-MTAB-8410	SAMEA6057397-GATCGTATCGTGGGAA	197	0.9924820638070524	SC024	colon	tumour core	colorectal cancer	
SC002	E-MTAB-8410	SAMEA6057397-GCGCCAACATCTGGTA	247	0.9905739581743245	SC024	colon	tumour core	colorectal cancer	
SC002	E-MTAB-8410	SAMEA6057397-GCTCCTAAGCTGCGAA	242	0.9907647687375973	SC024	colon	tumour core	colorectal cancer	
SC002	E-MTAB-8410	SAMEA6057397-GGCGACTAGGCCCTCA	207	0.9921004426805068	SC024	colon	tumour core	colorectal cancer	
SC002	E-MTAB-8410	SAMEA6057397-GGGTTGCAGTTAAGTG	226	0.9913753625400702	SC024	colon	tumour core	colorectal cancer	
SC002	E-MTAB-8410	SAMEA6057397-GTCTCCTTCTTGCATT	192	0.9926728743703251	SC024	colon	tumour core	colorectal cancer	
SC002	E-MTAB-8410	SAMEA6057397-GTCTCGTAGCCACGTC	159	0.9939322240879255	SC024	colon	tumour core	colorectal cancer	
SC002	E-MTAB-8410	SAMEA6057397-TACTTACGTCCAGTAT	202	0.9922912532437795	SC024	colon	tumour core	colorectal cancer	
SC002	E-MTAB-8410	SAMEA6057397-TAGACCAGTTAGGGTG	171	0.9934742787360709	SC024	colon	tumour core	colorectal cancer	
SC002	E-MTAB-8410	SAMEA6057397-TAGTTGGAGTCAATAG	193	0.9926347122576706	SC024	colon	tumour core	colorectal cancer	
SC002	E-MTAB-8410	SAMEA6057397-TCGAGCTCACTGTGTA	171	0.9934742787360709	SC024	colon	tumour core	colorectal cancer	
SC002	E-MTAB-8410	SAMEA6057397-TGACTAGAGGTGCACA	208	0.9920622805678523	SC024	colon	tumour core	colorectal cancer	
SC002	E-MTAB-8410	SAMEA6057397-TTGGAACTCGTCCGTT	245	0.9906502823996336	SC024	colon	tumour core	colorectal cancer	
SC002	E-MTAB-8410	SAMEA6057397-TTTGGTTAGGAGTCTG	212	0.991909632117234	SC024	colon	tumour core	colorectal cancer	
SC002	E-MTAB-8410	SAMEA6057397-TTTGTCACACAACTGT	236	0.9909937414135247	SC024	colon	tumour core	colorectal cancer	
SC002	E-MTAB-8410	SAMEA6057398-AACTCAGGTCCGCTGA	285	0.9891237978934514	SC024	colon	tumour border	colorectal cancer	
SC002	E-MTAB-8410	SAMEA6057398-ACTGAACCAGTTCATG	233	0.9911082277514883	SC024	colon	tumour border	colorectal cancer	
SC002	E-MTAB-8410	SAMEA6057398-ACTGTCCAGAGCTTCT	238	0.9909174171882156	SC024	colon	tumour border	colorectal cancer	
SC002	E-MTAB-8410	SAMEA6057398-AGCTTGATCGCATGGC	281	0.9892764463440696	SC024	colon	tumour border	colorectal cancer	
SC002	E-MTAB-8410	SAMEA6057398-ATAAGAGAGCGATAGC	259	0.9901160128224699	SC024	colon	tumour border	colorectal cancer	
SC002	E-MTAB-8410	SAMEA6057398-ATTATCCTCTGGAGCC	288	0.9890093115554877	SC024	colon	tumour border	colorectal cancer	
SC002	E-MTAB-8410	SAMEA6057398-CACACCTGTAGCCTCG	293	0.9888185009922149	SC024	colon	tumour border	colorectal cancer	
SC002	E-MTAB-8410	SAMEA6057398-CAGCTAATCAACGCTA	222	0.9915280109906884	SC024	colon	tumour border	colorectal cancer	
SC002	E-MTAB-8410	SAMEA6057398-CCTTCCCGTACTTCTT	273	0.989581743245306	SC024	colon	tumour border	colorectal cancer	
SC002	E-MTAB-8410	SAMEA6057398-CGAGCACAGCTGAAAT	243	0.9907266066249427	SC024	colon	tumour border	colorectal cancer	
SC002	E-MTAB-8410	SAMEA6057398-CGATGGCCACGTCAGC	250	0.9904594718363608	SC024	colon	tumour border	colorectal cancer	
SC002	E-MTAB-8410	SAMEA6057398-CTGCGGACAGATGAGC	270	0.9896962295832697	SC024	colon	tumour border	colorectal cancer	
SC002	E-MTAB-8410	SAMEA6057398-GCCAAATTCTGCGTAA	264	0.9899252022591971	SC024	colon	tumour border	colorectal cancer	
SC002	E-MTAB-8410	SAMEA6057398-GCGCCAAGTCCATCCT	278	0.9893909326820333	SC024	colon	tumour border	colorectal cancer	
SC002	E-MTAB-8410	SAMEA6057398-GCGCGATAGGGTTCCC	272	0.9896199053579606	SC024	colon	tumour border	colorectal cancer	
SC002	E-MTAB-8410	SAMEA6057398-GGGTTGCAGTGTCCCG	298	0.9886276904289422	SC024	colon	tumour border	colorectal cancer	
SC002	E-MTAB-8410	SAMEA6057398-GTACGTATCCTGTAGA	292	0.9888566631048695	SC024	colon	tumour border	colorectal cancer	
SC002	E-MTAB-8410	SAMEA6057398-GTGCAGCAGAAGATTC	241	0.9908029308502518	SC024	colon	tumour border	colorectal cancer	
SC002	E-MTAB-8410	SAMEA6057398-GTGCTTCAGAGAGCTC	194	0.992596550145016	SC024	colon	tumour border	colorectal cancer	
SC002	E-MTAB-8410	SAMEA6057398-GTGTGCGTCTGTTGAG	241	0.9908029308502518	SC024	colon	tumour border	colorectal cancer	
SC002	E-MTAB-8410	SAMEA6057398-TACCTTAGTACAAGTA	216	0.9917569836666158	SC024	colon	tumour border	colorectal cancer	
SC002	E-MTAB-8410	SAMEA6057398-TACTTGTGTATTACCG	231	0.9911845519767974	SC024	colon	tumour border	colorectal cancer	
SC002	E-MTAB-8410	SAMEA6057398-TCGCGTTGTTCGGCAC	274	0.9895435811326515	SC024	colon	tumour border	colorectal cancer	
SC002	E-MTAB-8410	SAMEA6057398-TGACAACAGCCTTGAT	233	0.9911082277514883	SC024	colon	tumour border	colorectal cancer	
SC002	E-MTAB-8410	SAMEA6057398-TGGCTGGCAGCCAGAA	272	0.9896199053579606	SC024	colon	tumour border	colorectal cancer	
SC002	E-MTAB-8410	SAMEA6057398-TTGGCAACATTACCTT	286	0.9890856357807968	SC024	colon	tumour border	colorectal cancer	
SC002	E-MTAB-8410	SAMEA6057400-ACACCAAAGCTAGTTC	226	0.9913753625400702	SC027	colon	tumour core	colorectal cancer	
SC002	E-MTAB-8410	SAMEA6057400-ACGTCAACATTTCACT	268	0.9897725538085789	SC027	colon	tumour core	colorectal cancer	
SC002	E-MTAB-8410	SAMEA6057400-ACTGAACAGTTCGCGC	296	0.9887040146542513	SC027	colon	tumour core	colorectal cancer	
SC002	E-MTAB-8410	SAMEA6057400-AGAGCGAAGAAACCTA	188	0.9928255228209434	SC027	colon	tumour core	colorectal cancer	
SC002	E-MTAB-8410	SAMEA6057400-AGCAGCCAGAGAACAG	249	0.9904976339490155	SC027	colon	tumour core	colorectal cancer	
SC002	E-MTAB-8410	SAMEA6057400-CAGAATCGTTATTCTC	283	0.9892001221187605	SC027	colon	tumour core	colorectal cancer	
SC002	E-MTAB-8410	SAMEA6057400-CCGTTCAGTCCGACGT	231	0.9911845519767974	SC027	colon	tumour core	colorectal cancer	
SC002	E-MTAB-8410	SAMEA6057400-CGGACGTGTCATCCCT	220	0.9916043352159976	SC027	colon	tumour core	colorectal cancer	
SC002	E-MTAB-8410	SAMEA6057400-CGGGTCAGTTCCAACA	257	0.990192337047779	SC027	colon	tumour core	colorectal cancer	
SC002	E-MTAB-8410	SAMEA6057400-GAATAAGAGGCATGTG	222	0.9915280109906884	SC027	colon	tumour core	colorectal cancer	
SC002	E-MTAB-8410	SAMEA6057400-GACCTGGTCGCGATCG	236	0.9909937414135247	SC027	colon	tumour core	colorectal cancer	
SC002	E-MTAB-8410	SAMEA6057400-GCAATCAGTGCTCTTC	293	0.9888185009922149	SC027	colon	tumour core	colorectal cancer	
SC002	E-MTAB-8410	SAMEA6057400-GTAACTGAGATATGGT	176	0.993283468172798	SC027	colon	tumour core	colorectal cancer	
SC002	E-MTAB-8410	SAMEA6057400-GTAACTGTCTAGCACA	269	0.9897343916959243	SC027	colon	tumour core	colorectal cancer	
SC002	E-MTAB-8410	SAMEA6057400-GTACTCCTCATATCGG	273	0.989581743245306	SC027	colon	tumour core	colorectal cancer	
SC002	E-MTAB-8410	SAMEA6057400-GTCGGGTCACGCGAAA	280	0.9893146084567241	SC027	colon	tumour core	colorectal cancer	
SC002	E-MTAB-8410	SAMEA6057400-GTGAAGGGTCGAATCT	211	0.9919477942298885	SC027	colon	tumour core	colorectal cancer	
SC002	E-MTAB-8410	SAMEA6057400-TAAACCGTCGCGTAGC	266	0.989848878033888	SC027	colon	tumour core	colorectal cancer	
SC002	E-MTAB-8410	SAMEA6057400-TAGTTGGCAGTATCTG	257	0.990192337047779	SC027	colon	tumour core	colorectal cancer	
SC002	E-MTAB-8410	SAMEA6057400-TCATTACGTCTCCATC	251	0.9904213097237063	SC027	colon	tumour core	colorectal cancer	
SC002	E-MTAB-8410	SAMEA6057400-TGACTAGCAGCTCCGA	273	0.989581743245306	SC027	colon	tumour core	colorectal cancer	
SC002	E-MTAB-8410	SAMEA6057400-TGACTTTAGGCGACAT	280	0.9893146084567241	SC027	colon	tumour core	colorectal cancer	
SC002	E-MTAB-8410	SAMEA6057400-TGAGAGGGTTGTCTTT	229	0.9912608762021066	SC027	colon	tumour core	colorectal cancer	
SC002	E-MTAB-8410	SAMEA6057400-TTGACTTAGAAGGACA	267	0.9898107159212334	SC027	colon	tumour core	colorectal cancer	
SC002	E-MTAB-8410	SAMEA6057401-ACCTTTAGTTGTCGCG	223	0.9914898488780339	SC027	colon	tumour border	colorectal cancer	
SC002	E-MTAB-8410	SAMEA6057401-ACGCCGAAGAGTAAGG	260	0.9900778507098152	SC027	colon	tumour border	colorectal cancer	
SC002	E-MTAB-8410	SAMEA6057401-AGCATACGTACAAGTA	267	0.9898107159212334	SC027	colon	tumour border	colorectal cancer	
SC002	E-MTAB-8410	SAMEA6057401-AGCGGTCCAATGGAGC	166	0.9936650892993436	SC027	colon	tumour border	colorectal cancer	
SC002	E-MTAB-8410	SAMEA6057401-AGGCCGTAGTACGCCC	184	0.9929781712715616	SC027	colon	tumour border	colorectal cancer	
SC002	E-MTAB-8410	SAMEA6057401-AGGGTGAGTAAATGAC	213	0.9918714700045794	SC027	colon	tumour border	colorectal cancer	
SC002	E-MTAB-8410	SAMEA6057401-AGTCTTTTCAACACGT	288	0.9890093115554877	SC027	colon	tumour border	colorectal cancer	
SC002	E-MTAB-8410	SAMEA6057401-AGTGTCATCTTGTACT	286	0.9890856357807968	SC027	colon	tumour border	colorectal cancer	
SC002	E-MTAB-8410	SAMEA6057401-CAAGGCCCATCCAACA	255	0.9902686612730881	SC027	colon	tumour border	colorectal cancer	
SC002	E-MTAB-8410	SAMEA6057401-CACCAGGTCTCGCTTG	276	0.9894672569073424	SC027	colon	tumour border	colorectal cancer	
SC002	E-MTAB-8410	SAMEA6057401-CCATTCGTCCAACCAA	188	0.9928255228209434	SC027	colon	tumour border	colorectal cancer	
SC002	E-MTAB-8410	SAMEA6057401-CCGTGGAGTAAGCACG	273	0.989581743245306	SC027	colon	tumour border	colorectal cancer	
SC002	E-MTAB-8410	SAMEA6057401-CGTGTAAAGTTTGCGT	220	0.9916043352159976	SC027	colon	tumour border	colorectal cancer	
SC002	E-MTAB-8410	SAMEA6057401-CTACCCACACGAGGTA	251	0.9904213097237063	SC027	colon	tumour border	colorectal cancer	
SC002	E-MTAB-8410	SAMEA6057401-CTGAAACAGAGCTGCA	257	0.990192337047779	SC027	colon	tumour border	colorectal cancer	
SC002	E-MTAB-8410	SAMEA6057401-CTGCCTATCCTTCAAT	206	0.9921386047931613	SC027	colon	tumour border	colorectal cancer	
SC002	E-MTAB-8410	SAMEA6057401-GAAATGAGTTCCACAA	247	0.9905739581743245	SC027	colon	tumour border	colorectal cancer	
SC002	E-MTAB-8410	SAMEA6057401-GACGTGCGTTAGTGGG	271	0.9896580674706151	SC027	colon	tumour border	colorectal cancer	
SC002	E-MTAB-8410	SAMEA6057401-GACTGCGGTCTGCGGT	207	0.9921004426805068	SC027	colon	tumour border	colorectal cancer	
SC002	E-MTAB-8410	SAMEA6057401-GCAGCCACAACGATGG	279	0.9893527705693788	SC027	colon	tumour border	colorectal cancer	
SC002	E-MTAB-8410	SAMEA6057401-GCAGTTAAGACAAGCC	254	0.9903068233857426	SC027	colon	tumour border	colorectal cancer	
SC002	E-MTAB-8410	SAMEA6057401-TAAACCGAGGACAGAA	255	0.9902686612730881	SC027	colon	tumour border	colorectal cancer	
SC002	E-MTAB-8410	SAMEA6057401-TAAGAGATCAGGCCCA	219	0.9916424973286521	SC027	colon	tumour border	colorectal cancer	
SC002	E-MTAB-8410	SAMEA6057403-AACTCCCAGTGATCGG	262	0.9900015264845062	SC028 (KUL28)	sigmoid colon	tumour core	colorectal cancer	
SC002	E-MTAB-8410	SAMEA6057403-ACGCAGCAGGACACCA	246	0.9906121202869791	SC028 (KUL28)	sigmoid colon	tumour core	colorectal cancer	
SC002	E-MTAB-8410	SAMEA6057403-ACGGAGAAGCAAATCA	290	0.9889329873301786	SC028 (KUL28)	sigmoid colon	tumour core	colorectal cancer	
SC002	E-MTAB-8410	SAMEA6057403-AGGGTGAGTTCGTTGA	290	0.9889329873301786	SC028 (KUL28)	sigmoid colon	tumour core	colorectal cancer	
SC002	E-MTAB-8410	SAMEA6057403-CAACTAGAGAGCTATA	215	0.9917951457792703	SC028 (KUL28)	sigmoid colon	tumour core	colorectal cancer	
SC002	E-MTAB-8410	SAMEA6057403-CAGAATCAGCAGACTG	268	0.9897725538085789	SC028 (KUL28)	sigmoid colon	tumour core	colorectal cancer	
SC002	E-MTAB-8410	SAMEA6057403-CAGATCATCAGCTTAG	286	0.9890856357807968	SC028 (KUL28)	sigmoid colon	tumour core	colorectal cancer	
SC002	E-MTAB-8410	SAMEA6057403-CATATGGAGCTACCTA	263	0.9899633643718516	SC028 (KUL28)	sigmoid colon	tumour core	colorectal cancer	
SC002	E-MTAB-8410	SAMEA6057403-CATCAAGGTTCATGGT	216	0.9917569836666158	SC028 (KUL28)	sigmoid colon	tumour core	colorectal cancer	
SC002	E-MTAB-8410	SAMEA6057403-CATGCCTAGCAGATCG	214	0.9918333078919249	SC028 (KUL28)	sigmoid colon	tumour core	colorectal cancer	
SC002	E-MTAB-8410	SAMEA6057403-CCAATCCTCGAATCCA	265	0.9898870401465425	SC028 (KUL28)	sigmoid colon	tumour core	colorectal cancer	
SC002	E-MTAB-8410	SAMEA6057403-CCACGGAAGCCGATTT	292	0.9888566631048695	SC028 (KUL28)	sigmoid colon	tumour core	colorectal cancer	
SC002	E-MTAB-8410	SAMEA6057403-CCATTCGAGGCGCTCT	270	0.9896962295832697	SC028 (KUL28)	sigmoid colon	tumour core	colorectal cancer	
SC002	E-MTAB-8410	SAMEA6057403-CCTACACGTGCAGGTA	292	0.9888566631048695	SC028 (KUL28)	sigmoid colon	tumour core	colorectal cancer	
SC002	E-MTAB-8410	SAMEA6057403-CTCTGGTAGTAAGTAC	198	0.9924439016943978	SC028 (KUL28)	sigmoid colon	tumour core	colorectal cancer	
SC002	E-MTAB-8410	SAMEA6057403-CTGTTTAGTTGCCTCT	291	0.988894825217524	SC028 (KUL28)	sigmoid colon	tumour core	colorectal cancer	
SC002	E-MTAB-8410	SAMEA6057403-GATCGTACACAGATTC	261	0.9900396885971607	SC028 (KUL28)	sigmoid colon	tumour core	colorectal cancer	
SC002	E-MTAB-8410	SAMEA6057403-GATTCAGTCCAAATGC	257	0.990192337047779	SC028 (KUL28)	sigmoid colon	tumour core	colorectal cancer	
SC002	E-MTAB-8410	SAMEA6057403-GCATGATCAAAGGAAG	175	0.9933216302854526	SC028 (KUL28)	sigmoid colon	tumour core	colorectal cancer	
SC002	E-MTAB-8410	SAMEA6057403-GTAGTCATCGGAGGTA	210	0.9919859563425432	SC028 (KUL28)	sigmoid colon	tumour core	colorectal cancer	
SC002	E-MTAB-8410	SAMEA6057403-GTTACAGGTCTCTTAT	238	0.9909174171882156	SC028 (KUL28)	sigmoid colon	tumour core	colorectal cancer	
SC002	E-MTAB-8410	SAMEA6057403-TGCTGCTCAGTATCTG	244	0.9906884445122882	SC028 (KUL28)	sigmoid colon	tumour core	colorectal cancer	
SC002	E-MTAB-8410	SAMEA6057403-TGGTTCCCATTTCAGG	250	0.9904594718363608	SC028 (KUL28)	sigmoid colon	tumour core	colorectal cancer	
SC002	E-MTAB-8410	SAMEA6057403-TGTGTTTAGCCAGAAC	203	0.992253091131125	SC028 (KUL28)	sigmoid colon	tumour core	colorectal cancer	
SC002	E-MTAB-8410	SAMEA6057405-AACTGGTCAGTATGCT	288	0.9890093115554877	SC028 (KUL28)	sigmoid colon	normal tissue adjacent to neoplasm	colorectal cancer	
SC002	E-MTAB-8410	SAMEA6057405-CGATTGACAAGAGGCT	290	0.9889329873301786	SC028 (KUL28)	sigmoid colon	normal tissue adjacent to neoplasm	colorectal cancer	
SC002	E-MTAB-8410	SAMEA6057406-CAAGATCAGTACGCCC	258	0.9901541749351244	SC029	colon	tumour core	colorectal cancer	
SC002	E-MTAB-8410	SAMEA6057407-AAGCCGCCAGGGATTG	181	0.9930926576095253	SC029	colon	tumour border	colorectal cancer	
SC002	E-MTAB-8410	SAMEA6057407-ACTGATGTCGCCTGAG	153	0.9941611967638528	SC029	colon	tumour border	colorectal cancer	
SC002	E-MTAB-8410	SAMEA6057407-ACTGCTCCATTTCAGG	198	0.9924439016943978	SC029	colon	tumour border	colorectal cancer	
SC002	E-MTAB-8410	SAMEA6057407-ACTGTCCTCGGTTAAC	276	0.9894672569073424	SC029	colon	tumour border	colorectal cancer	
SC002	E-MTAB-8410	SAMEA6057407-ACTTACTCAACGATCT	252	0.9903831476110517	SC029	colon	tumour border	colorectal cancer	
SC002	E-MTAB-8410	SAMEA6057407-AGACGTTTCTTAACCT	226	0.9913753625400702	SC029	colon	tumour border	colorectal cancer	
SC002	E-MTAB-8410	SAMEA6057407-AGCCTAAGTTGGAGGT	292	0.9888566631048695	SC029	colon	tumour border	colorectal cancer	
SC002	E-MTAB-8410	SAMEA6057407-AGGGTGAAGCTGTTCA	165	0.9937032514119982	SC029	colon	tumour border	colorectal cancer	
SC002	E-MTAB-8410	SAMEA6057407-ATGGGAGCATCATCCC	216	0.9917569836666158	SC029	colon	tumour border	colorectal cancer	
SC002	E-MTAB-8410	SAMEA6057407-CAGCGACCAATGTAAG	242	0.9907647687375973	SC029	colon	tumour border	colorectal cancer	
SC002	E-MTAB-8410	SAMEA6057407-CATTATCAGGAGTTTA	201	0.9923294153564342	SC029	colon	tumour border	colorectal cancer	
SC002	E-MTAB-8410	SAMEA6057407-CCACGGATCGAATGGG	215	0.9917951457792703	SC029	colon	tumour border	colorectal cancer	
SC002	E-MTAB-8410	SAMEA6057407-CCTACACGTTTGTGTG	213	0.9918714700045794	SC029	colon	tumour border	colorectal cancer	
SC002	E-MTAB-8410	SAMEA6057407-CGATGTATCTGTTGAG	195	0.9925583880323615	SC029	colon	tumour border	colorectal cancer	
SC002	E-MTAB-8410	SAMEA6057407-CGGAGCTTCTAACCGA	176	0.993283468172798	SC029	colon	tumour border	colorectal cancer	
SC002	E-MTAB-8410	SAMEA6057407-GACGTGCTCCTTCAAT	263	0.9899633643718516	SC029	colon	tumour border	colorectal cancer	
SC002	E-MTAB-8410	SAMEA6057407-GCCTCTAAGGAGTCTG	160	0.993894061975271	SC029	colon	tumour border	colorectal cancer	
SC002	E-MTAB-8410	SAMEA6057407-GCGCAACAGCTAACTC	202	0.9922912532437795	SC029	colon	tumour border	colorectal cancer	
SC002	E-MTAB-8410	SAMEA6057407-GCGCCAAAGTCCTCCT	220	0.9916043352159976	SC029	colon	tumour border	colorectal cancer	
SC002	E-MTAB-8410	SAMEA6057407-GGCGACTAGATCCCAT	192	0.9926728743703251	SC029	colon	tumour border	colorectal cancer	
SC002	E-MTAB-8410	SAMEA6057407-GGTGTTAGTCATGCAT	169	0.99355060296138	SC029	colon	tumour border	colorectal cancer	
SC002	E-MTAB-8410	SAMEA6057407-GTAGTCATCATCATTC	209	0.9920241184551977	SC029	colon	tumour border	colorectal cancer	
SC002	E-MTAB-8410	SAMEA6057407-TAAACCGGTGCTTCTC	175	0.9933216302854526	SC029	colon	tumour border	colorectal cancer	
SC002	E-MTAB-8410	SAMEA6057407-TACAGTGAGGAATTAC	180	0.9931308197221799	SC029	colon	tumour border	colorectal cancer	
SC002	E-MTAB-8410	SAMEA6057407-TACTTGTAGCGATTCT	287	0.9890474736681423	SC029	colon	tumour border	colorectal cancer	
SC002	E-MTAB-8410	SAMEA6057407-TCAGCAATCGAGAACG	192	0.9926728743703251	SC029	colon	tumour border	colorectal cancer	
SC002	E-MTAB-8410	SAMEA6057407-TGACGGCCAAGTCTGT	298	0.9886276904289422	SC029	colon	tumour border	colorectal cancer	
SC002	E-MTAB-8410	SAMEA6057407-TGAGCCGTCAGAGCTT	294	0.9887803388795604	SC029	colon	tumour border	colorectal cancer	
SC002	E-MTAB-8410	SAMEA6057407-TGCCCTAGTTTCGCTC	179	0.9931689818348344	SC029	colon	tumour border	colorectal cancer	
SC002	E-MTAB-8410	SAMEA6057407-TGCGTGGTCTTTACGT	219	0.9916424973286521	SC029	colon	tumour border	colorectal cancer	
SC002	E-MTAB-8410	SAMEA6057407-TTTGGTTCATAACCTG	205	0.9921767669058159	SC029	colon	tumour border	colorectal cancer	
SC002	E-MTAB-8410	SAMEA6057408-AACGTTGGTGCGCTTG	74	0.9971760036635628	SC029	colon	normal tissue adjacent to neoplasm	colorectal cancer	
SC002	E-MTAB-8410	SAMEA6057408-AACTCAGGTGCGCTTG	260	0.9900778507098152	SC029	colon	normal tissue adjacent to neoplasm	colorectal cancer	
SC002	E-MTAB-8410	SAMEA6057408-AAGACCTGTCGGCACT	230	0.991222714089452	SC029	colon	normal tissue adjacent to neoplasm	colorectal cancer	
SC002	E-MTAB-8410	SAMEA6057408-ACGGCCACATGGGAAC	298	0.9886276904289422	SC029	colon	normal tissue adjacent to neoplasm	colorectal cancer	
SC002	E-MTAB-8410	SAMEA6057408-ACGTCAAGTCAGATAA	279	0.9893527705693788	SC029	colon	normal tissue adjacent to neoplasm	colorectal cancer	
SC002	E-MTAB-8410	SAMEA6057408-ACTTGTTTCGAATGCT	91	0.9965272477484354	SC029	colon	normal tissue adjacent to neoplasm	colorectal cancer	
SC002	E-MTAB-8410	SAMEA6057408-AGAGCTTGTCTTCGTC	248	0.99053579606167	SC029	colon	normal tissue adjacent to neoplasm	colorectal cancer	
SC002	E-MTAB-8410	SAMEA6057408-AGCGGTCTCTGTCCGT	267	0.9898107159212334	SC029	colon	normal tissue adjacent to neoplasm	colorectal cancer	
SC002	E-MTAB-8410	SAMEA6057408-ATAACGCTCTAACGGT	189	0.9927873607082888	SC029	colon	normal tissue adjacent to neoplasm	colorectal cancer	
SC002	E-MTAB-8410	SAMEA6057408-ATCACGATCTTCCTTC	225	0.9914135246527248	SC029	colon	normal tissue adjacent to neoplasm	colorectal cancer	
SC002	E-MTAB-8410	SAMEA6057408-ATCTGCCCAGGTGGAT	256	0.9902304991604335	SC029	colon	normal tissue adjacent to neoplasm	colorectal cancer	
SC002	E-MTAB-8410	SAMEA6057408-ATTCTACCATGTTCCC	293	0.9888185009922149	SC029	colon	normal tissue adjacent to neoplasm	colorectal cancer	
SC002	E-MTAB-8410	SAMEA6057408-ATTGGTGTCAACACCA	275	0.989505419019997	SC029	colon	normal tissue adjacent to neoplasm	colorectal cancer	
SC002	E-MTAB-8410	SAMEA6057408-CACACCTTCATAAAGG	269	0.9897343916959243	SC029	colon	normal tissue adjacent to neoplasm	colorectal cancer	
SC002	E-MTAB-8410	SAMEA6057408-CACATAGAGCAATCTC	209	0.9920241184551977	SC029	colon	normal tissue adjacent to neoplasm	colorectal cancer	
SC002	E-MTAB-8410	SAMEA6057408-CCAATCCGTTCCAACA	103	0.9960693023965806	SC029	colon	normal tissue adjacent to neoplasm	colorectal cancer	
SC002	E-MTAB-8410	SAMEA6057408-CGAATGTTCTCATTCA	164	0.9937414135246527	SC029	colon	normal tissue adjacent to neoplasm	colorectal cancer	
SC002	E-MTAB-8410	SAMEA6057408-CGATGTAAGCGGATCA	212	0.991909632117234	SC029	colon	normal tissue adjacent to neoplasm	colorectal cancer	
SC002	E-MTAB-8410	SAMEA6057408-CGCCAAGAGCTTCGCG	276	0.9894672569073424	SC029	colon	normal tissue adjacent to neoplasm	colorectal cancer	
SC002	E-MTAB-8410	SAMEA6057408-CGGACACCAAACGCGA	158	0.9939703862005801	SC029	colon	normal tissue adjacent to neoplasm	colorectal cancer	
SC002	E-MTAB-8410	SAMEA6057408-CGGAGCTGTTCCTCCA	263	0.9899633643718516	SC029	colon	normal tissue adjacent to neoplasm	colorectal cancer	
SC002	E-MTAB-8410	SAMEA6057408-CGTCCATAGACAGGCT	155	0.9940848725385437	SC029	colon	normal tissue adjacent to neoplasm	colorectal cancer	
SC002	E-MTAB-8410	SAMEA6057408-CGTGTCTGTGACGCCT	284	0.9891619600061059	SC029	colon	normal tissue adjacent to neoplasm	colorectal cancer	
SC002	E-MTAB-8410	SAMEA6057408-CGTTAGAGTAAGGGAA	225	0.9914135246527248	SC029	colon	normal tissue adjacent to neoplasm	colorectal cancer	
SC002	E-MTAB-8410	SAMEA6057408-CTAACTTTCTCCAGGG	289	0.9889711494428332	SC029	colon	normal tissue adjacent to neoplasm	colorectal cancer	
SC002	E-MTAB-8410	SAMEA6057408-CTGCGGATCTCTTATG	241	0.9908029308502518	SC029	colon	normal tissue adjacent to neoplasm	colorectal cancer	
SC002	E-MTAB-8410	SAMEA6057408-CTGTTTACACCGATAT	219	0.9916424973286521	SC029	colon	normal tissue adjacent to neoplasm	colorectal cancer	
SC002	E-MTAB-8410	SAMEA6057408-CTTCTCTCATCGGACC	284	0.9891619600061059	SC029	colon	normal tissue adjacent to neoplasm	colorectal cancer	
SC002	E-MTAB-8410	SAMEA6057408-CTTTGCGGTCCGACGT	123	0.9953060601434895	SC029	colon	normal tissue adjacent to neoplasm	colorectal cancer	
SC002	E-MTAB-8410	SAMEA6057408-GAAACTCCAAGTCTAC	266	0.989848878033888	SC029	colon	normal tissue adjacent to neoplasm	colorectal cancer	
SC002	E-MTAB-8410	SAMEA6057408-GACGTTAAGTACACCT	233	0.9911082277514883	SC029	colon	normal tissue adjacent to neoplasm	colorectal cancer	
SC002	E-MTAB-8410	SAMEA6057408-GACGTTATCAGTTAGC	275	0.989505419019997	SC029	colon	normal tissue adjacent to neoplasm	colorectal cancer	
SC002	E-MTAB-8410	SAMEA6057408-GAGGTGATCAGAGACG	200	0.9923675774690887	SC029	colon	normal tissue adjacent to neoplasm	colorectal cancer	
SC002	E-MTAB-8410	SAMEA6057408-GCATACCTCGGCCGAT	220	0.9916043352159976	SC029	colon	normal tissue adjacent to neoplasm	colorectal cancer	
SC002	E-MTAB-8410	SAMEA6057408-GCATGATGTTTACTCT	128	0.9951152495802168	SC029	colon	normal tissue adjacent to neoplasm	colorectal cancer	
SC002	E-MTAB-8410	SAMEA6057408-GCGCAGTAGATCGGGT	177	0.9932453060601435	SC029	colon	normal tissue adjacent to neoplasm	colorectal cancer	
SC002	E-MTAB-8410	SAMEA6057408-GCTGCGAGTAAGTAGT	246	0.9906121202869791	SC029	colon	normal tissue adjacent to neoplasm	colorectal cancer	
SC002	E-MTAB-8410	SAMEA6057408-GCTGGGTAGTCCATAC	262	0.9900015264845062	SC029	colon	normal tissue adjacent to neoplasm	colorectal cancer	
SC002	E-MTAB-8410	SAMEA6057408-GGACGTCAGGGCTCTC	278	0.9893909326820333	SC029	colon	normal tissue adjacent to neoplasm	colorectal cancer	
SC002	E-MTAB-8410	SAMEA6057408-GGGTCTGAGTGACATA	284	0.9891619600061059	SC029	colon	normal tissue adjacent to neoplasm	colorectal cancer	
SC002	E-MTAB-8410	SAMEA6057408-GGTATTGAGTGGGATC	215	0.9917951457792703	SC029	colon	normal tissue adjacent to neoplasm	colorectal cancer	
SC002	E-MTAB-8410	SAMEA6057408-GTAACGTTCCTTTACA	124	0.995267898030835	SC029	colon	normal tissue adjacent to neoplasm	colorectal cancer	
SC002	E-MTAB-8410	SAMEA6057408-GTACTTTTCCACGTGG	154	0.9941230346511983	SC029	colon	normal tissue adjacent to neoplasm	colorectal cancer	
SC002	E-MTAB-8410	SAMEA6057408-GTAGGCCAGTAAGTAC	277	0.9894290947946879	SC029	colon	normal tissue adjacent to neoplasm	colorectal cancer	
SC002	E-MTAB-8410	SAMEA6057408-GTATTCTAGGCATGGT	153	0.9941611967638528	SC029	colon	normal tissue adjacent to neoplasm	colorectal cancer	
SC002	E-MTAB-8410	SAMEA6057408-GTATTCTTCGTCCAGG	190	0.9927491985956343	SC029	colon	normal tissue adjacent to neoplasm	colorectal cancer	
SC002	E-MTAB-8410	SAMEA6057408-GTTCGGGAGTCACGCC	287	0.9890474736681423	SC029	colon	normal tissue adjacent to neoplasm	colorectal cancer	
SC002	E-MTAB-8410	SAMEA6057408-TCAATCTAGTAGATGT	297	0.9886658525415967	SC029	colon	normal tissue adjacent to neoplasm	colorectal cancer	
SC002	E-MTAB-8410	SAMEA6057408-TCAGATGCAACTGCGC	251	0.9904213097237063	SC029	colon	normal tissue adjacent to neoplasm	colorectal cancer	
SC002	E-MTAB-8410	SAMEA6057408-TCGGGACTCTTTACAC	232	0.9911463898641428	SC029	colon	normal tissue adjacent to neoplasm	colorectal cancer	
SC002	E-MTAB-8410	SAMEA6057408-TCTGGAAGTAGCGTAG	247	0.9905739581743245	SC029	colon	normal tissue adjacent to neoplasm	colorectal cancer	
SC002	E-MTAB-8410	SAMEA6057408-TCTTCGGGTCCAAGTT	152	0.9941993588765075	SC029	colon	normal tissue adjacent to neoplasm	colorectal cancer	
SC002	E-MTAB-8410	SAMEA6057408-TCTTTCCTCATGCATG	263	0.9899633643718516	SC029	colon	normal tissue adjacent to neoplasm	colorectal cancer	
SC002	E-MTAB-8410	SAMEA6057408-TGACTTTTCGTGGTCG	215	0.9917951457792703	SC029	colon	normal tissue adjacent to neoplasm	colorectal cancer	
SC002	E-MTAB-8410	SAMEA6057408-TGGCCAGAGACTCGGA	244	0.9906884445122882	SC029	colon	normal tissue adjacent to neoplasm	colorectal cancer	
SC002	E-MTAB-8410	SAMEA6057408-TGGCTGGGTATTCGTG	173	0.9933979545107617	SC029	colon	normal tissue adjacent to neoplasm	colorectal cancer	
SC002	E-MTAB-8410	SAMEA6057408-TGTTCCGGTAACGTTC	63	0.997595786902763	SC029	colon	normal tissue adjacent to neoplasm	colorectal cancer	
SC002	E-MTAB-8410	SAMEA6057408-TTAGTTCTCATGGTCA	114	0.9956495191573805	SC029	colon	normal tissue adjacent to neoplasm	colorectal cancer	
SC002	E-MTAB-8410	SAMEA6057408-TTCTCAATCTCGTTTA	291	0.988894825217524	SC029	colon	normal tissue adjacent to neoplasm	colorectal cancer	
SC002	E-MTAB-8410	SAMEA6057408-TTGCGTCTCATGCAAC	225	0.9914135246527248	SC029	colon	normal tissue adjacent to neoplasm	colorectal cancer	
SC002	E-MTAB-8410	SAMEA6057408-TTTGCGCTCTGTCCGT	226	0.9913753625400702	SC029	colon	normal tissue adjacent to neoplasm	colorectal cancer	
SC002	E-MTAB-8410	SAMEA6057411-ATTACTCGTCGGCACT	210	0.9919859563425432	SC030 (KUL30)	ascending colon	normal tissue adjacent to neoplasm	colorectal cancer	
SC002	E-MTAB-8410	SAMEA6057411-CCTAGCTAGCGAGAAA	258	0.9901541749351244	SC030 (KUL30)	ascending colon	normal tissue adjacent to neoplasm	colorectal cancer	
SC002	E-MTAB-8410	SAMEA6057411-TCGCGAGGTGCTGTAT	273	0.989581743245306	SC030 (KUL30)	ascending colon	normal tissue adjacent to neoplasm	colorectal cancer	
SC002	E-MTAB-8410	SAMEA6057411-TGCGCAGAGTGTACTC	257	0.990192337047779	SC030 (KUL30)	ascending colon	normal tissue adjacent to neoplasm	colorectal cancer	
SC002	E-MTAB-8410	SAMEA6057413-TACACGATCTGGTATG	282	0.989238284231415	SC031 (KUL31)	sigmoid colon	tumour border	colorectal cancer	
SC002	E-MTAB-8410	SAMEA6057414-ACCGTAATCCAAAGTC	247	0.9905739581743245	SC031 (KUL31)	sigmoid colon	normal tissue adjacent to neoplasm	colorectal cancer	
SC002	E-MTAB-8410	SAMEA6057414-CTCGAGGGTCATATGC	260	0.9900778507098152	SC031 (KUL31)	sigmoid colon	normal tissue adjacent to neoplasm	colorectal cancer	
SC002	E-MTAB-8410	SAMEA6057414-GGCGACTTCTTAACCT	259	0.9901160128224699	SC031 (KUL31)	sigmoid colon	normal tissue adjacent to neoplasm	colorectal cancer	
SC002	E-MTAB-8410	SAMEA6057414-TTATGCTTCCCTCAGT	244	0.9906884445122882	SC031 (KUL31)	sigmoid colon	normal tissue adjacent to neoplasm	colorectal cancer	
SC002	E-MTAB-8410	SAMEA6057414-TTTGCGCCAATGCCAT	299	0.9885895283162875	SC031 (KUL31)	sigmoid colon	normal tissue adjacent to neoplasm	colorectal cancer	
SC002	E-MTAB-8410	SAMEA6057414-TTTGCGCTCAAACAAG	289	0.9889711494428332	SC031 (KUL31)	sigmoid colon	normal tissue adjacent to neoplasm	colorectal cancer	
