dataset_id	total_cells	min_genes_threshold	max_mitochondrial_fraction	cells_retained	cells_excluded	retention_percent
SC001	32341	200	0.05	31994	347	98.9271
SC001	32341	200	0.1	32249	92	99.7155
SC001	32341	200	0.15	32267	74	99.7712
SC001	32341	200	0.2	32275	66	99.7959
SC001	32341	300	0.05	31880	461	98.5746
SC001	32341	300	0.1	32135	206	99.363
SC001	32341	300	0.15	32152	189	99.4156
SC001	32341	300	0.2	32160	181	99.4403
SC001	32341	400	0.05	31615	726	97.7552
SC001	32341	400	0.1	31865	476	98.5282
SC001	32341	400	0.15	31882	459	98.5807
SC001	32341	400	0.2	31889	452	98.6024
SC001	32341	500	0.05	30666	1675	94.8208
SC001	32341	500	0.1	30903	1438	95.5536
SC001	32341	500	0.15	30916	1425	95.5938
SC001	32341	500	0.2	30923	1418	95.6155
SC002	52587	200	0.05	52087	500	99.0492
SC002	52587	200	0.1	52429	158	99.6995
SC002	52587	200	0.15	52489	98	99.8136
SC002	52587	200	0.2	52502	85	99.8384
SC002	52587	300	0.05	51823	764	98.5472
SC002	52587	300	0.1	52165	422	99.1975
SC002	52587	300	0.15	52223	364	99.3078
SC002	52587	300	0.2	52236	351	99.3325
SC002	52587	400	0.05	51305	1282	97.5621
SC002	52587	400	0.1	51639	948	98.1973
SC002	52587	400	0.15	51696	891	98.3057
SC002	52587	400	0.2	51708	879	98.3285
SC002	52587	500	0.05	49901	2686	94.8923
SC002	52587	500	0.1	50222	2365	95.5027
SC002	52587	500	0.15	50276	2311	95.6054
SC002	52587	500	0.2	50287	2300	95.6263
SC003	520	3000	0.05	488	32	93.8462
SC003	520	3000	0.1	515	5	99.0385
SC003	520	3000	0.15	518	2	99.6154
SC003	520	3000	0.2	519	1	99.8077
SC003	520	4000	0.05	488	32	93.8462
SC003	520	4000	0.1	515	5	99.0385
SC003	520	4000	0.15	517	3	99.4231
SC003	520	4000	0.2	518	2	99.6154
SC003	520	5000	0.05	486	34	93.4615
SC003	520	5000	0.1	512	8	98.4615
SC003	520	5000	0.15	514	6	98.8462
SC003	520	5000	0.2	515	5	99.0385
SC003	520	6000	0.05	486	34	93.4615
SC003	520	6000	0.1	510	10	98.0769
SC003	520	6000	0.15	512	8	98.4615
SC003	520	6000	0.2	513	7	98.6538
SC004	19880	500	0.05	19357	523	97.3692
SC004	19880	500	0.1	19868	12	99.9396
SC004	19880	500	0.15	19878	2	99.9899
SC004	19880	500	0.2	19878	2	99.9899
SC004	19880	750	0.05	19163	717	96.3934
SC004	19880	750	0.1	19635	245	98.7676
SC004	19880	750	0.15	19643	237	98.8078
SC004	19880	750	0.2	19643	237	98.8078
SC004	19880	1000	0.05	18826	1054	94.6982
SC004	19880	1000	0.1	19250	630	96.831
SC004	19880	1000	0.15	19256	624	96.8612
SC004	19880	1000	0.2	19256	624	96.8612
SC004	19880	1250	0.05	18355	1525	92.329
SC004	19880	1250	0.1	18737	1143	94.2505
SC004	19880	1250	0.15	18742	1138	94.2757
SC004	19880	1250	0.2	18742	1138	94.2757
