dataset_id	case_id	bulk_sample_count	cnv_sample_count	bulk_sample_ids	cnv_sample_ids	decision	chosen_bulk_sample	chosen_cnv_sample	reason
SC001	03d09c05-49ab-4ba6-a8d7-e7ccf71fafd2	0	0			UNRESOLVED			No BULK metadata rows found in detailed manifest
SC001	22302e92-fdfa-462a-9249-efdaa26ee5ed	0	0			UNRESOLVED			No BULK metadata rows found in detailed manifest
SC001	37884d39-64e8-4242-b6bd-4c0a1daa21cd	0	0			UNRESOLVED			No BULK metadata rows found in detailed manifest
SC001	4e7b2af4-b158-41a7-be22-bea227a759e6	0	0			UNRESOLVED			No BULK metadata rows found in detailed manifest
SC001	8ab8c4ba-311e-41d0-85ea-a0245aca1bdd	0	0			UNRESOLVED			No BULK metadata rows found in detailed manifest
SC001	df576520-a6b6-4c9b-8d06-3f59cc5342fd	0	0			UNRESOLVED			No BULK metadata rows found in detailed manifest
SC002	10881458-55b2-41d1-8358-4ee6ccb8ec85	0	0			UNRESOLVED			No BULK metadata rows found in detailed manifest
SC002	268c01b3-d2ce-44c0-a2fe-ea846a1253cc	0	0			UNRESOLVED			No BULK metadata rows found in detailed manifest
SC002	733d8b6a-ca9d-4a69-8c9c-1f88733e8b68	0	0			UNRESOLVED			No BULK metadata rows found in detailed manifest
SC002	80e677b1-5ebe-4069-a1a5-1538ffee6642	0	0			UNRESOLVED			No BULK metadata rows found in detailed manifest
SC002	b16bb717-d1cf-4237-a554-43f3995b82f2	0	0			UNRESOLVED			No BULK metadata rows found in detailed manifest
SC002	d7ebd11a-1339-4b28-be90-a788d2cfa706	0	0			UNRESOLVED			No BULK metadata rows found in detailed manifest
SC003	12d31787-e54d-4729-ace8-9141043c92b8	0	0			UNRESOLVED			No BULK metadata rows found in detailed manifest
SC003	16fc3677-0393-4ed1-ad3f-c8355f056369	0	0			UNRESOLVED			No BULK metadata rows found in detailed manifest
SC003	2779fa01-ac93-4e80-a997-3385f72172c3	0	0			UNRESOLVED			No BULK metadata rows found in detailed manifest
SC003	295cf595-4a29-46a3-a0c5-e5f08f947031	0	0			UNRESOLVED			No BULK metadata rows found in detailed manifest
SC003	602083f0-18d9-48b6-a529-31e165c54b37	0	0			UNRESOLVED			No BULK metadata rows found in detailed manifest
SC003	6e6408d6-6c48-4dfc-9f1c-28b7386e87b4	0	0			UNRESOLVED			No BULK metadata rows found in detailed manifest
SC003	6f0fd68f-ed6a-4c9e-be02-c97ba4950f76	0	0			UNRESOLVED			No BULK metadata rows found in detailed manifest
SC003	71626753-cc34-4731-abc0-ae188b0964e7	0	0			UNRESOLVED			No BULK metadata rows found in detailed manifest
SC003	76099beb-0abe-4b56-8b4e-e4485e0402e6	0	0			UNRESOLVED			No BULK metadata rows found in detailed manifest
SC003	7e1673f8-5758-4963-8804-d5e39f06205b	0	0			UNRESOLVED			No BULK metadata rows found in detailed manifest
SC003	95cef916-5545-455b-920c-773a54fc7676	0	0			UNRESOLVED			No BULK metadata rows found in detailed manifest
SC003	96312510-c126-485d-8109-ed81844a1dc3	0	0			UNRESOLVED			No BULK metadata rows found in detailed manifest
SC003	9e3de467-fb0d-4021-89f8-b34968a7c7bc	0	0			UNRESOLVED			No BULK metadata rows found in detailed manifest
SC003	9f93ea0a-1687-44e0-9e8a-eeb4097d471c	0	0			UNRESOLVED			No BULK metadata rows found in detailed manifest
SC003	a68a3361-48b4-4bd0-999d-b4cc3d43eb4a	0	0			UNRESOLVED			No BULK metadata rows found in detailed manifest
SC003	b304302a-f2b9-4cd7-ab14-c21edf7778ea	0	0			UNRESOLVED			No BULK metadata rows found in detailed manifest
SC003	c02699b5-580a-4d55-971e-f4692b2cce57	0	0			UNRESOLVED			No BULK metadata rows found in detailed manifest
SC003	c25898b4-eb33-42f4-bf3f-bf532a929e7d	0	0			UNRESOLVED			No BULK metadata rows found in detailed manifest
SC003	caa9b533-24b4-4ecd-9159-c165de049f6a	0	0			UNRESOLVED			No BULK metadata rows found in detailed manifest
SC003	e783e518-c1e5-4eac-8eaf-e2d65ccd9692	0	0			UNRESOLVED			No BULK metadata rows found in detailed manifest
SC003	e828455d-4680-41b2-8a1c-1582e3790d62	0	0			UNRESOLVED			No BULK metadata rows found in detailed manifest
SC003	ec0ab947-9341-4fff-bda4-fdfb9434d508	0	0			UNRESOLVED			No BULK metadata rows found in detailed manifest
SC004	60014a6e-6a13-4f92-bbfd-eeeee9632f98	0	0			UNRESOLVED			No BULK metadata rows found in detailed manifest
SC004	6a57948c-0dc5-4ea2-8043-380f26763752	0	0			UNRESOLVED			No BULK metadata rows found in detailed manifest
SC004	7fd6ab8a-201e-431d-a886-6ab553b6ca36	0	0			UNRESOLVED			No BULK metadata rows found in detailed manifest
SC004	91a17d40-c8cb-4cce-b306-966382a8fe4a	0	0			UNRESOLVED			No BULK metadata rows found in detailed manifest
SC004	d2c0d320-d1c5-4eed-af4f-15540e60db0b	0	0			UNRESOLVED			No BULK metadata rows found in detailed manifest
